Time,SC,SP,LC,LP,Credit,IC_Debit,TP10,TP10_reason,TP10_exit_time,TP15,TP15_reason,TP15_exit_time,TP20,TP20_reason,TP20_exit_time,TP25,TP25_reason,TP25_exit_time,TP30,TP30_reason,TP30_exit_time,TP35,TP35_reason,TP35_exit_time,TP40,TP40_reason,TP40_exit_time,TP45,TP45_reason,TP45_exit_time,TP50,TP50_reason,TP50_exit_time
10:00,1.02,1.12,0.12,0.28,1.75,1.75,0,sl,10:31,0,sl,10:31,0,sl,10:31,0,sl,10:31,0,sl,10:31,0,sl,10:31,0,sl,10:31,0,sl,10:31,0,sl,10:31
10:01,1.05,1.17,0.12,0.28,1.75,1.82,0,sl,10:31,0,sl,10:31,0,sl,10:31,0,sl,10:31,0,sl,10:31,0,sl,10:31,0,sl,10:31,0,sl,10:31,0,sl,10:31
10:02,0.97,1.27,0.12,0.28,1.75,1.85,0,sl,10:31,0,sl,10:31,0,sl,10:31,0,sl,10:31,0,sl,10:31,0,sl,10:31,0,sl,10:31,0,sl,10:31,0,sl,10:31
10:03,0.93,1.45,0.12,0.30,1.75,1.95,0,sl,10:31,0,sl,10:31,0,sl,10:31,0,sl,10:31,0,sl,10:31,0,sl,10:31,0,sl,10:31,0,sl,10:31,0,sl,10:31
10:04,0.93,1.70,0.12,0.32,1.75,2.17,0,sl,10:31,0,sl,10:31,0,sl,10:31,0,sl,10:31,0,sl,10:31,0,sl,10:31,0,sl,10:31,0,sl,10:31,0,sl,10:31
10:05,0.95,2.48,0.12,0.47,1.75,2.82,0,sl,10:31,0,sl,10:31,0,sl,10:31,0,sl,10:31,0,sl,10:31,0,sl,10:31,0,sl,10:31,0,sl,10:31,0,sl,10:31
10:06,0.97,1.55,0.12,0.28,1.75,2.12,0,sl,10:31,0,sl,10:31,0,sl,10:31,0,sl,10:31,0,sl,10:31,0,sl,10:31,0,sl,10:31,0,sl,10:31,0,sl,10:31
10:07,0.93,1.65,0.12,0.28,1.75,2.18,0,sl,10:31,0,sl,10:31,0,sl,10:31,0,sl,10:31,0,sl,10:31,0,sl,10:31,0,sl,10:31,0,sl,10:31,0,sl,10:31
10:08,0.97,1.65,0.12,0.28,1.75,2.23,0,sl,10:31,0,sl,10:31,0,sl,10:31,0,sl,10:31,0,sl,10:31,0,sl,10:31,0,sl,10:31,0,sl,10:31,0,sl,10:31
10:09,1.00,1.75,0.12,0.32,1.75,2.30,0,sl,10:31,0,sl,10:31,0,sl,10:31,0,sl,10:31,0,sl,10:31,0,sl,10:31,0,sl,10:31,0,sl,10:31,0,sl,10:31
10:10,1.02,1.55,0.12,0.28,1.75,2.18,0,sl,10:31,0,sl,10:31,0,sl,10:31,0,sl,10:31,0,sl,10:31,0,sl,10:31,0,sl,10:31,0,sl,10:31,0,sl,10:31
10:11,0.93,1.70,0.12,0.30,1.75,2.20,0,sl,10:31,0,sl,10:31,0,sl,10:31,0,sl,10:31,0,sl,10:31,0,sl,10:31,0,sl,10:31,0,sl,10:31,0,sl,10:31
10:12,0.90,2.00,0.12,0.35,1.75,2.42,0,sl,10:31,0,sl,10:31,0,sl,10:31,0,sl,10:31,0,sl,10:31,0,sl,10:31,0,sl,10:31,0,sl,10:31,0,sl,10:31
10:13,0.93,1.85,0.12,0.32,1.75,2.33,0,sl,10:31,0,sl,10:31,0,sl,10:31,0,sl,10:31,0,sl,10:31,0,sl,10:31,0,sl,10:31,0,sl,10:31,0,sl,10:31
10:14,0.97,1.67,0.12,0.30,1.75,2.23,0,sl,10:31,0,sl,10:31,0,sl,10:31,0,sl,10:31,0,sl,10:31,0,sl,10:31,0,sl,10:31,0,sl,10:31,0,sl,10:31
10:15,0.88,1.88,0.12,0.32,1.75,2.30,0,sl,10:31,0,sl,10:31,0,sl,10:31,0,sl,10:31,0,sl,10:31,0,sl,10:31,0,sl,10:31,0,sl,10:31,0,sl,10:31
10:16,0.93,1.75,0.12,0.30,1.75,2.25,0,sl,10:31,0,sl,10:31,0,sl,10:31,0,sl,10:31,0,sl,10:31,0,sl,10:31,0,sl,10:31,0,sl,10:31,0,sl,10:31
10:17,0.97,1.65,0.12,0.28,1.75,2.23,0,sl,10:31,0,sl,10:31,0,sl,10:31,0,sl,10:31,0,sl,10:31,0,sl,10:31,0,sl,10:31,0,sl,10:31,0,sl,10:31
10:18,0.95,1.70,0.12,0.30,1.75,2.23,0,sl,10:31,0,sl,10:31,0,sl,10:31,0,sl,10:31,0,sl,10:31,0,sl,10:31,0,sl,10:31,0,sl,10:31,0,sl,10:31
10:19,0.85,1.77,0.12,0.30,1.75,2.20,0,sl,10:31,0,sl,10:31,0,sl,10:31,0,sl,10:31,0,sl,10:31,0,sl,10:31,0,sl,10:31,0,sl,10:31,0,sl,10:31
10:20,0.85,1.73,0.12,0.30,1.75,2.15,0,sl,10:31,0,sl,10:31,0,sl,10:31,0,sl,10:31,0,sl,10:31,0,sl,10:31,0,sl,10:31,0,sl,10:31,0,sl,10:31
10:21,0.88,1.62,0.12,0.28,1.75,2.10,0,sl,10:31,0,sl,10:31,0,sl,10:31,0,sl,10:31,0,sl,10:31,0,sl,10:31,0,sl,10:31,0,sl,10:31,0,sl,10:31
10:22,0.93,1.48,0.12,0.25,1.75,2.03,0,sl,10:31,0,sl,10:31,0,sl,10:31,0,sl,10:31,0,sl,10:31,0,sl,10:31,0,sl,10:31,0,sl,10:31,0,sl,10:31
10:23,0.82,1.60,0.12,0.28,1.75,2.02,0,sl,10:31,0,sl,10:31,0,sl,10:31,0,sl,10:31,0,sl,10:31,0,sl,10:31,0,sl,10:31,0,sl,10:31,0,sl,10:31
10:24,0.82,1.52,0.12,0.25,1.75,1.97,0,sl,10:31,0,sl,10:31,0,sl,10:31,0,sl,10:31,0,sl,10:31,0,sl,10:31,0,sl,10:31,0,sl,10:31,0,sl,10:31
10:25,0.72,1.67,0.10,0.28,1.75,2.02,0,sl,10:31,0,sl,10:31,0,sl,10:31,0,sl,10:31,0,sl,10:31,0,sl,10:31,0,sl,10:31,0,sl,10:31,0,sl,10:31
10:26,0.55,2.73,0.08,0.43,1.75,2.78,0,sl,10:31,0,sl,10:31,0,sl,10:31,0,sl,10:31,0,sl,10:31,0,sl,10:31,0,sl,10:31,0,sl,10:31,0,sl,10:31
10:27,0.43,3.05,0.08,0.47,1.75,2.92,0,sl,10:31,0,sl,10:31,0,sl,10:31,0,sl,10:31,0,sl,10:31,0,sl,10:31,0,sl,10:31,0,sl,10:31,0,sl,10:31
10:28,0.43,2.75,0.08,0.43,1.75,2.67,0,sl,10:31,0,sl,10:31,0,sl,10:31,0,sl,10:31,0,sl,10:31,0,sl,10:31,0,sl,10:31,0,sl,10:31,0,sl,10:31
10:29,0.38,3.35,0.08,0.53,1.75,3.12,0,sl,10:31,0,sl,10:31,0,sl,10:31,0,sl,10:31,0,sl,10:31,0,sl,10:31,0,sl,10:31,0,sl,10:31,0,sl,10:31
10:30,0.35,2.85,0.08,0.43,1.75,2.70,0,sl,10:31,0,sl,10:31,0,sl,10:31,0,sl,10:31,0,sl,10:31,0,sl,10:31,0,sl,10:31,0,sl,10:31,0,sl,10:31
10:31,0.32,4.70,0.08,0.80,1.75,4.15,0,sl,10:31,0,sl,10:31,0,sl,10:31,0,sl,10:31,0,sl,10:31,0,sl,10:31,0,sl,10:31,0,sl,10:31,0,sl,10:31
10:32,0.32,3.95,0.08,0.62,1.75,3.58,0,sl,10:31,0,sl,10:31,0,sl,10:31,0,sl,10:31,0,sl,10:31,0,sl,10:31,0,sl,10:31,0,sl,10:31,0,sl,10:31
10:33,0.32,3.85,0.08,0.57,1.75,3.52,0,sl,10:31,0,sl,10:31,0,sl,10:31,0,sl,10:31,0,sl,10:31,0,sl,10:31,0,sl,10:31,0,sl,10:31,0,sl,10:31
10:34,0.32,3.50,0.08,0.50,1.75,3.25,0,sl,10:31,0,sl,10:31,0,sl,10:31,0,sl,10:31,0,sl,10:31,0,sl,10:31,0,sl,10:31,0,sl,10:31,0,sl,10:31
10:35,0.32,4.05,0.08,0.60,1.75,3.70,0,sl,10:31,0,sl,10:31,0,sl,10:31,0,sl,10:31,0,sl,10:31,0,sl,10:31,0,sl,10:31,0,sl,10:31,0,sl,10:31
10:36,0.32,3.85,0.08,0.55,1.75,3.55,0,sl,10:31,0,sl,10:31,0,sl,10:31,0,sl,10:31,0,sl,10:31,0,sl,10:31,0,sl,10:31,0,sl,10:31,0,sl,10:31
10:37,0.32,3.30,0.08,0.47,1.75,3.08,0,sl,10:31,0,sl,10:31,0,sl,10:31,0,sl,10:31,0,sl,10:31,0,sl,10:31,0,sl,10:31,0,sl,10:31,0,sl,10:31
10:38,0.32,3.20,0.08,0.45,1.75,3.00,0,sl,10:31,0,sl,10:31,0,sl,10:31,0,sl,10:31,0,sl,10:31,0,sl,10:31,0,sl,10:31,0,sl,10:31,0,sl,10:31
10:39,0.32,3.35,0.08,0.47,1.75,3.12,0,sl,10:31,0,sl,10:31,0,sl,10:31,0,sl,10:31,0,sl,10:31,0,sl,10:31,0,sl,10:31,0,sl,10:31,0,sl,10:31
10:40,0.32,3.15,0.08,0.43,1.75,2.98,0,sl,10:31,0,sl,10:31,0,sl,10:31,0,sl,10:31,0,sl,10:31,0,sl,10:31,0,sl,10:31,0,sl,10:31,0,sl,10:31
10:41,0.35,2.77,0.08,0.38,1.75,2.67,0,sl,10:31,0,sl,10:31,0,sl,10:31,0,sl,10:31,0,sl,10:31,0,sl,10:31,0,sl,10:31,0,sl,10:31,0,sl,10:31
10:42,0.35,2.67,0.08,0.38,1.75,2.57,0,sl,10:31,0,sl,10:31,0,sl,10:31,0,sl,10:31,0,sl,10:31,0,sl,10:31,0,sl,10:31,0,sl,10:31,0,sl,10:31
10:43,0.35,2.23,0.08,0.28,1.75,2.23,0,sl,10:31,0,sl,10:31,0,sl,10:31,0,sl,10:31,0,sl,10:31,0,sl,10:31,0,sl,10:31,0,sl,10:31,0,sl,10:31
10:44,0.35,2.42,0.08,0.32,1.75,2.38,0,sl,10:31,0,sl,10:31,0,sl,10:31,0,sl,10:31,0,sl,10:31,0,sl,10:31,0,sl,10:31,0,sl,10:31,0,sl,10:31
10:45,0.35,2.15,0.08,0.28,1.75,2.15,0,sl,10:31,0,sl,10:31,0,sl,10:31,0,sl,10:31,0,sl,10:31,0,sl,10:31,0,sl,10:31,0,sl,10:31,0,sl,10:31
10:46,0.38,2.17,0.08,0.28,1.75,2.20,0,sl,10:31,0,sl,10:31,0,sl,10:31,0,sl,10:31,0,sl,10:31,0,sl,10:31,0,sl,10:31,0,sl,10:31,0,sl,10:31
10:47,0.32,2.40,0.08,0.32,1.75,2.33,0,sl,10:31,0,sl,10:31,0,sl,10:31,0,sl,10:31,0,sl,10:31,0,sl,10:31,0,sl,10:31,0,sl,10:31,0,sl,10:31
10:48,0.32,2.58,0.08,0.32,1.75,2.50,0,sl,10:31,0,sl,10:31,0,sl,10:31,0,sl,10:31,0,sl,10:31,0,sl,10:31,0,sl,10:31,0,sl,10:31,0,sl,10:31
10:49,0.32,2.48,0.08,0.32,1.75,2.40,0,sl,10:31,0,sl,10:31,0,sl,10:31,0,sl,10:31,0,sl,10:31,0,sl,10:31,0,sl,10:31,0,sl,10:31,0,sl,10:31
10:50,0.28,2.77,0.08,0.38,1.75,2.60,0,sl,10:31,0,sl,10:31,0,sl,10:31,0,sl,10:31,0,sl,10:31,0,sl,10:31,0,sl,10:31,0,sl,10:31,0,sl,10:31
10:51,0.28,3.35,0.08,0.40,1.75,3.15,0,sl,10:31,0,sl,10:31,0,sl,10:31,0,sl,10:31,0,sl,10:31,0,sl,10:31,0,sl,10:31,0,sl,10:31,0,sl,10:31
10:52,0.28,2.50,0.08,0.30,1.75,2.40,0,sl,10:31,0,sl,10:31,0,sl,10:31,0,sl,10:31,0,sl,10:31,0,sl,10:31,0,sl,10:31,0,sl,10:31,0,sl,10:31
10:53,0.30,2.48,0.08,0.30,1.75,2.40,0,sl,10:31,0,sl,10:31,0,sl,10:31,0,sl,10:31,0,sl,10:31,0,sl,10:31,0,sl,10:31,0,sl,10:31,0,sl,10:31
10:54,0.28,3.15,0.08,0.40,1.75,2.95,0,sl,10:31,0,sl,10:31,0,sl,10:31,0,sl,10:31,0,sl,10:31,0,sl,10:31,0,sl,10:31,0,sl,10:31,0,sl,10:31
10:55,0.28,2.85,0.08,0.35,1.75,2.70,0,sl,10:31,0,sl,10:31,0,sl,10:31,0,sl,10:31,0,sl,10:31,0,sl,10:31,0,sl,10:31,0,sl,10:31,0,sl,10:31
10:56,0.23,3.20,0.08,0.40,1.75,2.95,0,sl,10:31,0,sl,10:31,0,sl,10:31,0,sl,10:31,0,sl,10:31,0,sl,10:31,0,sl,10:31,0,sl,10:31,0,sl,10:31
10:57,0.28,2.85,0.08,0.35,1.75,2.70,0,sl,10:31,0,sl,10:31,0,sl,10:31,0,sl,10:31,0,sl,10:31,0,sl,10:31,0,sl,10:31,0,sl,10:31,0,sl,10:31
10:58,0.28,2.70,0.08,0.32,1.75,2.58,0,sl,10:31,0,sl,10:31,0,sl,10:31,0,sl,10:31,0,sl,10:31,0,sl,10:31,0,sl,10:31,0,sl,10:31,0,sl,10:31
10:59,0.28,2.83,0.08,0.35,1.75,2.68,0,sl,10:31,0,sl,10:31,0,sl,10:31,0,sl,10:31,0,sl,10:31,0,sl,10:31,0,sl,10:31,0,sl,10:31,0,sl,10:31
11:00,0.28,2.80,0.08,0.35,1.75,2.65,0,sl,10:31,0,sl,10:31,0,sl,10:31,0,sl,10:31,0,sl,10:31,0,sl,10:31,0,sl,10:31,0,sl,10:31,0,sl,10:31
11:01,0.30,2.12,0.08,0.28,1.75,2.07,0,sl,10:31,0,sl,10:31,0,sl,10:31,0,sl,10:31,0,sl,10:31,0,sl,10:31,0,sl,10:31,0,sl,10:31,0,sl,10:31
11:02,0.28,2.35,0.08,0.28,1.75,2.27,0,sl,10:31,0,sl,10:31,0,sl,10:31,0,sl,10:31,0,sl,10:31,0,sl,10:31,0,sl,10:31,0,sl,10:31,0,sl,10:31
11:03,0.30,2.15,0.08,0.28,1.75,2.10,0,sl,10:31,0,sl,10:31,0,sl,10:31,0,sl,10:31,0,sl,10:31,0,sl,10:31,0,sl,10:31,0,sl,10:31,0,sl,10:31
11:04,0.28,2.40,0.08,0.28,1.75,2.33,0,sl,10:31,0,sl,10:31,0,sl,10:31,0,sl,10:31,0,sl,10:31,0,sl,10:31,0,sl,10:31,0,sl,10:31,0,sl,10:31
11:05,0.28,2.58,0.08,0.32,1.75,2.45,0,sl,10:31,0,sl,10:31,0,sl,10:31,0,sl,10:31,0,sl,10:31,0,sl,10:31,0,sl,10:31,0,sl,10:31,0,sl,10:31
11:06,0.28,2.25,0.08,0.28,1.75,2.17,0,sl,10:31,0,sl,10:31,0,sl,10:31,0,sl,10:31,0,sl,10:31,0,sl,10:31,0,sl,10:31,0,sl,10:31,0,sl,10:31
11:07,0.30,2.05,0.08,0.28,1.75,2.00,0,sl,10:31,0,sl,10:31,0,sl,10:31,0,sl,10:31,0,sl,10:31,0,sl,10:31,0,sl,10:31,0,sl,10:31,0,sl,10:31
11:08,0.28,2.42,0.08,0.30,1.75,2.32,0,sl,10:31,0,sl,10:31,0,sl,10:31,0,sl,10:31,0,sl,10:31,0,sl,10:31,0,sl,10:31,0,sl,10:31,0,sl,10:31
11:09,0.23,2.92,0.08,0.35,1.75,2.73,0,sl,10:31,0,sl,10:31,0,sl,10:31,0,sl,10:31,0,sl,10:31,0,sl,10:31,0,sl,10:31,0,sl,10:31,0,sl,10:31
11:10,0.25,2.65,0.08,0.32,1.75,2.50,0,sl,10:31,0,sl,10:31,0,sl,10:31,0,sl,10:31,0,sl,10:31,0,sl,10:31,0,sl,10:31,0,sl,10:31,0,sl,10:31
11:11,0.23,3.20,0.08,0.38,1.75,2.98,0,sl,10:31,0,sl,10:31,0,sl,10:31,0,sl,10:31,0,sl,10:31,0,sl,10:31,0,sl,10:31,0,sl,10:31,0,sl,10:31
11:12,0.25,2.17,0.05,0.28,1.75,2.10,0,sl,10:31,0,sl,10:31,0,sl,10:31,0,sl,10:31,0,sl,10:31,0,sl,10:31,0,sl,10:31,0,sl,10:31,0,sl,10:31
11:13,0.25,2.50,0.03,0.30,1.75,2.42,0,sl,10:31,0,sl,10:31,0,sl,10:31,0,sl,10:31,0,sl,10:31,0,sl,10:31,0,sl,10:31,0,sl,10:31,0,sl,10:31
11:14,0.25,2.52,0.03,0.28,1.75,2.47,0,sl,10:31,0,sl,10:31,0,sl,10:31,0,sl,10:31,0,sl,10:31,0,sl,10:31,0,sl,10:31,0,sl,10:31,0,sl,10:31
11:15,0.23,2.65,0.05,0.30,1.75,2.53,0,sl,10:31,0,sl,10:31,0,sl,10:31,0,sl,10:31,0,sl,10:31,0,sl,10:31,0,sl,10:31,0,sl,10:31,0,sl,10:31
11:16,0.23,2.88,0.03,0.32,1.75,2.75,0,sl,10:31,0,sl,10:31,0,sl,10:31,0,sl,10:31,0,sl,10:31,0,sl,10:31,0,sl,10:31,0,sl,10:31,0,sl,10:31
11:17,0.23,2.52,0.03,0.28,1.75,2.45,0,sl,10:31,0,sl,10:31,0,sl,10:31,0,sl,10:31,0,sl,10:31,0,sl,10:31,0,sl,10:31,0,sl,10:31,0,sl,10:31
11:18,0.28,2.27,0.03,0.28,1.75,2.25,0,sl,10:31,0,sl,10:31,0,sl,10:31,0,sl,10:31,0,sl,10:31,0,sl,10:31,0,sl,10:31,0,sl,10:31,0,sl,10:31
11:19,0.23,2.75,0.03,0.28,1.75,2.67,0,sl,10:31,0,sl,10:31,0,sl,10:31,0,sl,10:31,0,sl,10:31,0,sl,10:31,0,sl,10:31,0,sl,10:31,0,sl,10:31
11:20,0.23,2.60,0.03,0.28,1.75,2.52,0,sl,10:31,0,sl,10:31,0,sl,10:31,0,sl,10:31,0,sl,10:31,0,sl,10:31,0,sl,10:31,0,sl,10:31,0,sl,10:31
11:21,0.23,2.70,0.03,0.28,1.75,2.62,0,sl,10:31,0,sl,10:31,0,sl,10:31,0,sl,10:31,0,sl,10:31,0,sl,10:31,0,sl,10:31,0,sl,10:31,0,sl,10:31
11:22,0.23,2.75,0.03,0.30,1.75,2.65,0,sl,10:31,0,sl,10:31,0,sl,10:31,0,sl,10:31,0,sl,10:31,0,sl,10:31,0,sl,10:31,0,sl,10:31,0,sl,10:31
11:23,0.23,3.10,0.03,0.32,1.75,2.98,0,sl,10:31,0,sl,10:31,0,sl,10:31,0,sl,10:31,0,sl,10:31,0,sl,10:31,0,sl,10:31,0,sl,10:31,0,sl,10:31
11:24,0.20,2.92,0.03,0.32,1.75,2.77,0,sl,10:31,0,sl,10:31,0,sl,10:31,0,sl,10:31,0,sl,10:31,0,sl,10:31,0,sl,10:31,0,sl,10:31,0,sl,10:31
11:25,0.17,3.15,0.03,0.35,1.75,2.95,0,sl,10:31,0,sl,10:31,0,sl,10:31,0,sl,10:31,0,sl,10:31,0,sl,10:31,0,sl,10:31,0,sl,10:31,0,sl,10:31
11:26,0.20,2.80,0.03,0.30,1.75,2.67,0,sl,10:31,0,sl,10:31,0,sl,10:31,0,sl,10:31,0,sl,10:31,0,sl,10:31,0,sl,10:31,0,sl,10:31,0,sl,10:31
11:27,0.20,2.85,0.03,0.30,1.75,2.72,0,sl,10:31,0,sl,10:31,0,sl,10:31,0,sl,10:31,0,sl,10:31,0,sl,10:31,0,sl,10:31,0,sl,10:31,0,sl,10:31
11:28,0.23,2.38,0.03,0.25,1.75,2.33,0,sl,10:31,0,sl,10:31,0,sl,10:31,0,sl,10:31,0,sl,10:31,0,sl,10:31,0,sl,10:31,0,sl,10:31,0,sl,10:31
11:29,0.23,2.45,0.08,0.28,1.75,2.33,0,sl,10:31,0,sl,10:31,0,sl,10:31,0,sl,10:31,0,sl,10:31,0,sl,10:31,0,sl,10:31,0,sl,10:31,0,sl,10:31
11:30,0.23,2.05,0.03,0.25,1.75,2.00,0,sl,10:31,0,sl,10:31,0,sl,10:31,0,sl,10:31,0,sl,10:31,0,sl,10:31,0,sl,10:31,0,sl,10:31,0,sl,10:31
11:31,0.23,1.88,0.08,0.23,1.75,1.80,0,sl,10:31,0,sl,10:31,0,sl,10:31,0,sl,10:31,0,sl,10:31,0,sl,10:31,0,sl,10:31,0,sl,10:31,0,sl,10:31
11:32,0.25,1.70,0.05,0.17,1.75,1.73,0,sl,10:31,0,sl,10:31,0,sl,10:31,0,sl,10:31,0,sl,10:31,0,sl,10:31,0,sl,10:31,0,sl,10:31,0,sl,10:31
11:33,0.25,1.73,0.05,0.20,1.75,1.73,0,sl,10:31,0,sl,10:31,0,sl,10:31,0,sl,10:31,0,sl,10:31,0,sl,10:31,0,sl,10:31,0,sl,10:31,0,sl,10:31
11:34,0.25,1.65,0.05,0.20,1.75,1.65,0,sl,10:31,0,sl,10:31,0,sl,10:31,0,sl,10:31,0,sl,10:31,0,sl,10:31,0,sl,10:31,0,sl,10:31,0,sl,10:31
11:35,0.23,1.83,0.08,0.23,1.75,1.75,0,sl,10:31,0,sl,10:31,0,sl,10:31,0,sl,10:31,0,sl,10:31,0,sl,10:31,0,sl,10:31,0,sl,10:31,0,sl,10:31
11:36,0.28,1.65,0.08,0.17,1.75,1.67,0,sl,10:31,0,sl,10:31,0,sl,10:31,0,sl,10:31,0,sl,10:31,0,sl,10:31,0,sl,10:31,0,sl,10:31,0,sl,10:31
11:37,0.28,1.52,0.08,0.17,1.75,1.55,0,sl,10:31,0,sl,10:31,0,sl,10:31,0,sl,10:31,0,sl,10:31,0,sl,10:31,0,sl,10:31,0,sl,10:31,0,sl,10:31
11:38,0.23,1.80,0.08,0.17,1.75,1.77,0,sl,10:31,0,sl,10:31,0,sl,10:31,0,sl,10:31,0,sl,10:31,0,sl,10:31,0,sl,10:31,0,sl,10:31,0,sl,10:31
11:39,0.23,2.15,0.08,0.23,1.75,2.08,0,sl,10:31,0,sl,10:31,0,sl,10:31,0,sl,10:31,0,sl,10:31,0,sl,10:31,0,sl,10:31,0,sl,10:31,0,sl,10:31
11:40,0.17,3.70,0.03,0.40,1.75,3.45,0,sl,10:31,0,sl,10:31,0,sl,10:31,0,sl,10:31,0,sl,10:31,0,sl,10:31,0,sl,10:31,0,sl,10:31,0,sl,10:31
11:41,0.17,3.35,0.03,0.35,1.75,3.15,0,sl,10:31,0,sl,10:31,0,sl,10:31,0,sl,10:31,0,sl,10:31,0,sl,10:31,0,sl,10:31,0,sl,10:31,0,sl,10:31
11:42,0.17,2.33,0.03,0.23,1.75,2.25,0,sl,10:31,0,sl,10:31,0,sl,10:31,0,sl,10:31,0,sl,10:31,0,sl,10:31,0,sl,10:31,0,sl,10:31,0,sl,10:31
11:43,0.20,2.15,0.03,0.23,1.75,2.10,0,sl,10:31,0,sl,10:31,0,sl,10:31,0,sl,10:31,0,sl,10:31,0,sl,10:31,0,sl,10:31,0,sl,10:31,0,sl,10:31
11:44,0.20,2.40,0.03,0.23,1.75,2.35,0,sl,10:31,0,sl,10:31,0,sl,10:31,0,sl,10:31,0,sl,10:31,0,sl,10:31,0,sl,10:31,0,sl,10:31,0,sl,10:31
11:45,0.20,2.35,0.08,0.23,1.75,2.25,0,sl,10:31,0,sl,10:31,0,sl,10:31,0,sl,10:31,0,sl,10:31,0,sl,10:31,0,sl,10:31,0,sl,10:31,0,sl,10:31
11:46,0.17,2.58,0.03,0.23,1.75,2.50,0,sl,10:31,0,sl,10:31,0,sl,10:31,0,sl,10:31,0,sl,10:31,0,sl,10:31,0,sl,10:31,0,sl,10:31,0,sl,10:31
11:47,0.17,2.42,0.03,0.23,1.75,2.35,0,sl,10:31,0,sl,10:31,0,sl,10:31,0,sl,10:31,0,sl,10:31,0,sl,10:31,0,sl,10:31,0,sl,10:31,0,sl,10:31
11:48,0.17,2.50,0.03,0.23,1.75,2.42,0,sl,10:31,0,sl,10:31,0,sl,10:31,0,sl,10:31,0,sl,10:31,0,sl,10:31,0,sl,10:31,0,sl,10:31,0,sl,10:31
11:49,0.17,2.05,0.05,0.17,1.75,2.00,0,sl,10:31,0,sl,10:31,0,sl,10:31,0,sl,10:31,0,sl,10:31,0,sl,10:31,0,sl,10:31,0,sl,10:31,0,sl,10:31
11:50,0.20,2.02,0.05,0.17,1.75,2.00,0,sl,10:31,0,sl,10:31,0,sl,10:31,0,sl,10:31,0,sl,10:31,0,sl,10:31,0,sl,10:31,0,sl,10:31,0,sl,10:31
11:51,0.17,2.30,0.05,0.23,1.75,2.20,0,sl,10:31,0,sl,10:31,0,sl,10:31,0,sl,10:31,0,sl,10:31,0,sl,10:31,0,sl,10:31,0,sl,10:31,0,sl,10:31
11:52,0.17,2.33,0.05,0.23,1.75,2.23,0,sl,10:31,0,sl,10:31,0,sl,10:31,0,sl,10:31,0,sl,10:31,0,sl,10:31,0,sl,10:31,0,sl,10:31,0,sl,10:31
11:53,0.17,2.50,0.03,0.23,1.75,2.42,0,sl,10:31,0,sl,10:31,0,sl,10:31,0,sl,10:31,0,sl,10:31,0,sl,10:31,0,sl,10:31,0,sl,10:31,0,sl,10:31
11:54,0.17,2.35,0.03,0.23,1.75,2.27,0,sl,10:31,0,sl,10:31,0,sl,10:31,0,sl,10:31,0,sl,10:31,0,sl,10:31,0,sl,10:31,0,sl,10:31,0,sl,10:31
11:55,0.17,2.05,0.05,0.17,1.75,2.00,0,sl,10:31,0,sl,10:31,0,sl,10:31,0,sl,10:31,0,sl,10:31,0,sl,10:31,0,sl,10:31,0,sl,10:31,0,sl,10:31
11:56,0.17,2.27,0.05,0.23,1.75,2.17,0,sl,10:31,0,sl,10:31,0,sl,10:31,0,sl,10:31,0,sl,10:31,0,sl,10:31,0,sl,10:31,0,sl,10:31,0,sl,10:31
11:57,0.17,2.15,0.05,0.20,1.75,2.08,0,sl,10:31,0,sl,10:31,0,sl,10:31,0,sl,10:31,0,sl,10:31,0,sl,10:31,0,sl,10:31,0,sl,10:31,0,sl,10:31
11:58,0.17,2.45,0.05,0.23,1.75,2.35,0,sl,10:31,0,sl,10:31,0,sl,10:31,0,sl,10:31,0,sl,10:31,0,sl,10:31,0,sl,10:31,0,sl,10:31,0,sl,10:31
11:59,0.17,2.15,0.05,0.23,1.75,2.05,0,sl,10:31,0,sl,10:31,0,sl,10:31,0,sl,10:31,0,sl,10:31,0,sl,10:31,0,sl,10:31,0,sl,10:31,0,sl,10:31
12:00,0.17,2.15,0.05,0.23,1.75,2.05,0,sl,10:31,0,sl,10:31,0,sl,10:31,0,sl,10:31,0,sl,10:31,0,sl,10:31,0,sl,10:31,0,sl,10:31,0,sl,10:31
12:01,0.17,2.23,0.05,0.17,1.75,2.17,0,sl,10:31,0,sl,10:31,0,sl,10:31,0,sl,10:31,0,sl,10:31,0,sl,10:31,0,sl,10:31,0,sl,10:31,0,sl,10:31
12:02,0.17,1.55,0.05,0.17,1.75,1.50,0,sl,10:31,0,sl,10:31,0,sl,10:31,0,sl,10:31,0,sl,10:31,0,sl,10:31,0,sl,10:31,0,sl,10:31,0,sl,10:31
12:03,0.20,1.58,0.05,0.17,1.75,1.55,0,sl,10:31,0,sl,10:31,0,sl,10:31,0,sl,10:31,0,sl,10:31,0,sl,10:31,0,sl,10:31,0,sl,10:31,0,sl,10:31
12:04,0.17,1.62,0.03,0.17,1.75,1.60,0,sl,10:31,0,sl,10:31,0,sl,10:31,0,sl,10:31,0,sl,10:31,0,sl,10:31,0,sl,10:31,0,sl,10:31,0,sl,10:31
12:05,0.17,1.60,0.05,0.17,1.75,1.55,0,sl,10:31,0,sl,10:31,0,sl,10:31,0,sl,10:31,0,sl,10:31,0,sl,10:31,0,sl,10:31,0,sl,10:31,0,sl,10:31
12:06,0.20,1.52,0.08,0.17,1.75,1.47,0,sl,10:31,0,sl,10:31,0,sl,10:31,0,sl,10:31,0,sl,10:31,0,sl,10:31,0,sl,10:31,0,sl,10:31,0,sl,10:31
12:07,0.17,1.45,0.08,0.17,1.75,1.38,0,sl,10:31,0,sl,10:31,0,sl,10:31,0,sl,10:31,0,sl,10:31,0,sl,10:31,0,sl,10:31,0,sl,10:31,0,sl,10:31
12:08,0.17,1.48,0.05,0.17,1.75,1.43,0,sl,10:31,0,sl,10:31,0,sl,10:31,0,sl,10:31,0,sl,10:31,0,sl,10:31,0,sl,10:31,0,sl,10:31,0,sl,10:31
12:09,0.20,1.30,0.05,0.17,1.75,1.27,0,sl,10:31,0,sl,10:31,0,sl,10:31,0,sl,10:31,0,sl,10:31,0,sl,10:31,0,sl,10:31,0,sl,10:31,0,sl,10:31
12:10,0.20,1.17,0.05,0.15,1.75,1.17,0,sl,10:31,0,sl,10:31,0,sl,10:31,0,sl,10:31,0,sl,10:31,0,sl,10:31,0,sl,10:31,0,sl,10:31,0,sl,10:31
12:11,0.17,1.17,0.05,0.15,1.75,1.15,0,sl,10:31,0,sl,10:31,0,sl,10:31,0,sl,10:31,0,sl,10:31,0,sl,10:31,0,sl,10:31,0,sl,10:31,0,sl,10:31
12:12,0.23,0.93,0.05,0.12,1.75,0.98,0,sl,10:31,0,sl,10:31,0,sl,10:31,0,sl,10:31,0,sl,10:31,0,sl,10:31,0,sl,10:31,0,sl,10:31,0,sl,10:31
12:13,0.23,0.93,0.05,0.12,1.75,0.98,0,sl,10:31,0,sl,10:31,0,sl,10:31,0,sl,10:31,0,sl,10:31,0,sl,10:31,0,sl,10:31,0,sl,10:31,0,sl,10:31
12:14,0.25,0.93,0.05,0.12,1.75,1.00,0,sl,10:31,0,sl,10:31,0,sl,10:31,0,sl,10:31,0,sl,10:31,0,sl,10:31,0,sl,10:31,0,sl,10:31,0,sl,10:31
12:15,0.23,0.93,0.05,0.12,1.75,0.98,0,sl,10:31,0,sl,10:31,0,sl,10:31,0,sl,10:31,0,sl,10:31,0,sl,10:31,0,sl,10:31,0,sl,10:31,0,sl,10:31
12:16,0.23,0.97,0.08,0.15,1.75,0.97,0,sl,10:31,0,sl,10:31,0,sl,10:31,0,sl,10:31,0,sl,10:31,0,sl,10:31,0,sl,10:31,0,sl,10:31,0,sl,10:31
12:17,0.23,0.93,0.08,0.15,1.75,0.93,0,sl,10:31,0,sl,10:31,0,sl,10:31,0,sl,10:31,0,sl,10:31,0,sl,10:31,0,sl,10:31,0,sl,10:31,0,sl,10:31
12:18,0.23,1.05,0.08,0.17,1.75,1.03,0,sl,10:31,0,sl,10:31,0,sl,10:31,0,sl,10:31,0,sl,10:31,0,sl,10:31,0,sl,10:31,0,sl,10:31,0,sl,10:31
12:19,0.23,1.12,0.05,0.17,1.75,1.12,0,sl,10:31,0,sl,10:31,0,sl,10:31,0,sl,10:31,0,sl,10:31,0,sl,10:31,0,sl,10:31,0,sl,10:31,0,sl,10:31
12:20,0.23,0.93,0.05,0.17,1.75,0.93,0,sl,10:31,0,sl,10:31,0,sl,10:31,0,sl,10:31,0,sl,10:31,0,sl,10:31,0,sl,10:31,0,sl,10:31,0,sl,10:31
12:21,0.23,0.95,0.05,0.17,1.75,0.95,0,sl,10:31,0,sl,10:31,0,sl,10:31,0,sl,10:31,0,sl,10:31,0,sl,10:31,0,sl,10:31,0,sl,10:31,0,sl,10:31
12:22,0.23,0.97,0.05,0.17,1.75,0.97,0,sl,10:31,0,sl,10:31,0,sl,10:31,0,sl,10:31,0,sl,10:31,0,sl,10:31,0,sl,10:31,0,sl,10:31,0,sl,10:31
12:23,0.23,0.88,0.05,0.12,1.75,0.93,0,sl,10:31,0,sl,10:31,0,sl,10:31,0,sl,10:31,0,sl,10:31,0,sl,10:31,0,sl,10:31,0,sl,10:31,0,sl,10:31
12:24,0.23,0.93,0.05,0.12,1.75,0.98,0,sl,10:31,0,sl,10:31,0,sl,10:31,0,sl,10:31,0,sl,10:31,0,sl,10:31,0,sl,10:31,0,sl,10:31,0,sl,10:31
12:25,0.23,0.95,0.05,0.12,1.75,1.00,0,sl,10:31,0,sl,10:31,0,sl,10:31,0,sl,10:31,0,sl,10:31,0,sl,10:31,0,sl,10:31,0,sl,10:31,0,sl,10:31
12:26,0.23,0.88,0.05,0.12,1.75,0.93,0,sl,10:31,0,sl,10:31,0,sl,10:31,0,sl,10:31,0,sl,10:31,0,sl,10:31,0,sl,10:31,0,sl,10:31,0,sl,10:31
12:27,0.23,0.80,0.05,0.12,1.75,0.85,0,sl,10:31,0,sl,10:31,0,sl,10:31,0,sl,10:31,0,sl,10:31,0,sl,10:31,0,sl,10:31,0,sl,10:31,0,sl,10:31
12:28,0.23,0.78,0.05,0.12,1.75,0.82,0,sl,10:31,0,sl,10:31,0,sl,10:31,0,sl,10:31,0,sl,10:31,0,sl,10:31,0,sl,10:31,0,sl,10:31,0,sl,10:31
12:29,0.23,0.68,0.05,0.12,1.75,0.73,0,sl,10:31,0,sl,10:31,0,sl,10:31,0,sl,10:31,0,sl,10:31,0,sl,10:31,0,sl,10:31,0,sl,10:31,0,sl,10:31
12:30,0.25,0.62,0.03,0.12,1.75,0.72,0,sl,10:31,0,sl,10:31,0,sl,10:31,0,sl,10:31,0,sl,10:31,0,sl,10:31,0,sl,10:31,0,sl,10:31,0,sl,10:31
12:31,0.28,0.60,0.05,0.12,1.75,0.70,0,sl,10:31,0,sl,10:31,0,sl,10:31,0,sl,10:31,0,sl,10:31,0,sl,10:31,0,sl,10:31,0,sl,10:31,0,sl,10:31
12:32,0.23,0.62,0.05,0.12,1.75,0.68,0,sl,10:31,0,sl,10:31,0,sl,10:31,0,sl,10:31,0,sl,10:31,0,sl,10:31,0,sl,10:31,0,sl,10:31,0,sl,10:31
12:33,0.23,0.62,0.05,0.12,1.75,0.68,0,sl,10:31,0,sl,10:31,0,sl,10:31,0,sl,10:31,0,sl,10:31,0,sl,10:31,0,sl,10:31,0,sl,10:31,0,sl,10:31
12:34,0.23,0.62,0.08,0.12,1.75,0.65,0,sl,10:31,0,sl,10:31,0,sl,10:31,0,sl,10:31,0,sl,10:31,0,sl,10:31,0,sl,10:31,0,sl,10:31,0,sl,10:31
12:35,0.23,0.57,0.08,0.12,1.75,0.60,0,sl,10:31,0,sl,10:31,0,sl,10:31,0,sl,10:31,0,sl,10:31,0,sl,10:31,0,sl,10:31,0,sl,10:31,0,sl,10:31
12:36,0.23,0.60,0.08,0.12,1.75,0.62,0,sl,10:31,0,sl,10:31,0,sl,10:31,0,sl,10:31,0,sl,10:31,0,sl,10:31,0,sl,10:31,0,sl,10:31,0,sl,10:31
12:37,0.17,0.68,0.08,0.12,1.75,0.65,0,sl,10:31,0,sl,10:31,0,sl,10:31,0,sl,10:31,0,sl,10:31,0,sl,10:31,0,sl,10:31,0,sl,10:31,0,sl,10:31
12:38,0.17,0.65,0.08,0.12,1.75,0.62,0,sl,10:31,0,sl,10:31,0,sl,10:31,0,sl,10:31,0,sl,10:31,0,sl,10:31,0,sl,10:31,0,sl,10:31,0,sl,10:31
12:39,0.17,0.68,0.05,0.12,1.75,0.68,0,sl,10:31,0,sl,10:31,0,sl,10:31,0,sl,10:31,0,sl,10:31,0,sl,10:31,0,sl,10:31,0,sl,10:31,0,sl,10:31
12:40,0.17,0.72,0.05,0.12,1.75,0.72,0,sl,10:31,0,sl,10:31,0,sl,10:31,0,sl,10:31,0,sl,10:31,0,sl,10:31,0,sl,10:31,0,sl,10:31,0,sl,10:31
12:41,0.17,0.72,0.03,0.12,1.75,0.75,0,sl,10:31,0,sl,10:31,0,sl,10:31,0,sl,10:31,0,sl,10:31,0,sl,10:31,0,sl,10:31,0,sl,10:31,0,sl,10:31
12:42,0.17,0.68,0.05,0.12,1.75,0.68,0,sl,10:31,0,sl,10:31,0,sl,10:31,0,sl,10:31,0,sl,10:31,0,sl,10:31,0,sl,10:31,0,sl,10:31,0,sl,10:31
12:43,0.17,0.65,0.05,0.12,1.75,0.65,0,sl,10:31,0,sl,10:31,0,sl,10:31,0,sl,10:31,0,sl,10:31,0,sl,10:31,0,sl,10:31,0,sl,10:31,0,sl,10:31
12:44,0.17,0.57,0.05,0.12,1.75,0.57,0,sl,10:31,0,sl,10:31,0,sl,10:31,0,sl,10:31,0,sl,10:31,0,sl,10:31,0,sl,10:31,0,sl,10:31,0,sl,10:31
12:45,0.17,0.68,0.05,0.12,1.75,0.68,0,sl,10:31,0,sl,10:31,0,sl,10:31,0,sl,10:31,0,sl,10:31,0,sl,10:31,0,sl,10:31,0,sl,10:31,0,sl,10:31
12:46,0.17,0.62,0.03,0.12,1.75,0.65,0,sl,10:31,0,sl,10:31,0,sl,10:31,0,sl,10:31,0,sl,10:31,0,sl,10:31,0,sl,10:31,0,sl,10:31,0,sl,10:31
12:47,0.17,0.68,0.03,0.12,1.75,0.70,0,sl,10:31,0,sl,10:31,0,sl,10:31,0,sl,10:31,0,sl,10:31,0,sl,10:31,0,sl,10:31,0,sl,10:31,0,sl,10:31
12:48,0.17,0.68,0.03,0.12,1.75,0.70,0,sl,10:31,0,sl,10:31,0,sl,10:31,0,sl,10:31,0,sl,10:31,0,sl,10:31,0,sl,10:31,0,sl,10:31,0,sl,10:31
12:49,0.17,0.60,0.03,0.12,1.75,0.63,0,sl,10:31,0,sl,10:31,0,sl,10:31,0,sl,10:31,0,sl,10:31,0,sl,10:31,0,sl,10:31,0,sl,10:31,0,sl,10:31
12:50,0.17,0.57,0.03,0.12,1.75,0.60,0,sl,10:31,0,sl,10:31,0,sl,10:31,0,sl,10:31,0,sl,10:31,0,sl,10:31,0,sl,10:31,0,sl,10:31,0,sl,10:31
12:51,0.17,0.53,0.05,0.12,1.75,0.52,0,sl,10:31,0,sl,10:31,0,sl,10:31,0,sl,10:31,0,sl,10:31,0,sl,10:31,0,sl,10:31,0,sl,10:31,0,sl,10:31
12:52,0.17,0.78,0.05,0.12,1.75,0.77,0,sl,10:31,0,sl,10:31,0,sl,10:31,0,sl,10:31,0,sl,10:31,0,sl,10:31,0,sl,10:31,0,sl,10:31,0,sl,10:31
12:53,0.17,1.08,0.05,0.15,1.75,1.05,0,sl,10:31,0,sl,10:31,0,sl,10:31,0,sl,10:31,0,sl,10:31,0,sl,10:31,0,sl,10:31,0,sl,10:31,0,sl,10:31
12:54,0.17,0.68,0.03,0.12,1.75,0.70,0,sl,10:31,0,sl,10:31,0,sl,10:31,0,sl,10:31,0,sl,10:31,0,sl,10:31,0,sl,10:31,0,sl,10:31,0,sl,10:31
12:55,0.17,0.72,0.03,0.12,1.75,0.75,0,sl,10:31,0,sl,10:31,0,sl,10:31,0,sl,10:31,0,sl,10:31,0,sl,10:31,0,sl,10:31,0,sl,10:31,0,sl,10:31
12:56,0.17,0.90,0.03,0.15,1.75,0.90,0,sl,10:31,0,sl,10:31,0,sl,10:31,0,sl,10:31,0,sl,10:31,0,sl,10:31,0,sl,10:31,0,sl,10:31,0,sl,10:31
12:57,0.17,0.82,0.05,0.12,1.75,0.82,0,sl,10:31,0,sl,10:31,0,sl,10:31,0,sl,10:31,0,sl,10:31,0,sl,10:31,0,sl,10:31,0,sl,10:31,0,sl,10:31
12:58,0.17,0.82,0.05,0.12,1.75,0.82,0,sl,10:31,0,sl,10:31,0,sl,10:31,0,sl,10:31,0,sl,10:31,0,sl,10:31,0,sl,10:31,0,sl,10:31,0,sl,10:31
12:59,0.17,0.82,0.05,0.12,1.75,0.82,0,sl,10:31,0,sl,10:31,0,sl,10:31,0,sl,10:31,0,sl,10:31,0,sl,10:31,0,sl,10:31,0,sl,10:31,0,sl,10:31
13:00,0.17,0.82,0.05,0.12,1.75,0.82,0,sl,10:31,0,sl,10:31,0,sl,10:31,0,sl,10:31,0,sl,10:31,0,sl,10:31,0,sl,10:31,0,sl,10:31,0,sl,10:31
13:01,0.17,0.82,0.05,0.12,1.75,0.82,0,sl,10:31,0,sl,10:31,0,sl,10:31,0,sl,10:31,0,sl,10:31,0,sl,10:31,0,sl,10:31,0,sl,10:31,0,sl,10:31
13:02,0.17,0.75,0.05,0.12,1.75,0.75,0,sl,10:31,0,sl,10:31,0,sl,10:31,0,sl,10:31,0,sl,10:31,0,sl,10:31,0,sl,10:31,0,sl,10:31,0,sl,10:31
13:03,0.17,0.82,0.03,0.12,1.75,0.85,0,sl,10:31,0,sl,10:31,0,sl,10:31,0,sl,10:31,0,sl,10:31,0,sl,10:31,0,sl,10:31,0,sl,10:31,0,sl,10:31
13:04,0.17,0.72,0.03,0.12,1.75,0.75,0,sl,10:31,0,sl,10:31,0,sl,10:31,0,sl,10:31,0,sl,10:31,0,sl,10:31,0,sl,10:31,0,sl,10:31,0,sl,10:31
13:05,0.17,0.70,0.05,0.12,1.75,0.70,0,sl,10:31,0,sl,10:31,0,sl,10:31,0,sl,10:31,0,sl,10:31,0,sl,10:31,0,sl,10:31,0,sl,10:31,0,sl,10:31
13:06,0.17,0.57,0.05,0.12,1.75,0.57,0,sl,10:31,0,sl,10:31,0,sl,10:31,0,sl,10:31,0,sl,10:31,0,sl,10:31,0,sl,10:31,0,sl,10:31,0,sl,10:31
13:07,0.17,0.57,0.05,0.12,1.75,0.57,0,sl,10:31,0,sl,10:31,0,sl,10:31,0,sl,10:31,0,sl,10:31,0,sl,10:31,0,sl,10:31,0,sl,10:31,0,sl,10:31
13:08,0.17,0.47,0.08,0.12,1.75,0.45,0,sl,10:31,0,sl,10:31,0,sl,10:31,0,sl,10:31,0,sl,10:31,0,sl,10:31,0,sl,10:31,0,sl,10:31,0,sl,10:31
13:09,0.17,0.47,0.03,0.12,1.75,0.50,0,sl,10:31,0,sl,10:31,0,sl,10:31,0,sl,10:31,0,sl,10:31,0,sl,10:31,0,sl,10:31,0,sl,10:31,0,sl,10:31
13:10,0.17,0.43,0.08,0.12,1.75,0.40,0,sl,10:31,0,sl,10:31,0,sl,10:31,0,sl,10:31,0,sl,10:31,0,sl,10:31,0,sl,10:31,0,sl,10:31,0,sl,10:31
13:11,0.17,0.45,0.08,0.12,1.75,0.42,0,sl,10:31,0,sl,10:31,0,sl,10:31,0,sl,10:31,0,sl,10:31,0,sl,10:31,0,sl,10:31,0,sl,10:31,0,sl,10:31
13:12,0.17,0.43,0.08,0.12,1.75,0.40,0,sl,10:31,0,sl,10:31,0,sl,10:31,0,sl,10:31,0,sl,10:31,0,sl,10:31,0,sl,10:31,0,sl,10:31,0,sl,10:31
13:13,0.17,0.43,0.08,0.12,1.75,0.40,0,sl,10:31,0,sl,10:31,0,sl,10:31,0,sl,10:31,0,sl,10:31,0,sl,10:31,0,sl,10:31,0,sl,10:31,0,sl,10:31
13:14,0.17,0.43,0.08,0.12,1.75,0.40,0,sl,10:31,0,sl,10:31,0,sl,10:31,0,sl,10:31,0,sl,10:31,0,sl,10:31,0,sl,10:31,0,sl,10:31,0,sl,10:31
13:15,0.17,0.55,0.03,0.12,1.75,0.58,0,sl,10:31,0,sl,10:31,0,sl,10:31,0,sl,10:31,0,sl,10:31,0,sl,10:31,0,sl,10:31,0,sl,10:31,0,sl,10:31
13:16,0.15,0.57,0.03,0.12,1.75,0.57,0,sl,10:31,0,sl,10:31,0,sl,10:31,0,sl,10:31,0,sl,10:31,0,sl,10:31,0,sl,10:31,0,sl,10:31,0,sl,10:31
13:17,0.12,0.60,0.03,0.12,1.75,0.58,0,sl,10:31,0,sl,10:31,0,sl,10:31,0,sl,10:31,0,sl,10:31,0,sl,10:31,0,sl,10:31,0,sl,10:31,0,sl,10:31
13:18,0.12,0.62,0.03,0.12,1.75,0.60,0,sl,10:31,0,sl,10:31,0,sl,10:31,0,sl,10:31,0,sl,10:31,0,sl,10:31,0,sl,10:31,0,sl,10:31,0,sl,10:31
13:19,0.12,0.68,0.03,0.12,1.75,0.65,0,sl,10:31,0,sl,10:31,0,sl,10:31,0,sl,10:31,0,sl,10:31,0,sl,10:31,0,sl,10:31,0,sl,10:31,0,sl,10:31
13:20,0.12,0.62,0.03,0.12,1.75,0.60,0,sl,10:31,0,sl,10:31,0,sl,10:31,0,sl,10:31,0,sl,10:31,0,sl,10:31,0,sl,10:31,0,sl,10:31,0,sl,10:31
13:21,0.12,0.68,0.03,0.12,1.75,0.65,0,sl,10:31,0,sl,10:31,0,sl,10:31,0,sl,10:31,0,sl,10:31,0,sl,10:31,0,sl,10:31,0,sl,10:31,0,sl,10:31
13:22,0.12,0.62,0.03,0.12,1.75,0.60,0,sl,10:31,0,sl,10:31,0,sl,10:31,0,sl,10:31,0,sl,10:31,0,sl,10:31,0,sl,10:31,0,sl,10:31,0,sl,10:31
13:23,0.12,0.68,0.03,0.12,1.75,0.65,0,sl,10:31,0,sl,10:31,0,sl,10:31,0,sl,10:31,0,sl,10:31,0,sl,10:31,0,sl,10:31,0,sl,10:31,0,sl,10:31
13:24,0.12,0.57,0.03,0.12,1.75,0.55,0,sl,10:31,0,sl,10:31,0,sl,10:31,0,sl,10:31,0,sl,10:31,0,sl,10:31,0,sl,10:31,0,sl,10:31,0,sl,10:31
13:25,0.12,0.60,0.03,0.12,1.75,0.58,0,sl,10:31,0,sl,10:31,0,sl,10:31,0,sl,10:31,0,sl,10:31,0,sl,10:31,0,sl,10:31,0,sl,10:31,0,sl,10:31
13:26,0.12,0.62,0.03,0.12,1.75,0.60,0,sl,10:31,0,sl,10:31,0,sl,10:31,0,sl,10:31,0,sl,10:31,0,sl,10:31,0,sl,10:31,0,sl,10:31,0,sl,10:31
13:27,0.12,0.57,0.03,0.12,1.75,0.55,0,sl,10:31,0,sl,10:31,0,sl,10:31,0,sl,10:31,0,sl,10:31,0,sl,10:31,0,sl,10:31,0,sl,10:31,0,sl,10:31
13:28,0.12,0.62,0.03,0.12,1.75,0.60,0,sl,10:31,0,sl,10:31,0,sl,10:31,0,sl,10:31,0,sl,10:31,0,sl,10:31,0,sl,10:31,0,sl,10:31,0,sl,10:31
13:29,0.12,0.62,0.03,0.12,1.75,0.60,0,sl,10:31,0,sl,10:31,0,sl,10:31,0,sl,10:31,0,sl,10:31,0,sl,10:31,0,sl,10:31,0,sl,10:31,0,sl,10:31
13:30,0.12,0.68,0.03,0.12,1.75,0.65,0,sl,10:31,0,sl,10:31,0,sl,10:31,0,sl,10:31,0,sl,10:31,0,sl,10:31,0,sl,10:31,0,sl,10:31,0,sl,10:31
13:31,0.12,0.57,0.03,0.12,1.75,0.55,0,sl,10:31,0,sl,10:31,0,sl,10:31,0,sl,10:31,0,sl,10:31,0,sl,10:31,0,sl,10:31,0,sl,10:31,0,sl,10:31
13:32,0.12,0.57,0.03,0.12,1.75,0.55,0,sl,10:31,0,sl,10:31,0,sl,10:31,0,sl,10:31,0,sl,10:31,0,sl,10:31,0,sl,10:31,0,sl,10:31,0,sl,10:31
13:33,0.12,0.57,0.03,0.12,1.75,0.55,0,sl,10:31,0,sl,10:31,0,sl,10:31,0,sl,10:31,0,sl,10:31,0,sl,10:31,0,sl,10:31,0,sl,10:31,0,sl,10:31
13:34,0.12,0.47,0.03,0.12,1.75,0.45,0,sl,10:31,0,sl,10:31,0,sl,10:31,0,sl,10:31,0,sl,10:31,0,sl,10:31,0,sl,10:31,0,sl,10:31,0,sl,10:31
13:35,0.12,0.47,0.03,0.12,1.75,0.45,0,sl,10:31,0,sl,10:31,0,sl,10:31,0,sl,10:31,0,sl,10:31,0,sl,10:31,0,sl,10:31,0,sl,10:31,0,sl,10:31
13:36,0.12,0.47,0.05,0.12,1.75,0.42,0,sl,10:31,0,sl,10:31,0,sl,10:31,0,sl,10:31,0,sl,10:31,0,sl,10:31,0,sl,10:31,0,sl,10:31,0,sl,10:31
13:37,0.17,0.43,0.03,0.12,1.75,0.45,0,sl,10:31,0,sl,10:31,0,sl,10:31,0,sl,10:31,0,sl,10:31,0,sl,10:31,0,sl,10:31,0,sl,10:31,0,sl,10:31
13:38,0.17,0.38,0.05,0.12,1.75,0.38,0,sl,10:31,0,sl,10:31,0,sl,10:31,0,sl,10:31,0,sl,10:31,0,sl,10:31,0,sl,10:31,0,sl,10:31,0,sl,10:31
13:39,0.17,0.43,0.05,0.12,1.75,0.43,0,sl,10:31,0,sl,10:31,0,sl,10:31,0,sl,10:31,0,sl,10:31,0,sl,10:31,0,sl,10:31,0,sl,10:31,0,sl,10:31
13:40,0.17,0.43,0.05,0.12,1.75,0.43,0,sl,10:31,0,sl,10:31,0,sl,10:31,0,sl,10:31,0,sl,10:31,0,sl,10:31,0,sl,10:31,0,sl,10:31,0,sl,10:31
13:41,0.17,0.43,0.05,0.12,1.75,0.43,0,sl,10:31,0,sl,10:31,0,sl,10:31,0,sl,10:31,0,sl,10:31,0,sl,10:31,0,sl,10:31,0,sl,10:31,0,sl,10:31
13:42,0.17,0.38,0.05,0.12,1.75,0.38,0,sl,10:31,0,sl,10:31,0,sl,10:31,0,sl,10:31,0,sl,10:31,0,sl,10:31,0,sl,10:31,0,sl,10:31,0,sl,10:31
13:43,0.17,0.38,0.05,0.12,1.75,0.38,0,sl,10:31,0,sl,10:31,0,sl,10:31,0,sl,10:31,0,sl,10:31,0,sl,10:31,0,sl,10:31,0,sl,10:31,0,sl,10:31
13:44,0.17,0.35,0.05,0.12,1.75,0.35,0,sl,10:31,0,sl,10:31,0,sl,10:31,0,sl,10:31,0,sl,10:31,0,sl,10:31,0,sl,10:31,0,sl,10:31,0,sl,10:31
13:45,0.17,0.32,0.05,0.12,1.75,0.32,0,sl,10:31,0,sl,10:31,0,sl,10:31,0,sl,10:31,0,sl,10:31,0,sl,10:31,0,sl,10:31,0,sl,10:31,0,sl,10:31
13:46,0.17,0.28,0.05,0.12,1.75,0.28,0,sl,10:31,0,sl,10:31,0,sl,10:31,0,sl,10:31,0,sl,10:31,0,sl,10:31,0,sl,10:31,0,sl,10:31,0,sl,10:31
13:47,0.17,0.28,0.08,0.12,1.75,0.25,0,sl,10:31,0,sl,10:31,0,sl,10:31,0,sl,10:31,0,sl,10:31,0,sl,10:31,0,sl,10:31,0,sl,10:31,0,sl,10:31
13:48,0.17,0.28,0.03,0.08,1.75,0.35,0,sl,10:31,0,sl,10:31,0,sl,10:31,0,sl,10:31,0,sl,10:31,0,sl,10:31,0,sl,10:31,0,sl,10:31,0,sl,10:31
13:49,0.17,0.23,0.05,0.08,1.75,0.28,0,sl,10:31,0,sl,10:31,0,sl,10:31,0,sl,10:31,0,sl,10:31,0,sl,10:31,0,sl,10:31,0,sl,10:31,0,sl,10:31
13:50,0.17,0.28,0.05,0.08,1.75,0.33,0,sl,10:31,0,sl,10:31,0,sl,10:31,0,sl,10:31,0,sl,10:31,0,sl,10:31,0,sl,10:31,0,sl,10:31,0,sl,10:31
13:51,0.17,0.28,0.05,0.10,1.75,0.30,0,sl,10:31,0,sl,10:31,0,sl,10:31,0,sl,10:31,0,sl,10:31,0,sl,10:31,0,sl,10:31,0,sl,10:31,0,sl,10:31
13:52,0.17,0.28,0.03,0.10,1.75,0.33,0,sl,10:31,0,sl,10:31,0,sl,10:31,0,sl,10:31,0,sl,10:31,0,sl,10:31,0,sl,10:31,0,sl,10:31,0,sl,10:31
13:53,0.17,0.28,0.08,0.08,1.75,0.30,0,sl,10:31,0,sl,10:31,0,sl,10:31,0,sl,10:31,0,sl,10:31,0,sl,10:31,0,sl,10:31,0,sl,10:31,0,sl,10:31
13:54,0.17,0.28,0.05,0.08,1.75,0.33,0,sl,10:31,0,sl,10:31,0,sl,10:31,0,sl,10:31,0,sl,10:31,0,sl,10:31,0,sl,10:31,0,sl,10:31,0,sl,10:31
13:55,0.17,0.28,0.05,0.08,1.75,0.33,0,sl,10:31,0,sl,10:31,0,sl,10:31,0,sl,10:31,0,sl,10:31,0,sl,10:31,0,sl,10:31,0,sl,10:31,0,sl,10:31
13:56,0.17,0.28,0.05,0.08,1.75,0.33,0,sl,10:31,0,sl,10:31,0,sl,10:31,0,sl,10:31,0,sl,10:31,0,sl,10:31,0,sl,10:31,0,sl,10:31,0,sl,10:31
13:57,0.17,0.28,0.05,0.10,1.75,0.30,0,sl,10:31,0,sl,10:31,0,sl,10:31,0,sl,10:31,0,sl,10:31,0,sl,10:31,0,sl,10:31,0,sl,10:31,0,sl,10:31
13:58,0.12,0.30,0.08,0.10,1.75,0.25,0,sl,10:31,0,sl,10:31,0,sl,10:31,0,sl,10:31,0,sl,10:31,0,sl,10:31,0,sl,10:31,0,sl,10:31,0,sl,10:31
13:59,0.12,0.32,0.03,0.08,1.75,0.35,0,sl,10:31,0,sl,10:31,0,sl,10:31,0,sl,10:31,0,sl,10:31,0,sl,10:31,0,sl,10:31,0,sl,10:31,0,sl,10:31
14:00,0.12,0.35,0.03,0.10,1.75,0.35,0,sl,10:31,0,sl,10:31,0,sl,10:31,0,sl,10:31,0,sl,10:31,0,sl,10:31,0,sl,10:31,0,sl,10:31,0,sl,10:31
14:01,0.15,0.28,0.03,0.10,1.75,0.30,0,sl,10:31,0,sl,10:31,0,sl,10:31,0,sl,10:31,0,sl,10:31,0,sl,10:31,0,sl,10:31,0,sl,10:31,0,sl,10:31
14:02,0.12,0.32,0.03,0.10,1.75,0.32,0,sl,10:31,0,sl,10:31,0,sl,10:31,0,sl,10:31,0,sl,10:31,0,sl,10:31,0,sl,10:31,0,sl,10:31,0,sl,10:31
14:03,0.12,0.38,0.03,0.10,1.75,0.38,0,sl,10:31,0,sl,10:31,0,sl,10:31,0,sl,10:31,0,sl,10:31,0,sl,10:31,0,sl,10:31,0,sl,10:31,0,sl,10:31
14:04,0.12,0.32,0.03,0.10,1.75,0.32,0,sl,10:31,0,sl,10:31,0,sl,10:31,0,sl,10:31,0,sl,10:31,0,sl,10:31,0,sl,10:31,0,sl,10:31,0,sl,10:31
14:05,0.12,0.28,0.08,0.08,1.75,0.25,0,sl,10:31,0,sl,10:31,0,sl,10:31,0,sl,10:31,0,sl,10:31,0,sl,10:31,0,sl,10:31,0,sl,10:31,0,sl,10:31
14:06,0.12,0.32,0.05,0.10,1.75,0.30,0,sl,10:31,0,sl,10:31,0,sl,10:31,0,sl,10:31,0,sl,10:31,0,sl,10:31,0,sl,10:31,0,sl,10:31,0,sl,10:31
14:07,0.12,0.32,0.03,0.08,1.75,0.35,0,sl,10:31,0,sl,10:31,0,sl,10:31,0,sl,10:31,0,sl,10:31,0,sl,10:31,0,sl,10:31,0,sl,10:31,0,sl,10:31
14:08,0.12,0.35,0.03,0.08,1.75,0.38,0,sl,10:31,0,sl,10:31,0,sl,10:31,0,sl,10:31,0,sl,10:31,0,sl,10:31,0,sl,10:31,0,sl,10:31,0,sl,10:31
14:09,0.12,0.32,0.03,0.08,1.75,0.35,0,sl,10:31,0,sl,10:31,0,sl,10:31,0,sl,10:31,0,sl,10:31,0,sl,10:31,0,sl,10:31,0,sl,10:31,0,sl,10:31
14:10,0.12,0.32,0.03,0.10,1.75,0.32,0,sl,10:31,0,sl,10:31,0,sl,10:31,0,sl,10:31,0,sl,10:31,0,sl,10:31,0,sl,10:31,0,sl,10:31,0,sl,10:31
14:11,0.12,0.32,0.03,0.08,1.75,0.35,0,sl,10:31,0,sl,10:31,0,sl,10:31,0,sl,10:31,0,sl,10:31,0,sl,10:31,0,sl,10:31,0,sl,10:31,0,sl,10:31
14:12,0.12,0.28,0.03,0.08,1.75,0.30,0,sl,10:31,0,sl,10:31,0,sl,10:31,0,sl,10:31,0,sl,10:31,0,sl,10:31,0,sl,10:31,0,sl,10:31,0,sl,10:31
14:13,0.12,0.25,0.03,0.08,1.75,0.28,0,sl,10:31,0,sl,10:31,0,sl,10:31,0,sl,10:31,0,sl,10:31,0,sl,10:31,0,sl,10:31,0,sl,10:31,0,sl,10:31
14:14,0.12,0.23,0.03,0.08,1.75,0.25,0,sl,10:31,0,sl,10:31,0,sl,10:31,0,sl,10:31,0,sl,10:31,0,sl,10:31,0,sl,10:31,0,sl,10:31,0,sl,10:31
14:15,0.12,0.25,0.03,0.08,1.75,0.28,0,sl,10:31,0,sl,10:31,0,sl,10:31,0,sl,10:31,0,sl,10:31,0,sl,10:31,0,sl,10:31,0,sl,10:31,0,sl,10:31
14:16,0.12,0.23,0.03,0.08,1.75,0.25,0,sl,10:31,0,sl,10:31,0,sl,10:31,0,sl,10:31,0,sl,10:31,0,sl,10:31,0,sl,10:31,0,sl,10:31,0,sl,10:31
14:17,0.12,0.23,0.03,0.08,1.75,0.25,0,sl,10:31,0,sl,10:31,0,sl,10:31,0,sl,10:31,0,sl,10:31,0,sl,10:31,0,sl,10:31,0,sl,10:31,0,sl,10:31
14:18,0.10,0.35,0.03,0.08,1.75,0.35,0,sl,10:31,0,sl,10:31,0,sl,10:31,0,sl,10:31,0,sl,10:31,0,sl,10:31,0,sl,10:31,0,sl,10:31,0,sl,10:31
14:19,0.10,0.28,0.03,0.08,1.75,0.28,0,sl,10:31,0,sl,10:31,0,sl,10:31,0,sl,10:31,0,sl,10:31,0,sl,10:31,0,sl,10:31,0,sl,10:31,0,sl,10:31
14:20,0.08,0.28,0.03,0.08,1.75,0.25,0,sl,10:31,0,sl,10:31,0,sl,10:31,0,sl,10:31,0,sl,10:31,0,sl,10:31,0,sl,10:31,0,sl,10:31,0,sl,10:31
14:21,0.08,0.28,0.03,0.08,1.75,0.25,0,sl,10:31,0,sl,10:31,0,sl,10:31,0,sl,10:31,0,sl,10:31,0,sl,10:31,0,sl,10:31,0,sl,10:31,0,sl,10:31
14:22,0.08,0.25,0.03,0.08,1.75,0.23,0,sl,10:31,0,sl,10:31,0,sl,10:31,0,sl,10:31,0,sl,10:31,0,sl,10:31,0,sl,10:31,0,sl,10:31,0,sl,10:31
14:23,0.10,0.23,0.03,0.08,1.75,0.23,0,sl,10:31,0,sl,10:31,0,sl,10:31,0,sl,10:31,0,sl,10:31,0,sl,10:31,0,sl,10:31,0,sl,10:31,0,sl,10:31
14:24,0.10,0.23,0.03,0.08,1.75,0.23,0,sl,10:31,0,sl,10:31,0,sl,10:31,0,sl,10:31,0,sl,10:31,0,sl,10:31,0,sl,10:31,0,sl,10:31,0,sl,10:31
14:25,0.10,0.23,0.03,0.08,1.75,0.23,0,sl,10:31,0,sl,10:31,0,sl,10:31,0,sl,10:31,0,sl,10:31,0,sl,10:31,0,sl,10:31,0,sl,10:31,0,sl,10:31
14:26,0.08,0.20,0.03,0.08,1.75,0.18,0,sl,10:31,0,sl,10:31,0,sl,10:31,0,sl,10:31,0,sl,10:31,0,sl,10:31,0,sl,10:31,0,sl,10:31,0,sl,10:31
14:27,0.12,0.17,0.03,0.08,1.75,0.20,0,sl,10:31,0,sl,10:31,0,sl,10:31,0,sl,10:31,0,sl,10:31,0,sl,10:31,0,sl,10:31,0,sl,10:31,0,sl,10:31
14:28,0.10,0.20,0.03,0.08,1.75,0.20,0,sl,10:31,0,sl,10:31,0,sl,10:31,0,sl,10:31,0,sl,10:31,0,sl,10:31,0,sl,10:31,0,sl,10:31,0,sl,10:31
14:29,0.10,0.23,0.03,0.08,1.75,0.23,0,sl,10:31,0,sl,10:31,0,sl,10:31,0,sl,10:31,0,sl,10:31,0,sl,10:31,0,sl,10:31,0,sl,10:31,0,sl,10:31
14:30,0.08,0.23,0.03,0.08,1.75,0.20,0,sl,10:31,0,sl,10:31,0,sl,10:31,0,sl,10:31,0,sl,10:31,0,sl,10:31,0,sl,10:31,0,sl,10:31,0,sl,10:31
14:31,0.08,0.23,0.03,0.08,1.75,0.20,0,sl,10:31,0,sl,10:31,0,sl,10:31,0,sl,10:31,0,sl,10:31,0,sl,10:31,0,sl,10:31,0,sl,10:31,0,sl,10:31
14:32,0.10,0.17,0.03,0.08,1.75,0.18,0,sl,10:31,0,sl,10:31,0,sl,10:31,0,sl,10:31,0,sl,10:31,0,sl,10:31,0,sl,10:31,0,sl,10:31,0,sl,10:31
14:33,0.10,0.17,0.03,0.08,1.75,0.18,0,sl,10:31,0,sl,10:31,0,sl,10:31,0,sl,10:31,0,sl,10:31,0,sl,10:31,0,sl,10:31,0,sl,10:31,0,sl,10:31
14:34,0.08,0.17,0.03,0.08,1.75,0.15,0,sl,10:31,0,sl,10:31,0,sl,10:31,0,sl,10:31,0,sl,10:31,0,sl,10:31,0,sl,10:31,0,sl,10:31,0,sl,10:31
14:35,0.10,0.17,0.03,0.08,1.75,0.18,0,sl,10:31,0,sl,10:31,0,sl,10:31,0,sl,10:31,0,sl,10:31,0,sl,10:31,0,sl,10:31,0,sl,10:31,0,sl,10:31
14:36,0.08,0.17,0.03,0.08,1.75,0.15,0,sl,10:31,0,sl,10:31,0,sl,10:31,0,sl,10:31,0,sl,10:31,0,sl,10:31,0,sl,10:31,0,sl,10:31,0,sl,10:31
14:37,0.10,0.17,0.03,0.08,1.75,0.18,0,sl,10:31,0,sl,10:31,0,sl,10:31,0,sl,10:31,0,sl,10:31,0,sl,10:31,0,sl,10:31,0,sl,10:31,0,sl,10:31
14:38,0.10,0.15,0.03,0.08,1.75,0.15,0,sl,10:31,0,sl,10:31,0,sl,10:31,0,sl,10:31,0,sl,10:31,0,sl,10:31,0,sl,10:31,0,sl,10:31,0,sl,10:31
14:39,0.08,0.15,0.03,0.08,1.75,0.13,0,sl,10:31,0,sl,10:31,0,sl,10:31,0,sl,10:31,0,sl,10:31,0,sl,10:31,0,sl,10:31,0,sl,10:31,0,sl,10:31
14:40,0.08,0.12,0.03,0.08,1.75,0.10,0,sl,10:31,0,sl,10:31,0,sl,10:31,0,sl,10:31,0,sl,10:31,0,sl,10:31,0,sl,10:31,0,sl,10:31,0,sl,10:31
14:41,0.08,0.15,0.03,0.08,1.75,0.13,0,sl,10:31,0,sl,10:31,0,sl,10:31,0,sl,10:31,0,sl,10:31,0,sl,10:31,0,sl,10:31,0,sl,10:31,0,sl,10:31
14:42,0.08,0.17,0.03,0.08,1.75,0.15,0,sl,10:31,0,sl,10:31,0,sl,10:31,0,sl,10:31,0,sl,10:31,0,sl,10:31,0,sl,10:31,0,sl,10:31,0,sl,10:31
14:43,0.08,0.23,0.03,0.08,1.75,0.20,0,sl,10:31,0,sl,10:31,0,sl,10:31,0,sl,10:31,0,sl,10:31,0,sl,10:31,0,sl,10:31,0,sl,10:31,0,sl,10:31
14:44,0.08,0.17,0.03,0.08,1.75,0.15,0,sl,10:31,0,sl,10:31,0,sl,10:31,0,sl,10:31,0,sl,10:31,0,sl,10:31,0,sl,10:31,0,sl,10:31,0,sl,10:31
14:45,0.08,0.17,0.03,0.08,1.75,0.15,0,sl,10:31,0,sl,10:31,0,sl,10:31,0,sl,10:31,0,sl,10:31,0,sl,10:31,0,sl,10:31,0,sl,10:31,0,sl,10:31
14:46,0.08,0.17,0.03,0.08,1.75,0.15,0,sl,10:31,0,sl,10:31,0,sl,10:31,0,sl,10:31,0,sl,10:31,0,sl,10:31,0,sl,10:31,0,sl,10:31,0,sl,10:31
14:47,0.08,0.55,0.03,0.08,1.75,0.53,0,sl,10:31,0,sl,10:31,0,sl,10:31,0,sl,10:31,0,sl,10:31,0,sl,10:31,0,sl,10:31,0,sl,10:31,0,sl,10:31
14:48,0.05,0.78,0.03,0.12,1.75,0.68,0,sl,10:31,0,sl,10:31,0,sl,10:31,0,sl,10:31,0,sl,10:31,0,sl,10:31,0,sl,10:31,0,sl,10:31,0,sl,10:31
14:49,0.03,0.88,0.03,0.12,1.75,0.75,0,sl,10:31,0,sl,10:31,0,sl,10:31,0,sl,10:31,0,sl,10:31,0,sl,10:31,0,sl,10:31,0,sl,10:31,0,sl,10:31
14:50,0.03,0.55,0.03,0.08,1.75,0.48,0,sl,10:31,0,sl,10:31,0,sl,10:31,0,sl,10:31,0,sl,10:31,0,sl,10:31,0,sl,10:31,0,sl,10:31,0,sl,10:31
14:51,0.08,0.82,0.03,0.12,1.75,0.75,0,sl,10:31,0,sl,10:31,0,sl,10:31,0,sl,10:31,0,sl,10:31,0,sl,10:31,0,sl,10:31,0,sl,10:31,0,sl,10:31
14:52,0.08,0.72,0.03,0.10,1.75,0.68,0,sl,10:31,0,sl,10:31,0,sl,10:31,0,sl,10:31,0,sl,10:31,0,sl,10:31,0,sl,10:31,0,sl,10:31,0,sl,10:31
14:53,0.08,0.68,0.03,0.08,1.75,0.65,0,sl,10:31,0,sl,10:31,0,sl,10:31,0,sl,10:31,0,sl,10:31,0,sl,10:31,0,sl,10:31,0,sl,10:31,0,sl,10:31
14:54,0.03,0.47,0.03,0.08,1.75,0.40,0,sl,10:31,0,sl,10:31,0,sl,10:31,0,sl,10:31,0,sl,10:31,0,sl,10:31,0,sl,10:31,0,sl,10:31,0,sl,10:31
14:55,0.05,0.47,0.03,0.08,1.75,0.43,0,sl,10:31,0,sl,10:31,0,sl,10:31,0,sl,10:31,0,sl,10:31,0,sl,10:31,0,sl,10:31,0,sl,10:31,0,sl,10:31
14:56,0.05,0.43,0.03,0.08,1.75,0.38,0,sl,10:31,0,sl,10:31,0,sl,10:31,0,sl,10:31,0,sl,10:31,0,sl,10:31,0,sl,10:31,0,sl,10:31,0,sl,10:31
14:57,0.05,0.32,0.03,0.08,1.75,0.27,0,sl,10:31,0,sl,10:31,0,sl,10:31,0,sl,10:31,0,sl,10:31,0,sl,10:31,0,sl,10:31,0,sl,10:31,0,sl,10:31
14:58,0.05,0.32,0.03,0.08,1.75,0.27,0,sl,10:31,0,sl,10:31,0,sl,10:31,0,sl,10:31,0,sl,10:31,0,sl,10:31,0,sl,10:31,0,sl,10:31,0,sl,10:31
14:59,0.05,0.32,0.03,0.08,1.75,0.27,0,sl,10:31,0,sl,10:31,0,sl,10:31,0,sl,10:31,0,sl,10:31,0,sl,10:31,0,sl,10:31,0,sl,10:31,0,sl,10:31
15:00,0.05,0.28,0.03,0.08,1.75,0.23,0,sl,10:31,0,sl,10:31,0,sl,10:31,0,sl,10:31,0,sl,10:31,0,sl,10:31,0,sl,10:31,0,sl,10:31,0,sl,10:31
