date,entry_time,sp_strike,sc_strike,lp_strike,lc_strike,credit,exit_price_4pm,pnl_ratio,pnl_dollar_1ct,cumulative_dollar
2023-02-27,11:25,3950.0,4020.0,3925.0,4045.0,2.1,0.0,1.0,210.0,210.0
2023-02-28,11:25,3950.0,4015.0,3925.0,4040.0,1.8,0.0,1.0,180.0,390.0
2023-03-01,11:25,3910.0,3975.0,3885.0,4000.0,2.0,0.0,1.0,200.0,590.0
2023-03-03,11:25,3980.0,4045.0,3955.0,4070.0,1.65,0.95,0.4242,70.0,660.0
2023-03-06,11:25,4040.0,4100.0,4015.0,4125.0,1.45,0.0,1.0,145.0,805.0
2023-03-07,11:25,3970.0,4050.0,3945.0,4075.0,2.2,0.0,1.0,220.0,1025.0
2023-03-08,11:25,3960.0,4020.0,3935.0,4045.0,2.2,0.0,1.0,220.0,1245.0
2023-03-09,11:25,3970.0,4030.0,3945.0,4055.0,1.75,24.4,-12.9429,-2265.0,-1020.0
2023-03-10,11:25,3870.0,3965.0,3845.0,3990.0,2.4,8.25,-2.4375,-585.0,-1605.0
2023-03-14,11:25,3890.0,3970.0,3865.0,3995.0,1.95,0.0,1.0,195.0,-1410.0
2023-03-15,11:25,3805.0,3915.0,3780.0,3940.0,2.65,0.0,1.0,265.0,-1145.0
2023-03-16,11:25,3870.0,3965.0,3845.0,3990.0,2.45,0.0,1.0,245.0,-900.0
2023-03-17,11:25,3860.0,3960.0,3835.0,3985.0,2.45,0.0,1.0,245.0,-655.0
2023-03-22,11:25,3925.0,4085.0,3900.0,4110.0,3.75,0.0,1.0,375.0,-280.0
2023-03-23,11:25,3955.0,4035.0,3930.0,4060.0,2.15,9.3,-3.3256,-715.0,-995.0
2023-03-24,11:25,3860.0,3970.0,3835.0,3995.0,2.65,0.575,0.783,207.5,-787.5
2023-03-27,11:25,3935.0,4015.0,3910.0,4040.0,2.1,0.0,1.0,210.0,-577.5
2023-03-28,11:25,3935.0,4000.0,3910.0,4025.0,2.05,0.0,1.0,205.0,-372.5
2023-03-29,11:25,3975.0,4035.0,3950.0,4060.0,1.6,0.0,1.0,160.0,-212.5
2023-03-30,11:25,4020.0,4070.0,3995.0,4095.0,1.6,0.0,1.0,160.0,-52.5
2023-03-31,11:25,4050.0,4115.0,4025.0,4140.0,1.6,0.025,0.9844,157.5,105.0
2023-04-04,11:25,4070.0,4130.0,4045.0,4155.0,1.9,0.0,1.0,190.0,295.0
2023-04-05,11:25,4050.0,4105.0,4025.0,4130.0,1.45,0.0,1.0,145.0,440.0
2023-04-06,11:25,4060.0,4105.0,4035.0,4130.0,1.85,0.125,0.9324,172.5,612.5
2023-04-10,11:25,4060.0,4110.0,4035.0,4135.0,1.4,0.0,1.0,140.0,752.5
2023-04-11,11:25,4090.0,4135.0,4065.0,4160.0,1.8,0.0,1.0,180.0,932.5
2023-04-12,11:25,4065.0,4140.0,4040.0,4165.0,1.95,0.0,1.0,195.0,1127.5
2023-04-13,11:25,4090.0,4140.0,4065.0,4165.0,1.8,5.45,-2.0278,-365.0,762.5
2023-04-14,11:25,4100.0,4160.0,4075.0,4185.0,1.65,0.0,1.0,165.0,927.5
2023-04-17,11:25,4110.0,4160.0,4085.0,4185.0,1.2,0.0,1.0,120.0,1047.5
2023-04-18,11:25,4115.0,4170.0,4090.0,4195.0,1.25,0.0,1.0,125.0,1172.5
2023-04-19,11:25,4120.0,4165.0,4095.0,4190.0,1.8,0.0,1.0,180.0,1352.5
2023-04-20,11:25,4110.0,4155.0,4085.0,4180.0,1.75,0.0,1.0,175.0,1527.5
2023-04-21,11:25,4095.0,4150.0,4070.0,4175.0,1.3,0.0,1.0,130.0,1657.5
2023-04-24,11:25,4100.0,4145.0,4075.0,4170.0,1.45,0.0,1.0,145.0,1802.5
2023-04-25,11:25,4085.0,4130.0,4060.0,4155.0,1.5,12.8,-7.5333,-1130.0,672.5
2023-04-26,11:25,4055.0,4110.0,4030.0,4135.0,1.5,0.125,0.9167,137.5,810.0
2023-04-27,11:25,4065.0,4115.0,4040.0,4140.0,1.8,21.45,-10.9167,-1965.0,-1155.0
2023-04-28,11:25,4115.0,4175.0,4090.0,4200.0,1.7,0.0,1.0,170.0,-985.0
2023-05-01,11:25,4140.0,4190.0,4115.0,4215.0,1.6,0.0,1.0,160.0,-825.0
2023-05-02,11:25,4055.0,4130.0,4030.0,4155.0,1.75,0.0,1.0,175.0,-650.0
2023-05-03,11:25,4055.0,4185.0,4030.0,4210.0,3.45,0.0,1.0,345.0,-305.0
2023-05-04,11:25,4025.0,4100.0,4000.0,4125.0,2.4,0.0,1.0,240.0,-65.0
2023-05-05,11:25,4085.0,4145.0,4060.0,4170.0,1.65,0.0,1.0,165.0,100.0
2023-05-08,11:25,4110.0,4155.0,4085.0,4180.0,1.45,0.0,1.0,145.0,245.0
2023-05-09,11:25,4100.0,4145.0,4075.0,4170.0,1.0,0.0,1.0,100.0,345.0
2023-05-10,11:25,4095.0,4155.0,4070.0,4180.0,1.65,0.0,1.0,165.0,510.0
2023-05-11,11:25,4095.0,4145.0,4070.0,4170.0,1.95,0.0,1.0,195.0,705.0
2023-05-12,11:25,4090.0,4145.0,4065.0,4170.0,1.55,0.0,1.0,155.0,860.0
2023-05-15,11:25,4100.0,4150.0,4075.0,4175.0,1.35,0.0,1.0,135.0,995.0
2023-05-16,11:25,4095.0,4145.0,4070.0,4170.0,1.35,0.0,1.0,135.0,1130.0
2023-05-17,11:25,4095.0,4145.0,4070.0,4170.0,1.35,14.1,-9.4444,-1275.0,-145.0
2023-05-18,11:25,4150.0,4200.0,4125.0,4225.0,1.45,0.075,0.9483,137.5,-7.5
2023-05-19,11:25,4160.0,4230.0,4135.0,4255.0,2.1,0.0,1.0,210.0,202.5
2023-05-22,11:25,4170.0,4225.0,4145.0,4250.0,1.25,0.0,1.0,125.0,327.5
2023-05-23,11:25,4160.0,4205.0,4135.0,4230.0,1.45,6.65,-3.5862,-520.0,-192.5
2023-05-24,11:25,4080.0,4150.0,4055.0,4175.0,1.95,0.0,1.0,195.0,2.5
2023-05-25,11:25,4110.0,4170.0,4085.0,4195.0,1.85,0.0,1.0,185.0,187.5
2023-05-26,11:25,4155.0,4215.0,4130.0,4240.0,1.95,0.0,1.0,195.0,382.5
2023-05-30,11:25,4170.0,4230.0,4145.0,4255.0,1.55,0.0,1.0,155.0,537.5
2023-05-31,11:25,4140.0,4195.0,4115.0,4220.0,1.55,0.0,1.0,155.0,692.5
2023-06-01,11:25,4180.0,4225.0,4155.0,4250.0,1.55,0.0,1.0,155.0,847.5
2023-06-02,11:25,4250.0,4300.0,4225.0,4325.0,1.8,0.0,1.0,180.0,1027.5
2023-06-05,11:25,4265.0,4315.0,4240.0,4340.0,1.4,0.0,1.0,140.0,1167.5
2023-06-06,11:25,4250.0,4300.0,4225.0,4325.0,1.35,0.0,1.0,135.0,1302.5
2023-06-07,11:25,4255.0,4300.0,4230.0,4325.0,1.4,0.0,1.0,140.0,1442.5
2023-06-08,11:25,4260.0,4305.0,4235.0,4330.0,1.1,0.0,1.0,110.0,1552.5
2023-06-09,11:25,4285.0,4330.0,4260.0,4355.0,1.75,0.0,1.0,175.0,1727.5
2023-06-12,11:25,4285.0,4330.0,4260.0,4355.0,0.95,10.3,-9.8421,-935.0,792.5
2023-06-13,11:25,4345.0,4395.0,4320.0,4420.0,1.6,0.0,1.0,160.0,952.5
2023-06-14,11:25,4335.0,4445.0,4310.0,4470.0,2.3,0.0,1.0,230.0,1182.5
2023-06-15,11:25,4375.0,4430.0,4350.0,4455.0,1.5,0.0,1.0,150.0,1332.5
2023-06-16,11:25,4400.0,4455.0,4375.0,4480.0,1.75,0.0,1.0,175.0,1507.5
2023-06-20,11:25,4350.0,4400.0,4325.0,4425.0,1.2,0.0,1.0,120.0,1627.5
2023-06-21,11:25,4340.0,4390.0,4315.0,4415.0,1.8,0.0,1.0,180.0,1807.5
2023-06-22,11:25,4340.0,4390.0,4315.0,4415.0,1.2,0.0,1.0,120.0,1927.5
2023-06-23,11:25,4325.0,4370.0,4300.0,4395.0,1.25,0.0,1.0,125.0,2052.5
2023-06-26,11:25,4315.0,4365.0,4290.0,4390.0,1.05,0.0,1.0,105.0,2157.5
2023-06-27,11:25,4330.0,4370.0,4305.0,4395.0,1.4,8.55,-5.1071,-715.0,1442.5
2023-06-28,11:25,4350.0,4395.0,4325.0,4420.0,1.15,0.0,1.0,115.0,1557.5
2023-06-29,11:25,4365.0,4415.0,4340.0,4440.0,1.2,0.0,1.0,120.0,1677.5
2023-06-30,11:25,4415.0,4470.0,4390.0,4495.0,1.3,0.0,1.0,130.0,1807.5
2023-07-03,11:25,4440.0,4465.0,4415.0,4490.0,0.45,0.0,1.0,45.0,1852.5
2023-07-05,11:25,4430.0,4470.0,4405.0,4495.0,1.15,0.0,1.0,115.0,1967.5
2023-07-06,11:25,4360.0,4410.0,4335.0,4435.0,1.6,2.2,-0.375,-60.0,1907.5
2023-07-07,11:25,4395.0,4435.0,4370.0,4460.0,1.4,0.0,1.0,140.0,2047.5
2023-07-10,11:25,4375.0,4420.0,4350.0,4445.0,1.55,0.0,1.0,155.0,2202.5
2023-07-11,11:25,4400.0,4440.0,4375.0,4465.0,1.25,0.225,0.82,102.5,2305.0
2023-07-12,11:25,4460.0,4505.0,4435.0,4530.0,1.25,0.0,1.0,125.0,2430.0
2023-07-13,11:25,4475.0,4515.0,4450.0,4540.0,1.25,0.0,1.0,125.0,2555.0
2023-07-14,11:25,4495.0,4540.0,4470.0,4565.0,1.25,0.0,1.0,125.0,2680.0
2023-07-17,11:25,4495.0,4535.0,4470.0,4560.0,1.0,0.0,1.0,100.0,2780.0
2023-07-18,11:25,4520.0,4555.0,4495.0,4580.0,1.35,0.925,0.3148,42.5,2822.5
2023-07-19,11:25,4545.0,4590.0,4520.0,4615.0,1.25,0.0,1.0,125.0,2947.5
2023-07-20,11:25,4525.0,4570.0,4500.0,4595.0,1.25,0.0,1.0,125.0,3072.5
2023-07-21,11:25,4525.0,4570.0,4500.0,4595.0,1.35,0.0,1.0,135.0,3207.5
2023-07-24,11:25,4540.0,4575.0,4515.0,4600.0,1.5,0.0,1.0,150.0,3357.5
2023-07-25,11:25,4545.0,4580.0,4520.0,4605.0,1.05,0.0,1.0,105.0,3462.5
2023-07-26,11:25,4515.0,4600.0,4490.0,4625.0,2.55,0.0,1.0,255.0,3717.5
2023-07-27,11:25,4565.0,4610.0,4540.0,4635.0,1.3,24.75,-18.0385,-2345.0,1372.5
2023-07-28,11:25,4560.0,4610.0,4535.0,4635.0,1.05,0.0,1.0,105.0,1477.5
2023-07-31,11:25,4560.0,4605.0,4535.0,4630.0,1.3,0.0,1.0,130.0,1607.5
2023-08-01,11:25,4550.0,4590.0,4525.0,4615.0,1.55,0.0,1.0,155.0,1762.5
2023-08-02,11:25,4495.0,4550.0,4470.0,4575.0,1.65,0.0,1.0,165.0,1927.5
2023-08-03,11:25,4480.0,4530.0,4455.0,4555.0,1.35,0.0,1.0,135.0,2062.5
2023-08-04,11:25,4500.0,4545.0,4475.0,4570.0,1.7,22.325,-12.1324,-2062.5,-0.0
2023-08-07,11:25,4470.0,4520.0,4445.0,4545.0,1.65,0.025,0.9848,162.5,162.5
2023-08-08,11:25,4435.0,4500.0,4410.0,4525.0,1.35,0.5,0.6296,85.0,247.5
2023-08-09,11:25,4435.0,4500.0,4410.0,4525.0,2.05,0.0,1.0,205.0,452.5
2023-08-10,11:25,4450.0,4525.0,4425.0,4550.0,2.1,0.0,1.0,210.0,662.5
2023-08-11,11:25,4420.0,4490.0,4395.0,4515.0,1.95,0.0,1.0,195.0,857.5
2023-08-14,11:25,4450.0,4505.0,4425.0,4530.0,1.4,0.0,1.0,140.0,997.5
2023-08-15,11:25,4425.0,4480.0,4400.0,4505.0,1.9,0.0,1.0,190.0,1187.5
2023-08-16,11:25,4415.0,4470.0,4390.0,4495.0,1.8,8.7,-3.8333,-690.0,497.5
2023-08-17,11:25,4375.0,4430.0,4350.0,4455.0,1.95,2.575,-0.3205,-62.5,435.0
2023-08-18,11:25,4325.0,4395.0,4300.0,4420.0,1.8,0.0,1.0,180.0,615.0
2023-08-21,11:25,4335.0,4395.0,4310.0,4420.0,2.0,6.0,-2.0,-400.0,215.0
2023-08-22,11:25,4375.0,4430.0,4350.0,4455.0,1.7,0.0,1.0,170.0,385.0
2023-08-23,11:25,4395.0,4450.0,4370.0,4475.0,1.5,0.0,1.0,150.0,535.0
2023-08-24,11:25,4380.0,4440.0,4355.0,4465.0,2.0,0.225,0.8875,177.5,712.5
2023-08-25,11:25,4330.0,4410.0,4305.0,4435.0,2.6,0.0,1.0,260.0,972.5
2023-08-28,11:25,4390.0,4445.0,4365.0,4470.0,1.85,0.0,1.0,185.0,1157.5
2023-08-29,11:25,4445.0,4500.0,4420.0,4525.0,1.4,0.0,1.0,140.0,1297.5
2023-08-30,11:25,4480.0,4535.0,4455.0,4560.0,1.5,0.0,1.0,150.0,1447.5
2023-08-31,11:25,4495.0,4545.0,4470.0,4570.0,1.55,0.0,1.0,155.0,1602.5
2023-09-01,11:25,4490.0,4540.0,4465.0,4565.0,1.3,0.0,1.0,130.0,1732.5
2023-09-05,11:25,4485.0,4530.0,4460.0,4555.0,1.2,0.0,1.0,120.0,1852.5
2023-09-06,11:25,4435.0,4485.0,4410.0,4510.0,1.1,0.0,1.0,110.0,1962.5
2023-09-07,11:25,4420.0,4470.0,4395.0,4495.0,1.55,0.0,1.0,155.0,2117.5
2023-09-08,11:25,4445.0,4490.0,4420.0,4515.0,1.15,0.0,1.0,115.0,2232.5
2023-09-11,11:25,4450.0,4495.0,4425.0,4520.0,1.05,0.0,1.0,105.0,2337.5
2023-09-12,11:25,4445.0,4485.0,4420.0,4510.0,1.4,0.0,1.0,140.0,2477.5
2023-09-13,11:25,4450.0,4495.0,4425.0,4520.0,1.4,0.0,1.0,140.0,2617.5
2023-09-14,11:25,4475.0,4515.0,4450.0,4540.0,1.65,0.0,1.0,165.0,2782.5
2023-09-15,11:25,4435.0,4490.0,4410.0,4515.0,1.45,0.0,1.0,145.0,2927.5
2023-09-18,11:25,4435.0,4475.0,4410.0,4500.0,1.25,0.0,1.0,125.0,3052.5
2023-09-19,11:25,4400.0,4445.0,4375.0,4470.0,1.4,0.075,0.9464,132.5,3185.0
2023-09-20,11:25,4410.0,4490.0,4385.0,4515.0,2.85,8.95,-2.1404,-610.0,2575.0
2023-09-21,11:25,4325.0,4380.0,4300.0,4405.0,1.7,0.0,1.0,170.0,2745.0
2023-09-22,11:25,4320.0,4375.0,4295.0,4400.0,1.55,0.85,0.4516,70.0,2815.0
2023-09-25,11:25,4295.0,4355.0,4270.0,4380.0,1.8,0.0,1.0,180.0,2995.0
2023-09-26,11:25,4255.0,4320.0,4230.0,4345.0,2.15,0.0,1.0,215.0,3210.0
2023-09-27,11:25,4240.0,4305.0,4215.0,4330.0,1.9,0.0,1.0,190.0,3400.0
2023-09-28,11:25,4255.0,4330.0,4230.0,4355.0,1.85,0.0,1.0,185.0,3585.0
2023-09-29,11:25,4290.0,4360.0,4265.0,4385.0,1.65,3.55,-1.1515,-190.0,3395.0
2023-10-02,11:25,4265.0,4330.0,4240.0,4355.0,1.7,0.0,1.0,170.0,3565.0
2023-10-03,11:25,4195.0,4265.0,4170.0,4290.0,2.25,0.0,1.0,225.0,3790.0
2023-10-04,11:25,4200.0,4270.0,4175.0,4295.0,2.05,0.0,1.0,205.0,3995.0
2023-10-05,11:25,4205.0,4270.0,4180.0,4295.0,1.95,0.0,1.0,195.0,4190.0
2023-10-06,11:25,4225.0,4300.0,4200.0,4325.0,1.95,10.3,-4.2821,-835.0,3355.0
2023-10-09,11:25,4265.0,4325.0,4240.0,4350.0,1.9,12.15,-5.3947,-1025.0,2330.0
2023-10-10,11:25,4345.0,4405.0,4320.0,4430.0,1.85,0.0,1.0,185.0,2515.0
2023-10-11,11:25,4325.0,4390.0,4300.0,4415.0,2.0,0.0,1.0,200.0,2715.0
2023-10-12,11:25,4345.0,4405.0,4320.0,4430.0,1.9,0.0,1.0,190.0,2905.0
2023-10-13,11:25,4290.0,4365.0,4265.0,4390.0,2.35,0.0,1.0,235.0,3140.0
2023-10-16,11:25,4340.0,4405.0,4315.0,4430.0,1.65,0.0,1.0,165.0,3305.0
2023-10-17,11:25,4335.0,4400.0,4310.0,4425.0,1.9,0.0,1.0,190.0,3495.0
2023-10-18,11:25,4305.0,4375.0,4280.0,4400.0,2.25,0.0,1.0,225.0,3720.0
2023-10-19,11:25,4255.0,4345.0,4230.0,4370.0,2.6,0.0,1.0,260.0,3980.0
2023-10-20,11:25,4195.0,4280.0,4170.0,4305.0,2.35,0.0,1.0,235.0,4215.0
2023-10-23,11:25,4195.0,4270.0,4170.0,4295.0,1.9,0.0,1.0,190.0,4405.0
2023-10-24,11:25,4205.0,4275.0,4180.0,4300.0,1.8,0.0,1.0,180.0,4585.0
2023-10-25,11:25,4180.0,4250.0,4155.0,4275.0,2.3,0.0,1.0,230.0,4815.0
2023-10-26,11:25,4115.0,4195.0,4090.0,4220.0,2.1,0.0,1.0,210.0,5025.0
2023-10-27,11:25,4115.0,4190.0,4090.0,4215.0,2.0,0.075,0.9625,192.5,5217.5
2023-10-30,11:25,4100.0,4170.0,4075.0,4195.0,1.9,0.0,1.0,190.0,5407.5
2023-10-31,11:25,4135.0,4195.0,4110.0,4220.0,1.75,0.0,1.0,175.0,5582.5
2023-11-01,11:25,4165.0,4260.0,4140.0,4285.0,2.85,0.0,1.0,285.0,5867.5
2023-11-02,11:25,4270.0,4325.0,4245.0,4350.0,1.3,0.0,1.0,130.0,5997.5
2023-11-03,11:25,4320.0,4380.0,4295.0,4405.0,1.4,0.0,1.0,140.0,6137.5
2023-11-06,11:25,4340.0,4390.0,4315.0,4415.0,1.15,0.0,1.0,115.0,6252.5
2023-11-07,11:25,4355.0,4400.0,4330.0,4425.0,1.15,0.0,1.0,115.0,6367.5
2023-11-08,11:25,4350.0,4395.0,4325.0,4420.0,1.4,0.0,1.0,140.0,6507.5
2023-11-09,11:25,4360.0,4410.0,4335.0,4435.0,1.65,13.5,-7.1818,-1185.0,5322.5
2023-11-10,11:25,4350.0,4400.0,4325.0,4425.0,1.35,16.45,-11.1852,-1510.0,3812.5
2023-11-13,11:25,4385.0,4435.0,4360.0,4460.0,1.2,0.0,1.0,120.0,3932.5
2023-11-14,11:25,4475.0,4525.0,4450.0,4550.0,1.5,0.0,1.0,150.0,4082.5
2023-11-15,11:25,4490.0,4540.0,4465.0,4565.0,1.45,0.0,1.0,145.0,4227.5
2023-11-16,11:25,4465.0,4515.0,4440.0,4540.0,1.4,0.0,1.0,140.0,4367.5
2023-11-17,11:25,4485.0,4530.0,4460.0,4555.0,1.3,0.0,1.0,130.0,4497.5
2023-11-20,11:25,4515.0,4550.0,4490.0,4575.0,1.3,0.0,1.0,130.0,4627.5
2023-11-21,11:25,4510.0,4550.0,4485.0,4575.0,1.25,0.0,1.0,125.0,4752.5
2023-11-22,11:25,4535.0,4575.0,4510.0,4600.0,1.25,0.0,1.0,125.0,4877.5
2023-11-24,11:25,4550.0,4565.0,4525.0,4590.0,0.6,0.0,1.0,60.0,4937.5
2023-11-27,11:25,4535.0,4565.0,4510.0,4590.0,1.25,0.0,1.0,125.0,5062.5
2023-11-28,11:25,4545.0,4580.0,4520.0,4605.0,1.1,0.0,1.0,110.0,5172.5
2023-11-29,11:25,4535.0,4580.0,4510.0,4605.0,1.25,0.0,1.0,125.0,5297.5
2023-11-30,11:25,4525.0,4570.0,4500.0,4595.0,1.35,0.025,0.9815,132.5,5430.0
2023-12-01,11:25,4545.0,4600.0,4520.0,4625.0,1.65,0.0,1.0,165.0,5595.0
2023-12-04,11:25,4530.0,4575.0,4505.0,4600.0,0.95,0.0,1.0,95.0,5690.0
2023-12-05,11:25,4540.0,4585.0,4515.0,4610.0,1.45,0.0,1.0,145.0,5835.0
2023-12-06,11:25,4550.0,4595.0,4525.0,4620.0,1.05,0.625,0.4048,42.5,5877.5
2023-12-07,11:25,4550.0,4590.0,4525.0,4615.0,1.45,0.0,1.0,145.0,6022.5
2023-12-08,11:25,4565.0,4610.0,4540.0,4635.0,1.65,0.0,1.0,165.0,6187.5
2023-12-11,11:25,4585.0,4625.0,4560.0,4650.0,1.1,0.0,1.0,110.0,6297.5
2023-12-12,11:25,4610.0,4650.0,4585.0,4675.0,1.15,0.0,1.0,115.0,6412.5
2023-12-13,11:25,4610.0,4690.0,4585.0,4715.0,2.2,18.2,-7.2727,-1600.0,4812.5
2023-12-14,11:25,4690.0,4745.0,4665.0,4770.0,1.45,0.0,1.0,145.0,4957.5
2023-12-15,11:25,4695.0,4745.0,4670.0,4770.0,1.2,0.0,1.0,120.0,5077.5
2023-12-18,11:25,4720.0,4755.0,4695.0,4780.0,1.2,0.0,1.0,120.0,5197.5
2023-12-19,11:25,4740.0,4780.0,4715.0,4805.0,0.9,0.0,1.0,90.0,5287.5
2023-12-20,11:25,4755.0,4790.0,4730.0,4815.0,1.25,24.8,-18.84,-2355.0,2932.5
2023-12-21,11:25,4695.0,4760.0,4670.0,4785.0,1.7,0.0,1.0,170.0,3102.5
2023-12-22,11:25,4735.0,4785.0,4710.0,4810.0,1.7,0.0,1.0,170.0,3272.5
2023-12-26,11:25,4740.0,4785.0,4715.0,4810.0,1.0,0.0,1.0,100.0,3372.5
2023-12-27,11:25,4750.0,4790.0,4725.0,4815.0,1.35,0.0,1.0,135.0,3507.5
2023-12-28,11:25,4760.0,4805.0,4735.0,4830.0,1.25,0.0,1.0,125.0,3632.5
2023-12-29,11:25,4725.0,4790.0,4700.0,4815.0,2.05,0.0,1.0,205.0,3837.5
2024-01-02,11:25,4715.0,4760.0,4690.0,4785.0,1.3,0.0,1.0,130.0,3967.5
2024-01-03,11:25,4685.0,4740.0,4660.0,4765.0,1.5,0.0,1.0,150.0,4117.5
2024-01-04,11:25,4700.0,4745.0,4675.0,4770.0,1.35,11.4,-7.4444,-1005.0,3112.5
2024-01-05,11:25,4680.0,4735.0,4655.0,4760.0,2.0,0.0,1.0,200.0,3312.5
2024-01-08,11:25,4695.0,4740.0,4670.0,4765.0,1.5,23.275,-14.5167,-2177.5,1135.0
2024-01-09,11:25,4730.0,4770.0,4705.0,4795.0,1.7,0.0,1.0,170.0,1305.0
2024-01-10,11:25,4740.0,4785.0,4715.0,4810.0,1.4,0.0,1.0,140.0,1445.0
2024-01-11,11:25,4715.0,4780.0,4690.0,4805.0,1.95,0.375,0.8077,157.5,1602.5
2024-01-12,11:25,4750.0,4810.0,4725.0,4835.0,1.5,0.0,1.0,150.0,1752.5
2024-01-16,11:25,4750.0,4805.0,4725.0,4830.0,1.45,0.0,1.0,145.0,1897.5
2024-01-17,11:25,4715.0,4770.0,4690.0,4795.0,1.35,0.0,1.0,135.0,2032.5
2024-01-18,11:25,4735.0,4785.0,4710.0,4810.0,1.35,0.0,1.0,135.0,2167.5
2024-01-19,11:25,4775.0,4830.0,4750.0,4855.0,1.8,8.65,-3.8056,-685.0,1482.5
2024-01-22,11:25,4830.0,4880.0,4805.0,4905.0,1.5,0.0,1.0,150.0,1632.5
2024-01-23,11:25,4820.0,4870.0,4795.0,4895.0,1.3,0.0,1.0,130.0,1762.5
2024-01-24,11:25,4870.0,4915.0,4845.0,4940.0,1.5,1.85,-0.2333,-35.0,1727.5
2024-01-25,11:25,4865.0,4915.0,4840.0,4940.0,1.6,0.0,1.0,160.0,1887.5
2024-01-26,11:25,4875.0,4925.0,4850.0,4950.0,1.7,0.0,1.0,170.0,2057.5
2024-01-29,11:25,4865.0,4910.0,4840.0,4935.0,1.4,18.25,-12.0357,-1685.0,372.5
2024-01-30,11:25,4900.0,4945.0,4875.0,4970.0,1.55,0.0,1.0,155.0,527.5
2024-01-31,11:25,4845.0,4935.0,4820.0,4960.0,2.55,0.55,0.7843,200.0,727.5
2024-02-01,11:25,4825.0,4890.0,4800.0,4915.0,1.8,11.7,-5.5,-990.0,-262.5
2024-02-02,11:25,4905.0,4965.0,4880.0,4990.0,1.8,0.05,0.9722,175.0,-87.5
2024-02-05,11:25,4900.0,4955.0,4875.0,4980.0,1.6,0.0,1.0,160.0,72.5
2024-02-06,11:25,4920.0,4975.0,4895.0,5000.0,1.6,0.0,1.0,160.0,232.5
2024-02-07,11:25,4955.0,5010.0,4930.0,5035.0,2.0,0.0,1.0,200.0,432.5
2024-02-08,11:25,4965.0,5015.0,4940.0,5040.0,1.35,0.0,1.0,135.0,567.5
2024-02-09,11:25,4985.0,5035.0,4960.0,5060.0,1.3,0.0,1.0,130.0,697.5
2024-02-12,11:25,5015.0,5065.0,4990.0,5090.0,1.0,0.0,1.0,100.0,797.5
2024-02-13,11:25,4935.0,4995.0,4910.0,5020.0,1.55,0.0,1.0,155.0,952.5
2024-02-14,11:25,4940.0,5005.0,4915.0,5030.0,1.6,0.0,1.0,160.0,1112.5
2024-02-15,11:25,4970.0,5030.0,4945.0,5055.0,1.85,0.3,0.8378,155.0,1267.5
2024-02-16,11:25,5000.0,5055.0,4975.0,5080.0,2.05,0.0,1.0,205.0,1472.5
2024-02-20,11:25,4950.0,5005.0,4925.0,5030.0,1.85,0.0,1.0,185.0,1657.5
2024-02-21,11:25,4945.0,4995.0,4920.0,5020.0,1.9,0.0,1.0,190.0,1847.5
2024-02-22,11:25,5030.0,5095.0,5005.0,5120.0,1.45,0.0,1.0,145.0,1992.5
2024-02-23,11:25,5055.0,5115.0,5030.0,5140.0,1.5,0.0,1.0,150.0,2142.5
2024-02-26,11:25,5055.0,5105.0,5030.0,5130.0,1.2,0.0,1.0,120.0,2262.5
2024-02-27,11:25,5045.0,5090.0,5020.0,5115.0,1.25,0.0,1.0,125.0,2387.5
2024-02-28,11:25,5050.0,5095.0,5025.0,5120.0,1.45,0.0,1.0,145.0,2532.5
2024-02-29,11:25,5055.0,5110.0,5030.0,5135.0,1.4,0.0,1.0,140.0,2672.5
2024-03-01,11:25,5090.0,5145.0,5065.0,5170.0,1.4,0.0,1.0,140.0,2812.5
2024-03-04,11:25,5110.0,5150.0,5085.0,5175.0,1.35,0.0,1.0,135.0,2947.5
2024-03-05,11:25,5065.0,5115.0,5040.0,5140.0,1.55,0.0,1.0,155.0,3102.5
2024-03-06,11:25,5090.0,5145.0,5065.0,5170.0,1.8,0.0,1.0,180.0,3282.5
2024-03-07,11:25,5120.0,5175.0,5095.0,5200.0,1.9,0.0,1.0,190.0,3472.5
2024-03-08,11:25,5125.0,5190.0,5100.0,5215.0,2.25,0.625,0.7222,162.5,3635.0
2024-03-11,11:25,5070.0,5135.0,5045.0,5160.0,1.7,0.0,1.0,170.0,3805.0
2024-03-12,11:25,5130.0,5200.0,5105.0,5225.0,1.8,0.0,1.0,180.0,3985.0
2024-03-13,11:25,5145.0,5195.0,5120.0,5220.0,1.5,0.0,1.0,150.0,4135.0
2024-03-14,11:25,5110.0,5180.0,5085.0,5205.0,1.75,0.0,1.0,175.0,4310.0
2024-03-15,11:25,5085.0,5155.0,5060.0,5180.0,2.1,0.0,1.0,210.0,4520.0
2024-03-18,11:25,5140.0,5190.0,5115.0,5215.0,1.35,0.0,1.0,135.0,4655.0
2024-03-19,11:25,5115.0,5165.0,5090.0,5190.0,1.8,15.25,-7.4722,-1345.0,3310.0
2024-03-20,11:25,5120.0,5235.0,5095.0,5260.0,3.1,0.0,1.0,310.0,3620.0
2024-03-21,11:25,5225.0,5275.0,5200.0,5300.0,1.4,0.0,1.0,140.0,3760.0
2024-03-22,11:25,5210.0,5260.0,5185.0,5285.0,1.05,0.0,1.0,105.0,3865.0
2024-03-25,11:25,5205.0,5245.0,5180.0,5270.0,0.95,0.0,1.0,95.0,3960.0
2024-03-26,11:25,5215.0,5250.0,5190.0,5275.0,1.05,10.45,-8.9524,-940.0,3020.0
2024-03-27,11:25,5190.0,5240.0,5165.0,5265.0,1.15,8.3,-6.2174,-715.0,2305.0
2024-03-28,11:25,5230.0,5275.0,5205.0,5300.0,1.45,0.0,1.0,145.0,2450.0
2024-04-01,11:25,5210.0,5260.0,5185.0,5285.0,1.3,0.0,1.0,130.0,2580.0
2024-04-02,11:25,5170.0,5220.0,5145.0,5245.0,1.4,0.0,1.0,140.0,2720.0
2024-04-03,11:25,5200.0,5250.0,5175.0,5275.0,1.4,0.0,1.0,140.0,2860.0
2024-04-04,11:25,5220.0,5265.0,5195.0,5290.0,0.95,25.35,-25.6842,-2440.0,420.0
2024-04-05,11:25,5145.0,5230.0,5120.0,5255.0,1.9,0.0,1.0,190.0,610.0
2024-04-08,11:25,5185.0,5240.0,5160.0,5265.0,1.3,0.0,1.0,130.0,740.0
2024-04-09,11:25,5140.0,5215.0,5115.0,5240.0,2.35,0.0,1.0,235.0,975.0
2024-04-10,11:25,5110.0,5195.0,5085.0,5220.0,2.45,0.0,1.0,245.0,1220.0
2024-04-11,11:25,5110.0,5190.0,5085.0,5215.0,2.3,9.25,-3.0217,-695.0,525.0
2024-04-12,11:25,5095.0,5190.0,5070.0,5215.0,2.45,0.0,1.0,245.0,770.0
2024-04-15,11:25,5080.0,5165.0,5055.0,5190.0,2.55,18.65,-6.3137,-1610.0,-840.0
2024-04-16,11:25,5000.0,5105.0,4975.0,5130.0,2.85,0.0,1.0,285.0,-555.0
2024-04-17,11:25,4995.0,5085.0,4970.0,5110.0,2.55,0.0,1.0,255.0,-300.0
2024-04-18,11:25,5010.0,5090.0,4985.0,5115.0,2.35,0.325,0.8617,202.5,-97.5
2024-04-19,11:25,4940.0,5035.0,4915.0,5060.0,2.15,0.0,1.0,215.0,117.5
2024-04-22,11:25,4935.0,5010.0,4910.0,5035.0,1.9,0.075,0.9605,182.5,300.0
2024-04-23,11:25,5025.0,5100.0,5000.0,5125.0,1.8,0.0,1.0,180.0,480.0
2024-04-24,11:25,5015.0,5090.0,4990.0,5115.0,1.7,0.0,1.0,170.0,650.0
2024-04-25,11:25,4970.0,5045.0,4945.0,5070.0,1.85,4.3,-1.3243,-245.0,405.0
2024-04-26,11:25,5050.0,5130.0,5025.0,5155.0,2.0,0.0,1.0,200.0,605.0
2024-04-29,11:25,5085.0,5135.0,5060.0,5160.0,1.5,0.0,1.0,150.0,755.0
2024-04-30,11:25,5045.0,5115.0,5020.0,5140.0,1.5,5.2,-2.4667,-370.0,385.0
2024-05-01,11:25,4960.0,5085.0,4935.0,5110.0,3.0,0.0,1.0,300.0,685.0
2024-05-02,11:25,4995.0,5080.0,4970.0,5105.0,1.95,0.0,1.0,195.0,880.0
2024-05-03,11:25,5065.0,5140.0,5040.0,5165.0,2.1,0.0,1.0,210.0,1090.0
2024-05-06,11:25,5125.0,5180.0,5100.0,5205.0,1.25,0.3,0.76,95.0,1185.0
2024-05-07,11:25,5165.0,5215.0,5140.0,5240.0,1.45,0.0,1.0,145.0,1330.0
2024-05-08,11:25,5155.0,5210.0,5130.0,5235.0,1.25,0.0,1.0,125.0,1455.0
2024-05-09,11:25,5180.0,5225.0,5155.0,5250.0,1.55,0.0,1.0,155.0,1610.0
2024-05-10,11:25,5185.0,5240.0,5160.0,5265.0,1.3,0.0,1.0,130.0,1740.0
2024-05-13,11:25,5200.0,5245.0,5175.0,5270.0,1.1,0.0,1.0,110.0,1850.0
2024-05-14,11:25,5200.0,5250.0,5175.0,5275.0,1.35,0.025,0.9815,132.5,1982.5
2024-05-15,11:25,5260.0,5315.0,5235.0,5340.0,1.25,0.0,1.0,125.0,2107.5
2024-05-16,11:25,5295.0,5340.0,5270.0,5365.0,1.3,0.15,0.8846,115.0,2222.5
2024-05-17,11:25,5270.0,5315.0,5245.0,5340.0,1.25,0.0,1.0,125.0,2347.5
2024-05-20,11:25,5300.0,5340.0,5275.0,5365.0,1.15,0.0,1.0,115.0,2462.5
2024-05-21,11:25,5295.0,5335.0,5270.0,5360.0,1.05,0.0,1.0,105.0,2567.5
2024-05-22,11:25,5300.0,5335.0,5275.0,5360.0,1.25,0.0,1.0,125.0,2692.5
2024-05-23,11:25,5280.0,5345.0,5255.0,5370.0,1.55,12.45,-7.0323,-1090.0,1602.5
2024-05-24,11:25,5275.0,5335.0,5250.0,5360.0,1.3,0.0,1.0,130.0,1732.5
2024-05-28,11:25,5285.0,5325.0,5260.0,5350.0,1.45,0.0,1.0,145.0,1877.5
2024-05-29,11:25,5245.0,5300.0,5220.0,5325.0,1.5,0.0,1.0,150.0,2027.5
2024-05-30,11:25,5215.0,5270.0,5190.0,5295.0,1.4,0.0,1.0,140.0,2167.5
2024-05-31,11:25,5175.0,5240.0,5150.0,5265.0,1.9,24.9,-12.1053,-2300.0,-132.5
2024-06-03,11:25,5235.0,5300.0,5210.0,5325.0,1.95,0.0,1.0,195.0,62.5
2024-06-04,11:25,5230.0,5300.0,5205.0,5325.0,1.95,0.0,1.0,195.0,257.5
2024-06-05,11:25,5290.0,5355.0,5265.0,5380.0,1.65,0.0,1.0,165.0,422.5
2024-06-06,11:25,5320.0,5375.0,5295.0,5400.0,1.65,0.0,1.0,165.0,587.5
2024-06-07,11:25,5320.0,5385.0,5295.0,5410.0,2.1,0.0,1.0,210.0,797.5
2024-06-10,11:25,5320.0,5370.0,5295.0,5395.0,1.4,0.0,1.0,140.0,937.5
2024-06-11,11:25,5320.0,5375.0,5295.0,5400.0,1.3,1.0,0.2308,30.0,967.5
2024-06-12,11:25,5380.0,5485.0,5355.0,5510.0,2.85,0.0,1.0,285.0,1252.5
2024-06-13,11:25,5380.0,5445.0,5355.0,5470.0,1.95,0.0,1.0,195.0,1447.5
2024-06-14,11:25,5385.0,5445.0,5360.0,5470.0,1.5,0.0,1.0,150.0,1597.5
2024-06-17,11:25,5415.0,5465.0,5390.0,5490.0,1.4,8.8,-5.2857,-740.0,857.5
2024-06-18,11:25,5445.0,5500.0,5420.0,5525.0,2.0,0.0,1.0,200.0,1057.5
2024-06-20,11:25,5465.0,5520.0,5440.0,5545.0,1.65,0.0,1.0,165.0,1222.5
2024-06-21,11:25,5440.0,5500.0,5415.0,5525.0,1.85,0.0,1.0,185.0,1407.5
2024-06-24,11:25,5445.0,5505.0,5420.0,5530.0,1.4,0.0,1.0,140.0,1547.5
2024-06-25,11:25,5435.0,5485.0,5410.0,5510.0,1.6,0.0,1.0,160.0,1707.5
2024-06-26,11:25,5435.0,5485.0,5410.0,5510.0,1.7,0.025,0.9853,167.5,1875.0
2024-06-27,11:25,5445.0,5505.0,5420.0,5530.0,1.4,0.0,1.0,140.0,2015.0
2024-06-28,11:25,5465.0,5535.0,5440.0,5560.0,1.7,5.9,-2.4706,-420.0,1595.0
2024-07-01,11:25,5420.0,5490.0,5395.0,5515.0,2.0,0.0,1.0,200.0,1795.0
2024-07-02,11:25,5450.0,5505.0,5425.0,5530.0,1.3,4.2,-2.2308,-290.0,1505.0
2024-07-03,11:25,5505.0,5535.0,5480.0,5560.0,0.9,0.8,0.1111,10.0,1515.0
2024-07-05,11:25,5520.0,5570.0,5495.0,5595.0,1.45,0.0,1.0,145.0,1660.0
2024-07-08,11:25,5550.0,5595.0,5525.0,5620.0,1.15,0.0,1.0,115.0,1775.0
2024-07-09,11:25,5555.0,5600.0,5530.0,5625.0,1.5,0.0,1.0,150.0,1925.0
2024-07-10,11:25,5570.0,5610.0,5545.0,5635.0,1.3,23.6,-17.1538,-2230.0,-305.0
2024-07-11,11:25,5555.0,5625.0,5530.0,5650.0,2.15,0.0,1.0,215.0,-90.0
2024-07-12,11:25,5600.0,5655.0,5575.0,5680.0,1.6,0.0,1.0,160.0,70.0
2024-07-15,11:25,5630.0,5695.0,5605.0,5720.0,2.1,0.95,0.5476,115.0,185.0
2024-07-16,11:25,5620.0,5685.0,5595.0,5710.0,1.5,0.0,1.0,150.0,335.0
2024-07-17,11:25,5565.0,5635.0,5540.0,5660.0,2.0,0.0,1.0,200.0,535.0
2024-07-18,11:25,5520.0,5600.0,5495.0,5625.0,1.95,0.0,1.0,195.0,730.0
2024-07-19,11:25,5480.0,5565.0,5455.0,5590.0,2.25,0.0,1.0,225.0,955.0
2024-07-22,11:25,5495.0,5575.0,5470.0,5600.0,1.95,0.0,1.0,195.0,1150.0
2024-07-23,11:25,5550.0,5610.0,5525.0,5635.0,1.55,0.0,1.0,155.0,1305.0
2024-07-24,11:25,5415.0,5500.0,5390.0,5525.0,1.85,0.0,1.0,185.0,1490.0
2024-07-25,11:25,5400.0,5500.0,5375.0,5525.0,2.45,0.925,0.6224,152.5,1642.5
2024-07-26,11:25,5400.0,5495.0,5375.0,5520.0,2.6,0.0,1.0,260.0,1902.5
2024-07-29,11:25,5410.0,5495.0,5385.0,5520.0,2.25,0.0,1.0,225.0,2127.5
2024-07-30,11:25,5395.0,5485.0,5370.0,5510.0,2.2,0.0,1.0,220.0,2347.5
2024-07-31,11:25,5460.0,5580.0,5435.0,5605.0,3.15,0.0,1.0,315.0,2662.5
2024-08-01,11:25,5425.0,5530.0,5400.0,5555.0,2.6,0.0,1.0,260.0,2922.5
2024-08-02,11:25,5230.0,5390.0,5205.0,5415.0,2.35,0.0,1.0,235.0,3157.5
2024-08-05,11:25,5120.0,5315.0,5095.0,5340.0,2.6,0.0,1.0,260.0,3417.5
2024-08-06,11:25,5180.0,5320.0,5155.0,5345.0,3.05,0.0,1.0,305.0,3722.5
2024-08-07,11:25,5240.0,5360.0,5215.0,5385.0,2.55,24.8,-8.7255,-2225.0,1497.5
2024-08-08,11:25,5210.0,5350.0,5185.0,5375.0,3.05,0.0,1.0,305.0,1802.5
2024-08-09,11:25,5265.0,5380.0,5240.0,5405.0,2.65,0.0,1.0,265.0,2067.5
2024-08-12,11:25,5270.0,5380.0,5245.0,5405.0,2.7,0.0,1.0,270.0,2337.5
2024-08-13,11:25,5355.0,5435.0,5330.0,5460.0,2.05,0.6,0.7073,145.0,2482.5
2024-08-14,11:25,5395.0,5480.0,5370.0,5505.0,2.0,0.0,1.0,200.0,2682.5
2024-08-15,11:25,5490.0,5555.0,5465.0,5580.0,1.45,0.0,1.0,145.0,2827.5
2024-08-16,11:25,5495.0,5570.0,5470.0,5595.0,1.7,0.0,1.0,170.0,2997.5
2024-08-19,11:25,5545.0,5600.0,5520.0,5625.0,1.5,4.3,-1.8667,-280.0,2717.5
2024-08-20,11:25,5560.0,5625.0,5535.0,5650.0,1.9,0.0,1.0,190.0,2907.5
2024-08-21,11:25,5570.0,5645.0,5545.0,5670.0,1.85,0.0,1.0,185.0,3092.5
2024-08-22,11:25,5565.0,5640.0,5540.0,5665.0,2.2,0.5,0.7727,170.0,3262.5
2024-08-23,11:25,5575.0,5670.0,5550.0,5695.0,2.05,0.0,1.0,205.0,3467.5
2024-08-26,11:25,5580.0,5655.0,5555.0,5680.0,1.9,0.0,1.0,190.0,3657.5
2024-08-27,11:25,5590.0,5650.0,5565.0,5675.0,1.65,0.0,1.0,165.0,3822.5
2024-08-28,11:25,5555.0,5620.0,5530.0,5645.0,2.1,0.0,1.0,210.0,4032.5
2024-08-29,11:25,5590.0,5660.0,5565.0,5685.0,2.15,0.075,0.9651,207.5,4240.0
2024-08-30,11:25,5555.0,5640.0,5530.0,5665.0,1.95,9.45,-3.8462,-750.0,3490.0
2024-09-03,11:25,5530.0,5615.0,5505.0,5640.0,1.95,1.5,0.2308,45.0,3535.0
2024-09-04,11:25,5490.0,5580.0,5465.0,5605.0,2.35,0.0,1.0,235.0,3770.0
2024-09-05,11:25,5445.0,5540.0,5420.0,5565.0,2.6,0.0,1.0,260.0,4030.0
2024-09-06,11:25,5365.0,5480.0,5340.0,5505.0,2.75,0.0,1.0,275.0,4305.0
2024-09-09,11:25,5390.0,5480.0,5365.0,5505.0,2.25,0.0,1.0,225.0,4530.0
2024-09-10,11:25,5435.0,5515.0,5410.0,5540.0,2.15,0.0,1.0,215.0,4745.0
2024-09-11,11:25,5375.0,5475.0,5350.0,5500.0,2.65,25.0,-8.434,-2235.0,2510.0
2024-09-12,11:25,5505.0,5605.0,5480.0,5630.0,2.4,0.0,1.0,240.0,2750.0
2024-09-13,11:25,5580.0,5660.0,5555.0,5685.0,2.1,0.0,1.0,210.0,2960.0
2024-09-16,11:25,5580.0,5650.0,5555.0,5675.0,1.95,0.0,1.0,195.0,3155.0
2024-09-17,11:25,5615.0,5690.0,5590.0,5715.0,1.95,0.0,1.0,195.0,3350.0
2024-09-18,11:25,5525.0,5710.0,5500.0,5735.0,3.85,0.0,1.0,385.0,3735.0
2024-09-19,11:25,5670.0,5750.0,5645.0,5775.0,2.15,0.0,1.0,215.0,3950.0
2024-09-20,11:25,5640.0,5720.0,5615.0,5745.0,2.05,0.0,1.0,205.0,4155.0
2024-09-23,11:25,5685.0,5745.0,5660.0,5770.0,1.55,0.0,1.0,155.0,4310.0
2024-09-24,11:25,5690.0,5745.0,5665.0,5770.0,1.3,0.0,1.0,130.0,4440.0
2024-09-25,11:25,5700.0,5755.0,5675.0,5780.0,1.35,0.0,1.0,135.0,4575.0
2024-09-26,11:25,5700.0,5765.0,5675.0,5790.0,1.6,0.0,1.0,160.0,4735.0
2024-09-27,11:25,5720.0,5775.0,5695.0,5800.0,1.45,0.0,1.0,145.0,4880.0
2024-09-30,11:25,5695.0,5765.0,5670.0,5790.0,1.55,0.175,0.8871,137.5,5017.5
2024-10-01,11:25,5635.0,5735.0,5610.0,5760.0,2.35,0.0,1.0,235.0,5252.5
2024-10-02,11:25,5670.0,5750.0,5645.0,5775.0,2.15,0.0,1.0,215.0,5467.5
2024-10-03,11:25,5650.0,5735.0,5625.0,5760.0,2.15,0.0,1.0,215.0,5682.5
2024-10-04,11:25,5655.0,5750.0,5630.0,5775.0,2.2,0.75,0.6591,145.0,5827.5
2024-10-07,11:25,5700.0,5765.0,5675.0,5790.0,1.7,4.8,-1.8235,-310.0,5517.5
2024-10-08,11:25,5695.0,5765.0,5670.0,5790.0,1.95,0.0,1.0,195.0,5712.5
2024-10-09,11:25,5735.0,5810.0,5710.0,5835.0,1.95,0.0,1.0,195.0,5907.5
2024-10-10,11:25,5745.0,5810.0,5720.0,5835.0,1.65,0.0,1.0,165.0,6072.5
2024-10-11,11:25,5770.0,5835.0,5745.0,5860.0,1.85,0.0,1.0,185.0,6257.5
2024-10-14,11:25,5820.0,5870.0,5795.0,5895.0,1.25,0.0,1.0,125.0,6382.5
2024-10-15,11:25,5810.0,5870.0,5785.0,5895.0,1.65,0.0,1.0,165.0,6547.5
2024-10-16,11:25,5790.0,5850.0,5765.0,5875.0,1.75,0.0,1.0,175.0,6722.5
2024-10-17,11:25,5820.0,5885.0,5795.0,5910.0,1.45,0.0,1.0,145.0,6867.5
2024-10-18,11:25,5830.0,5885.0,5805.0,5910.0,1.3,0.0,1.0,130.0,6997.5
2024-10-21,11:25,5790.0,5855.0,5765.0,5880.0,1.7,0.0,1.0,170.0,7167.5
2024-10-22,11:25,5810.0,5860.0,5785.0,5885.0,1.6,0.0,1.0,160.0,7327.5
2024-10-23,11:25,5775.0,5845.0,5750.0,5870.0,1.7,0.0,1.0,170.0,7497.5
2024-10-24,11:25,5765.0,5835.0,5740.0,5860.0,1.8,0.0,1.0,180.0,7677.5
2024-10-25,11:25,5805.0,5875.0,5780.0,5900.0,1.3,0.05,0.9615,125.0,7802.5
2024-10-28,11:25,5795.0,5860.0,5770.0,5885.0,1.4,0.0,1.0,140.0,7942.5
2024-10-29,11:25,5800.0,5850.0,5775.0,5875.0,1.5,0.0,1.0,150.0,8092.5
2024-10-30,11:25,5810.0,5860.0,5785.0,5885.0,1.65,0.0,1.0,165.0,8257.5
2024-10-31,11:25,5690.0,5775.0,5665.0,5800.0,1.95,0.0,1.0,195.0,8452.5
2024-11-01,11:25,5725.0,5795.0,5700.0,5820.0,1.75,0.025,0.9857,172.5,8625.0
2024-11-04,11:25,5685.0,5760.0,5660.0,5785.0,1.7,0.0,1.0,170.0,8795.0
2024-11-05,11:25,5720.0,5795.0,5695.0,5820.0,2.0,0.0,1.0,200.0,8995.0
2024-11-06,11:25,5845.0,5930.0,5820.0,5955.0,2.0,0.0,1.0,200.0,9195.0
2024-11-07,11:25,5915.0,6005.0,5890.0,6030.0,2.6,0.0,1.0,260.0,9455.0
2024-11-08,11:25,5970.0,6020.0,5945.0,6045.0,1.35,0.0,1.0,135.0,9590.0
2024-11-11,11:25,5985.0,6030.0,5960.0,6055.0,1.35,0.0,1.0,135.0,9725.0
2024-11-12,11:25,5955.0,6010.0,5930.0,6035.0,1.65,0.0,1.0,165.0,9890.0
2024-11-13,11:25,5960.0,6015.0,5935.0,6040.0,1.5,0.0,1.0,150.0,10040.0
2024-11-14,11:25,5950.0,6005.0,5925.0,6030.0,1.85,3.1,-0.6757,-125.0,9915.0
2024-11-15,11:25,5850.0,5920.0,5825.0,5945.0,1.75,0.0,1.0,175.0,10090.0
2024-11-18,11:25,5870.0,5930.0,5845.0,5955.0,1.5,0.0,1.0,150.0,10240.0
2024-11-19,11:25,5865.0,5925.0,5840.0,5950.0,1.75,0.0,1.0,175.0,10415.0
2024-11-20,11:25,5840.0,5915.0,5815.0,5940.0,2.05,1.275,0.378,77.5,10492.5
2024-11-21,11:25,5885.0,5970.0,5860.0,5995.0,2.5,0.0,1.0,250.0,10742.5
2024-11-22,11:25,5915.0,5990.0,5890.0,6015.0,1.65,0.0,1.0,165.0,10907.5
2024-11-25,11:25,5965.0,6020.0,5940.0,6045.0,1.55,0.0,1.0,155.0,11062.5
2024-11-26,11:25,5975.0,6025.0,5950.0,6050.0,1.6,0.0,1.0,160.0,11222.5
2024-11-27,11:25,5965.0,6020.0,5940.0,6045.0,1.5,0.0,1.0,150.0,11372.5
2024-11-29,11:25,6020.0,6050.0,5995.0,6075.0,0.85,0.0,1.0,85.0,11457.5
2024-12-02,11:25,6020.0,6060.0,5995.0,6085.0,1.15,0.0,1.0,115.0,11572.5
2024-12-03,11:25,6020.0,6060.0,5995.0,6085.0,1.1,0.0,1.0,110.0,11682.5
2024-12-04,11:25,6050.0,6095.0,6025.0,6120.0,1.25,0.0,1.0,125.0,11807.5
2024-12-05,11:25,6065.0,6105.0,6040.0,6130.0,1.05,0.0,1.0,105.0,11912.5
2024-12-06,11:25,6060.0,6105.0,6035.0,6130.0,1.2,0.0,1.0,120.0,12032.5
2024-12-09,11:25,6040.0,6085.0,6015.0,6110.0,1.25,0.0,1.0,125.0,12157.5
2024-12-10,11:25,6030.0,6075.0,6005.0,6100.0,0.95,0.0,1.0,95.0,12252.5
2024-12-11,11:25,6055.0,6095.0,6030.0,6120.0,1.1,0.0,1.0,110.0,12362.5
2024-12-12,11:25,6055.0,6095.0,6030.0,6120.0,0.95,0.75,0.2105,20.0,12382.5
2024-12-13,11:25,6020.0,6070.0,5995.0,6095.0,1.3,0.0,1.0,130.0,12512.5
2024-12-16,11:25,6055.0,6090.0,6030.0,6115.0,1.4,0.0,1.0,140.0,12652.5
2024-12-17,11:25,6025.0,6070.0,6000.0,6095.0,1.2,0.0,1.0,120.0,12772.5
2024-12-18,11:25,6010.0,6095.0,5985.0,6120.0,2.65,24.3,-8.1698,-2165.0,10607.5
2024-12-19,11:25,5845.0,5965.0,5820.0,5990.0,2.25,0.0,1.0,225.0,10832.5
2024-12-20,11:25,5890.0,6000.0,5865.0,6025.0,2.45,0.0,1.0,245.0,11077.5
2024-12-23,11:25,5885.0,5965.0,5860.0,5990.0,2.25,11.85,-4.2667,-960.0,10117.5
2024-12-24,11:25,6000.0,6035.0,5975.0,6060.0,0.85,0.225,0.7353,62.5,10180.0
2024-12-26,11:25,6000.0,6060.0,5975.0,6085.0,1.6,0.0,1.0,160.0,10340.0
2024-12-27,11:25,5905.0,6000.0,5880.0,6025.0,2.25,0.0,1.0,225.0,10565.0
2024-12-30,11:25,5855.0,5945.0,5830.0,5970.0,2.5,0.0,1.0,250.0,10815.0
2024-12-31,11:25,5835.0,5945.0,5810.0,5970.0,2.5,0.0,1.0,250.0,11065.0
2025-01-02,11:25,5845.0,5945.0,5820.0,5970.0,2.35,0.0,1.0,235.0,11300.0
2025-01-03,11:25,5865.0,5950.0,5840.0,5975.0,2.2,0.0,1.0,220.0,11520.0
2025-01-06,11:25,5985.0,6040.0,5960.0,6065.0,1.4,10.0,-6.1429,-860.0,10660.0
2025-01-07,11:25,5900.0,5990.0,5875.0,6015.0,2.25,0.0,1.0,225.0,10885.0
2025-01-08,11:25,5855.0,5950.0,5830.0,5975.0,2.45,0.0,1.0,245.0,11130.0
2025-01-10,11:25,5775.0,5875.0,5750.0,5900.0,2.35,0.0,1.0,235.0,11365.0
2025-01-13,11:25,5745.0,5840.0,5720.0,5865.0,2.45,0.0,1.0,245.0,11610.0
2025-01-14,11:25,5780.0,5880.0,5755.0,5905.0,2.4,0.0,1.0,240.0,11850.0
2025-01-15,11:25,5880.0,5970.0,5855.0,5995.0,2.3,0.0,1.0,230.0,12080.0
2025-01-16,11:25,5910.0,5985.0,5885.0,6010.0,2.4,0.0,1.0,240.0,12320.0
2025-01-17,11:25,5970.0,6035.0,5945.0,6060.0,1.65,0.0,1.0,165.0,12485.0
2025-01-21,11:25,5995.0,6055.0,5970.0,6080.0,1.7,0.0,1.0,170.0,12655.0
2025-01-22,11:25,6055.0,6110.0,6030.0,6135.0,1.25,0.0,1.0,125.0,12780.0
2025-01-23,11:25,6065.0,6120.0,6040.0,6145.0,1.3,0.0,1.0,130.0,12910.0
2025-01-24,11:25,6090.0,6140.0,6065.0,6165.0,1.3,0.0,1.0,130.0,13040.0
2025-01-27,11:25,5940.0,6030.0,5915.0,6055.0,2.25,0.0,1.0,225.0,13265.0
2025-01-28,11:25,6000.0,6075.0,5975.0,6100.0,1.7,0.0,1.0,170.0,13435.0
2025-01-29,11:25,5990.0,6100.0,5965.0,6125.0,2.45,0.0,1.0,245.0,13680.0
2025-01-30,11:25,6000.0,6080.0,5975.0,6105.0,2.05,0.0,1.0,205.0,13885.0
2025-01-31,11:25,6075.0,6145.0,6050.0,6170.0,1.6,25.0,-14.625,-2340.0,11545.0
2025-02-03,11:25,5945.0,6060.0,5920.0,6085.0,2.75,0.0,1.0,275.0,11820.0
2025-02-04,11:25,5990.0,6065.0,5965.0,6090.0,2.0,0.0,1.0,200.0,12020.0
2025-02-05,11:25,5980.0,6055.0,5955.0,6080.0,1.9,4.95,-1.6053,-305.0,11715.0
2025-02-06,11:25,6040.0,6105.0,6015.0,6130.0,1.6,0.0,1.0,160.0,11875.0
2025-02-07,11:25,5990.0,6095.0,5965.0,6120.0,2.1,0.0,1.0,210.0,12085.0
2025-02-10,11:25,6025.0,6090.0,6000.0,6115.0,1.65,0.0,1.0,165.0,12250.0
2025-02-11,11:25,6030.0,6090.0,6005.0,6115.0,1.5,0.0,1.0,150.0,12400.0
2025-02-12,11:25,5975.0,6060.0,5950.0,6085.0,2.0,0.0,1.0,200.0,12600.0
2025-02-13,11:25,6045.0,6115.0,6020.0,6140.0,1.9,0.65,0.6579,125.0,12725.0
2025-02-14,11:25,6075.0,6140.0,6050.0,6165.0,1.7,0.0,1.0,170.0,12895.0
2025-02-18,11:25,6085.0,6140.0,6060.0,6165.0,1.25,0.0,1.0,125.0,13020.0
2025-02-19,11:25,6095.0,6150.0,6070.0,6175.0,1.1,0.0,1.0,110.0,13130.0
2025-02-20,11:25,6055.0,6130.0,6030.0,6155.0,1.8,0.0,1.0,180.0,13310.0
2025-02-21,11:25,6050.0,6120.0,6025.0,6145.0,1.9,25.05,-12.1842,-2315.0,10995.0
2025-02-24,11:25,5960.0,6045.0,5935.0,6070.0,1.85,0.0,1.0,185.0,11180.0
2025-02-25,11:25,5880.0,5980.0,5855.0,6005.0,2.5,0.0,1.0,250.0,11430.0
2025-02-26,11:25,5960.0,6035.0,5935.0,6060.0,1.95,3.3,-0.6923,-135.0,11295.0
2025-02-27,11:25,5905.0,6015.0,5880.0,6040.0,2.45,24.95,-9.1837,-2250.0,9045.0
2025-02-28,11:25,5810.0,5935.0,5785.0,5960.0,2.65,21.425,-7.0849,-1877.5,7167.5
2025-03-03,11:25,5895.0,6005.0,5870.0,6030.0,2.65,24.8,-8.3585,-2215.0,4952.5
2025-03-04,11:25,5665.0,5820.0,5640.0,5845.0,2.4,0.05,0.9792,235.0,5187.5
2025-03-05,11:25,5670.0,5845.0,5645.0,5870.0,3.05,0.05,0.9836,300.0,5487.5
2025-03-06,11:25,5710.0,5875.0,5685.0,5900.0,3.15,0.0,1.0,315.0,5802.5
2025-03-07,11:25,5605.0,5790.0,5580.0,5815.0,3.4,0.0,1.0,340.0,6142.5
2025-03-10,11:25,5585.0,5750.0,5560.0,5775.0,3.25,0.0,1.0,325.0,6467.5
2025-03-11,11:25,5490.0,5665.0,5465.0,5690.0,3.45,0.0,1.0,345.0,6812.5
2025-03-12,11:25,5490.0,5655.0,5465.0,5680.0,3.1,0.0,1.0,310.0,7122.5
2025-03-13,11:25,5490.0,5630.0,5465.0,5655.0,3.1,0.0,1.0,310.0,7432.5
2025-03-14,11:25,5550.0,5670.0,5525.0,5695.0,2.35,0.0,1.0,235.0,7667.5
2025-03-17,11:25,5600.0,5700.0,5575.0,5725.0,2.4,0.0,1.0,240.0,7907.5
2025-03-18,11:25,5550.0,5665.0,5525.0,5690.0,2.7,0.0,1.0,270.0,8177.5
2025-03-19,11:25,5570.0,5715.0,5545.0,5740.0,2.9,0.0,1.0,290.0,8467.5
2025-03-20,11:25,5640.0,5740.0,5615.0,5765.0,2.45,0.0,1.0,245.0,8712.5
2025-03-21,11:25,5565.0,5675.0,5540.0,5700.0,2.75,0.0,1.0,275.0,8987.5
2025-03-24,11:25,5715.0,5790.0,5690.0,5815.0,1.5,0.0,1.0,150.0,9137.5
2025-03-25,11:25,5745.0,5810.0,5720.0,5835.0,1.6,0.0,1.0,160.0,9297.5
2025-03-26,11:25,5715.0,5785.0,5690.0,5810.0,1.95,2.35,-0.2051,-40.0,9257.5
2025-03-27,11:25,5680.0,5765.0,5655.0,5790.0,2.25,0.0,1.0,225.0,9482.5
2025-03-28,11:25,5550.0,5665.0,5525.0,5690.0,2.2,0.0,1.0,220.0,9702.5
2025-03-31,11:25,5490.0,5610.0,5465.0,5635.0,2.65,12.3,-3.6415,-965.0,8737.5
2025-04-01,11:25,5575.0,5685.0,5550.0,5710.0,2.6,0.0,1.0,260.0,8997.5
2025-04-02,11:25,5580.0,5705.0,5555.0,5730.0,2.95,0.0,1.0,295.0,9292.5
2025-04-03,11:25,5360.0,5530.0,5335.0,5555.0,2.65,0.0,1.0,265.0,9557.5
2025-04-08,11:25,5000.0,5285.0,4975.0,5310.0,3.2,16.35,-4.1094,-1315.0,8242.5
2025-04-09,11:25,4820.0,5175.0,4795.0,5200.0,3.4,25.0,-6.3529,-2160.0,6082.5
2025-04-11,11:25,5045.0,5390.0,5020.0,5415.0,3.15,0.0,1.0,315.0,6397.5
2025-04-14,11:25,5320.0,5500.0,5295.0,5525.0,2.65,0.0,1.0,265.0,6662.5
2025-04-15,11:25,5360.0,5495.0,5335.0,5520.0,2.3,0.0,1.0,230.0,6892.5
2025-04-16,11:25,5280.0,5440.0,5255.0,5465.0,2.7,4.9,-0.8148,-220.0,6672.5
2025-04-17,11:25,5215.0,5360.0,5190.0,5385.0,2.9,0.0,1.0,290.0,6962.5
2025-04-21,11:25,5080.0,5225.0,5055.0,5250.0,2.55,0.0,1.0,255.0,7217.5
2025-04-22,11:25,5200.0,5325.0,5175.0,5350.0,1.95,0.0,1.0,195.0,7412.5
2025-04-23,11:25,5305.0,5515.0,5280.0,5540.0,2.65,0.0,1.0,265.0,7677.5
2025-04-24,11:25,5360.0,5510.0,5335.0,5535.0,2.6,0.0,1.0,260.0,7937.5
2025-04-25,11:25,5420.0,5545.0,5395.0,5570.0,2.15,0.0,1.0,215.0,8152.5
2025-04-28,11:25,5430.0,5550.0,5405.0,5575.0,2.55,0.0,1.0,255.0,8407.5
2025-04-29,11:25,5465.0,5585.0,5440.0,5610.0,2.25,0.0,1.0,225.0,8632.5
2025-04-30,11:25,5430.0,5575.0,5405.0,5600.0,2.9,0.15,0.9483,275.0,8907.5
2025-05-01,11:25,5585.0,5700.0,5560.0,5725.0,2.3,0.0,1.0,230.0,9137.5
2025-05-02,11:25,5610.0,5715.0,5585.0,5740.0,2.1,0.0,1.0,210.0,9347.5
2025-05-05,11:25,5620.0,5710.0,5595.0,5735.0,1.8,0.0,1.0,180.0,9527.5
2025-05-06,11:25,5585.0,5675.0,5560.0,5700.0,2.1,0.0,1.0,210.0,9737.5
2025-05-07,11:25,5525.0,5685.0,5500.0,5710.0,2.8,0.0,1.0,280.0,10017.5
2025-05-08,11:25,5610.0,5730.0,5585.0,5755.0,2.6,0.0,1.0,260.0,10277.5
2025-05-09,11:25,5600.0,5710.0,5575.0,5735.0,2.05,0.0,1.0,205.0,10482.5
2025-05-12,11:25,5750.0,5850.0,5725.0,5875.0,2.3,0.0,1.0,230.0,10712.5
2025-05-13,11:25,5845.0,5930.0,5820.0,5955.0,1.7,0.0,1.0,170.0,10882.5
2025-05-14,11:25,5850.0,5930.0,5825.0,5955.0,2.05,0.0,1.0,205.0,11087.5
2025-05-15,11:25,5855.0,5935.0,5830.0,5960.0,2.0,0.0,1.0,200.0,11287.5
2025-05-16,11:25,5880.0,5955.0,5855.0,5980.0,1.7,3.125,-0.8382,-142.5,11145.0
2025-05-19,11:25,5895.0,5975.0,5870.0,6000.0,1.85,0.0,1.0,185.0,11330.0
2025-05-20,11:25,5905.0,5980.0,5880.0,6005.0,1.8,0.0,1.0,180.0,11510.0
2025-05-21,11:25,5895.0,5970.0,5870.0,5995.0,2.3,24.9,-9.8261,-2260.0,9250.0
2025-05-22,11:25,5795.0,5895.0,5770.0,5920.0,2.45,0.0,1.0,245.0,9495.0
2025-05-23,11:25,5735.0,5850.0,5710.0,5875.0,2.45,0.0,1.0,245.0,9740.0
2025-05-27,11:25,5860.0,5925.0,5835.0,5950.0,1.65,0.0,1.0,165.0,9905.0
2025-05-28,11:25,5870.0,5945.0,5845.0,5970.0,1.9,0.0,1.0,190.0,10095.0
2025-05-29,11:25,5865.0,5960.0,5840.0,5985.0,2.5,0.0,1.0,250.0,10345.0
2025-05-30,11:25,5845.0,5945.0,5820.0,5970.0,2.3,0.0,1.0,230.0,10575.0
2025-06-02,11:25,5855.0,5940.0,5830.0,5965.0,1.9,0.0,1.0,190.0,10765.0
2025-06-03,11:25,5925.0,5990.0,5900.0,6015.0,1.65,0.0,1.0,165.0,10930.0
2025-06-04,11:25,5945.0,6015.0,5920.0,6040.0,1.85,0.0,1.0,185.0,11115.0
2025-06-05,11:25,5955.0,6030.0,5930.0,6055.0,2.05,14.575,-6.1098,-1252.5,9862.5
2025-06-06,11:25,5945.0,6025.0,5920.0,6050.0,2.15,0.0,1.0,215.0,10077.5
2025-06-09,11:25,5965.0,6035.0,5940.0,6060.0,1.75,0.0,1.0,175.0,10252.5
2025-06-10,11:25,5980.0,6055.0,5955.0,6080.0,1.4,0.0,1.0,140.0,10392.5
2025-06-11,11:25,6015.0,6085.0,5990.0,6110.0,1.4,0.0,1.0,140.0,10532.5
2025-06-12,11:25,5975.0,6065.0,5950.0,6090.0,1.8,0.0,1.0,180.0,10712.5
2025-06-13,11:25,5960.0,6045.0,5935.0,6070.0,2.2,0.0,1.0,220.0,10932.5
2025-06-16,11:25,6000.0,6075.0,5975.0,6100.0,1.35,0.0,1.0,135.0,11067.5
2025-06-17,11:25,5975.0,6040.0,5950.0,6065.0,1.7,0.0,1.0,170.0,11237.5
2025-06-18,11:25,5940.0,6055.0,5915.0,6080.0,2.35,0.0,1.0,235.0,11472.5
2025-06-20,11:25,5925.0,6015.0,5900.0,6040.0,2.2,0.0,1.0,220.0,11692.5
2025-06-23,11:25,5945.0,6025.0,5920.0,6050.0,1.65,0.55,0.6667,110.0,11802.5
2025-06-24,11:25,6040.0,6105.0,6015.0,6130.0,1.35,0.0,1.0,135.0,11937.5
2025-06-25,11:25,6060.0,6120.0,6035.0,6145.0,1.55,0.0,1.0,155.0,12092.5
2025-06-26,11:25,6100.0,6155.0,6075.0,6180.0,1.1,0.0,1.0,110.0,12202.5
2025-06-27,11:25,6145.0,6200.0,6120.0,6225.0,1.25,0.0,1.0,125.0,12327.5
2025-06-30,11:25,6145.0,6215.0,6120.0,6240.0,2.05,0.0,1.0,205.0,12532.5
2025-07-01,11:25,6155.0,6220.0,6130.0,6245.0,1.35,0.0,1.0,135.0,12667.5
2025-07-02,11:25,6180.0,6235.0,6155.0,6260.0,1.25,0.0,1.0,125.0,12792.5
2025-07-03,11:25,6250.0,6295.0,6225.0,6320.0,0.85,0.0,1.0,85.0,12877.5
2025-07-07,11:25,6200.0,6270.0,6175.0,6295.0,1.4,0.0,1.0,140.0,13017.5
2025-07-08,11:25,6185.0,6250.0,6160.0,6275.0,1.65,0.0,1.0,165.0,13182.5
2025-07-09,11:25,6200.0,6270.0,6175.0,6295.0,1.85,0.0,1.0,185.0,13367.5
2025-07-10,11:25,6245.0,6295.0,6220.0,6320.0,1.55,0.0,1.0,155.0,13522.5
2025-07-11,11:25,6215.0,6285.0,6190.0,6310.0,1.4,0.0,1.0,140.0,13662.5
2025-07-14,11:25,6230.0,6280.0,6205.0,6305.0,1.3,0.0,1.0,130.0,13792.5
2025-07-15,11:25,6235.0,6300.0,6210.0,6325.0,1.5,0.0,1.0,150.0,13942.5
2025-07-16,11:25,6160.0,6260.0,6135.0,6285.0,1.8,3.8,-1.1111,-200.0,13742.5
2025-07-17,11:25,6255.0,6310.0,6230.0,6335.0,1.35,0.0,1.0,135.0,13877.5
2025-07-18,11:25,6260.0,6320.0,6235.0,6345.0,1.25,0.0,1.0,125.0,14002.5
2025-07-21,11:25,6305.0,6350.0,6280.0,6375.0,0.9,0.125,0.8611,77.5,14080.0
2025-07-22,11:25,6265.0,6320.0,6240.0,6345.0,1.3,0.0,1.0,130.0,14210.0
2025-07-23,11:25,6300.0,6345.0,6275.0,6370.0,1.45,11.55,-6.9655,-1010.0,13200.0
2025-07-24,11:25,6350.0,6400.0,6325.0,6425.0,1.15,0.0,1.0,115.0,13315.0
2025-07-25,11:25,6350.0,6400.0,6325.0,6425.0,1.05,0.0,1.0,105.0,13420.0
2025-07-28,11:25,6360.0,6410.0,6335.0,6435.0,1.25,0.0,1.0,125.0,13545.0
2025-07-29,11:25,6350.0,6400.0,6325.0,6425.0,1.5,0.0,1.0,150.0,13695.0
2025-07-30,11:25,6330.0,6415.0,6305.0,6440.0,2.05,0.0,1.0,205.0,13900.0
2025-07-31,11:25,6325.0,6415.0,6300.0,6440.0,1.95,0.0,1.0,195.0,14095.0
2025-08-01,11:25,6185.0,6285.0,6160.0,6310.0,2.5,0.0,1.0,250.0,14345.0
2025-08-04,11:25,6265.0,6340.0,6240.0,6365.0,1.45,0.0,1.0,145.0,14490.0
2025-08-05,11:25,6250.0,6330.0,6225.0,6355.0,1.75,0.0,1.0,175.0,14665.0
2025-08-06,11:25,6295.0,6360.0,6270.0,6385.0,1.55,0.0,1.0,155.0,14820.0
2025-08-07,11:25,6305.0,6380.0,6280.0,6405.0,2.0,0.0,1.0,200.0,15020.0
2025-08-08,11:25,6335.0,6405.0,6310.0,6430.0,1.2,0.0,1.0,120.0,15140.0
2025-08-11,11:25,6355.0,6410.0,6330.0,6435.0,1.45,0.0,1.0,145.0,15285.0
2025-08-12,11:25,6390.0,6450.0,6365.0,6475.0,1.25,0.0,1.0,125.0,15410.0
2025-08-13,11:25,6425.0,6480.0,6400.0,6505.0,1.6,0.0,1.0,160.0,15570.0
2025-08-14,11:25,6420.0,6480.0,6395.0,6505.0,1.8,0.0,1.0,180.0,15750.0
2025-08-15,11:25,6415.0,6480.0,6390.0,6505.0,1.2,0.0,1.0,120.0,15870.0
2025-08-18,11:25,6420.0,6470.0,6395.0,6495.0,1.1,0.0,1.0,110.0,15980.0
2025-08-19,11:25,6395.0,6450.0,6370.0,6475.0,1.75,0.0,1.0,175.0,16155.0
2025-08-20,11:25,6335.0,6410.0,6310.0,6435.0,2.0,0.0,1.0,200.0,16355.0
2025-08-21,11:25,6340.0,6415.0,6315.0,6440.0,1.95,0.0,1.0,195.0,16550.0
2025-08-22,11:25,6425.0,6500.0,6400.0,6525.0,1.65,0.0,1.0,165.0,16715.0
2025-08-25,11:25,6440.0,6485.0,6415.0,6510.0,1.0,0.25,0.75,75.0,16790.0
2025-08-26,11:25,6415.0,6460.0,6390.0,6485.0,1.35,6.15,-3.5556,-480.0,16310.0
2025-08-27,11:25,6455.0,6495.0,6430.0,6520.0,1.0,0.0,1.0,100.0,16410.0
2025-08-28,11:25,6450.0,6505.0,6425.0,6530.0,1.45,0.05,0.9655,140.0,16550.0
2025-08-29,11:25,6420.0,6490.0,6395.0,6515.0,1.95,0.0,1.0,195.0,16745.0
2025-09-02,11:25,6335.0,6415.0,6310.0,6440.0,1.9,0.6,0.6842,130.0,16875.0
2025-09-03,11:25,6410.0,6465.0,6385.0,6490.0,1.35,0.0,1.0,135.0,17010.0
2025-09-04,11:25,6440.0,6490.0,6415.0,6515.0,1.3,12.05,-8.2692,-1075.0,15935.0
2025-09-05,11:25,6410.0,6510.0,6385.0,6535.0,1.9,0.0,1.0,190.0,16125.0
2025-09-08,11:25,6475.0,6525.0,6450.0,6550.0,1.0,0.0,1.0,100.0,16225.0
2025-09-09,11:25,6465.0,6515.0,6440.0,6540.0,1.3,0.125,0.9038,117.5,16342.5
2025-09-10,11:25,6500.0,6560.0,6475.0,6585.0,1.35,0.0,1.0,135.0,16477.5
2025-09-11,11:25,6545.0,6605.0,6520.0,6630.0,1.3,0.0,1.0,130.0,16607.5
2025-09-12,11:25,6560.0,6605.0,6535.0,6630.0,1.3,0.0,1.0,130.0,16737.5
2025-09-15,11:25,6580.0,6630.0,6555.0,6655.0,1.0,0.0,1.0,100.0,16837.5
2025-09-16,11:25,6580.0,6625.0,6555.0,6650.0,1.45,0.0,1.0,145.0,16982.5
2025-09-17,11:25,6515.0,6675.0,6490.0,6700.0,2.6,0.0,1.0,260.0,17242.5
2025-09-18,11:25,6605.0,6670.0,6580.0,6695.0,1.3,0.0,1.0,130.0,17372.5
2025-09-19,11:25,6600.0,6660.0,6575.0,6685.0,1.4,4.05,-1.8929,-265.0,17107.5
2025-09-22,11:25,6650.0,6695.0,6625.0,6720.0,1.0,0.375,0.625,62.5,17170.0
2025-09-23,11:25,6660.0,6715.0,6635.0,6740.0,1.1,2.85,-1.5909,-175.0,16995.0
2025-09-24,11:25,6625.0,6680.0,6600.0,6705.0,1.65,0.0,1.0,165.0,17160.0
2025-09-25,11:25,6565.0,6635.0,6540.0,6660.0,1.9,0.0,1.0,190.0,17350.0
2025-09-26,11:25,6570.0,6650.0,6545.0,6675.0,1.8,0.0,1.0,180.0,17530.0
2025-09-29,11:25,6630.0,6685.0,6605.0,6710.0,1.5,0.0,1.0,150.0,17680.0
2025-09-30,11:25,6610.0,6680.0,6585.0,6705.0,1.7,8.25,-3.8529,-655.0,17025.0
2025-10-01,11:25,6650.0,6710.0,6625.0,6735.0,1.2,1.55,-0.2917,-35.0,16990.0
2025-10-02,11:25,6665.0,6730.0,6640.0,6755.0,1.55,0.0,1.0,155.0,17145.0
2025-10-03,11:25,6710.0,6765.0,6685.0,6790.0,1.05,0.05,0.9524,100.0,17245.0
2025-10-06,11:25,6705.0,6755.0,6680.0,6780.0,1.4,0.0,1.0,140.0,17385.0
2025-10-07,11:25,6685.0,6750.0,6660.0,6775.0,1.55,0.0,1.0,155.0,17540.0
2025-10-08,11:25,6715.0,6765.0,6690.0,6790.0,1.35,0.0,1.0,135.0,17675.0
2025-10-09,11:25,6700.0,6760.0,6675.0,6785.0,1.1,0.0,1.0,110.0,17785.0
2025-10-10,11:25,6535.0,6720.0,6510.0,6745.0,2.6,0.0,1.0,260.0,18045.0
2025-10-13,11:25,6580.0,6685.0,6555.0,6710.0,2.4,0.0,1.0,240.0,18285.0
2025-10-14,11:25,6560.0,6670.0,6535.0,6695.0,2.3,0.0,1.0,230.0,18515.0
2025-10-15,11:25,6640.0,6735.0,6615.0,6760.0,2.0,0.0,1.0,200.0,18715.0
2025-10-16,11:25,6620.0,6735.0,6595.0,6760.0,2.35,0.05,0.9787,230.0,18945.0
2025-10-17,11:25,6515.0,6680.0,6490.0,6705.0,3.4,0.0,1.0,340.0,19285.0
2025-10-20,11:25,6680.0,6760.0,6655.0,6785.0,1.35,0.0,1.0,135.0,19420.0
2025-10-21,11:25,6700.0,6765.0,6675.0,6790.0,1.55,0.0,1.0,155.0,19575.0
2025-10-22,11:25,6650.0,6740.0,6625.0,6765.0,2.1,0.0,1.0,210.0,19785.0
2025-10-23,11:25,6665.0,6750.0,6640.0,6775.0,1.7,0.0,1.0,170.0,19955.0
2025-10-24,11:25,6760.0,6830.0,6735.0,6855.0,1.3,0.0,1.0,130.0,20085.0
2025-10-27,11:25,6815.0,6875.0,6790.0,6900.0,0.95,0.325,0.6579,62.5,20147.5
2025-10-28,11:25,6835.0,6905.0,6810.0,6930.0,1.15,0.0,1.0,115.0,20262.5
2025-10-29,11:25,6840.0,6960.0,6815.0,6985.0,2.3,0.0,1.0,230.0,20492.5
2025-10-30,11:25,6820.0,6910.0,6795.0,6935.0,2.55,0.025,0.9902,252.5,20745.0
2025-10-31,11:25,6810.0,6900.0,6785.0,6925.0,2.0,0.0,1.0,200.0,20945.0
2025-11-03,11:25,6795.0,6880.0,6770.0,6905.0,1.9,0.0,1.0,190.0,21135.0
2025-11-04,11:25,6750.0,6835.0,6725.0,6860.0,2.05,0.0,1.0,205.0,21340.0
2025-11-05,11:25,6750.0,6830.0,6725.0,6855.0,2.15,0.0,1.0,215.0,21555.0
2025-11-06,11:25,6665.0,6780.0,6640.0,6805.0,2.35,0.0,1.0,235.0,21790.0
2025-11-07,11:25,6590.0,6710.0,6565.0,6735.0,2.65,19.075,-6.1981,-1642.5,20147.5
2025-11-10,11:25,6725.0,6815.0,6700.0,6840.0,2.05,17.65,-7.6098,-1560.0,18587.5
2025-11-11,11:25,6790.0,6855.0,6765.0,6880.0,1.65,0.0,1.0,165.0,18752.5
2025-11-12,11:25,6785.0,6875.0,6760.0,6900.0,2.4,0.0,1.0,240.0,18992.5
2025-11-13,11:25,6715.0,6825.0,6690.0,6850.0,2.65,0.0,1.0,265.0,19257.5
2025-11-14,11:25,6690.0,6810.0,6665.0,6835.0,2.5,0.0,1.0,250.0,19507.5
2025-11-17,11:25,6640.0,6755.0,6615.0,6780.0,2.75,0.0,1.0,275.0,19782.5
2025-11-18,11:25,6545.0,6685.0,6520.0,6710.0,3.05,0.0,1.0,305.0,20087.5
2025-11-19,11:25,6565.0,6685.0,6540.0,6710.0,2.95,0.0,1.0,295.0,20382.5
2025-11-20,11:25,6610.0,6765.0,6585.0,6790.0,3.0,25.05,-7.35,-2205.0,18177.5
2025-11-21,11:25,6465.0,6645.0,6440.0,6670.0,3.3,0.0,1.0,330.0,18507.5
2025-11-24,11:25,6630.0,6730.0,6605.0,6755.0,1.8,0.0,1.0,180.0,18687.5
2025-11-25,11:25,6660.0,6755.0,6635.0,6780.0,2.15,11.2,-4.2093,-905.0,17782.5
2025-11-26,11:25,6785.0,6850.0,6760.0,6875.0,1.6,0.0,1.0,160.0,17942.5
2025-11-28,11:25,6810.0,6860.0,6785.0,6885.0,1.7,0.0,1.0,170.0,18112.5
2025-12-01,11:25,6775.0,6855.0,6750.0,6880.0,2.05,0.0,1.0,205.0,18317.5
2025-12-02,11:25,6760.0,6855.0,6735.0,6880.0,2.55,0.0,1.0,255.0,18572.5
2025-12-03,11:25,6790.0,6865.0,6765.0,6890.0,2.1,0.0,1.0,210.0,18782.5
2025-12-04,11:25,6805.0,6885.0,6780.0,6910.0,1.9,0.0,1.0,190.0,18972.5
2025-12-05,11:25,6825.0,6905.0,6800.0,6930.0,1.95,0.0,1.0,195.0,19167.5
2025-12-08,11:25,6805.0,6885.0,6780.0,6910.0,1.85,0.0,1.0,185.0,19352.5
2025-12-09,11:25,6835.0,6885.0,6810.0,6910.0,1.45,0.0,1.0,145.0,19497.5
2025-12-10,11:25,6765.0,6905.0,6740.0,6930.0,3.0,0.0,1.0,300.0,19797.5
2025-12-11,11:25,6825.0,6900.0,6800.0,6925.0,1.8,1.375,0.2361,42.5,19840.0
2025-12-12,11:25,6740.0,6875.0,6715.0,6900.0,2.5,0.0,1.0,250.0,20090.0
2025-12-15,11:25,6795.0,6870.0,6770.0,6895.0,2.05,0.0,1.0,205.0,20295.0
2025-12-16,11:25,6730.0,6825.0,6705.0,6850.0,2.3,0.0,1.0,230.0,20525.0
2025-12-17,11:25,6700.0,6805.0,6675.0,6830.0,2.4,0.0,1.0,240.0,20765.0
2025-12-18,11:25,6760.0,6840.0,6735.0,6865.0,1.5,0.0,1.0,150.0,20915.0
2025-12-19,11:25,6780.0,6855.0,6755.0,6880.0,1.95,0.0,1.0,195.0,21110.0
2025-12-22,11:25,6845.0,6895.0,6820.0,6920.0,1.2,0.0,1.0,120.0,21230.0
2025-12-23,11:25,6870.0,6910.0,6845.0,6935.0,1.05,0.15,0.8571,90.0,21320.0
2025-12-24,11:25,6915.0,6940.0,6890.0,6965.0,0.6,0.0,1.0,60.0,21380.0
2025-12-26,11:25,6905.0,6950.0,6880.0,6975.0,1.25,0.0,1.0,125.0,21505.0
2025-12-29,11:25,6870.0,6920.0,6845.0,6945.0,1.4,0.0,1.0,140.0,21645.0
2025-12-30,11:25,6885.0,6930.0,6860.0,6955.0,1.3,0.0,1.0,130.0,21775.0
2025-12-31,11:25,6840.0,6905.0,6815.0,6930.0,1.6,0.0,1.0,160.0,21935.0
2026-01-02,11:25,6805.0,6880.0,6780.0,6905.0,1.95,0.0,1.0,195.0,22130.0
2026-01-05,11:25,6885.0,6935.0,6860.0,6960.0,1.0,0.0,1.0,100.0,22230.0
2026-01-06,11:25,6890.0,6940.0,6865.0,6965.0,1.2,4.8,-3.0,-360.0,21870.0
2026-01-07,11:25,6920.0,6970.0,6895.0,6995.0,1.3,0.0,1.0,130.0,22000.0
2026-01-08,11:25,6875.0,6945.0,6850.0,6970.0,1.55,0.0,1.0,155.0,22155.0
2026-01-09,11:25,6920.0,6985.0,6895.0,7010.0,1.35,0.0,1.0,135.0,22290.0
2026-01-12,11:25,6940.0,6990.0,6915.0,7015.0,1.25,0.0,1.0,125.0,22415.0
2026-01-13,11:25,6930.0,6990.0,6905.0,7015.0,1.55,0.0,1.0,155.0,22570.0
2026-01-14,11:25,6870.0,6945.0,6845.0,6970.0,2.0,0.0,1.0,200.0,22770.0
2026-01-15,11:25,6940.0,7000.0,6915.0,7025.0,1.4,0.0,1.0,140.0,22910.0
2026-01-16,11:25,6910.0,6975.0,6885.0,7000.0,1.8,0.0,1.0,180.0,23090.0
2026-01-20,11:25,6805.0,6895.0,6780.0,6920.0,2.15,8.6,-3.0,-645.0,22445.0
2026-01-21,11:25,6820.0,6895.0,6795.0,6920.0,1.65,0.0,1.0,165.0,22610.0
2026-01-22,11:25,6880.0,6950.0,6855.0,6975.0,1.7,0.0,1.0,170.0,22780.0
2026-01-23,11:25,6885.0,6955.0,6860.0,6980.0,1.2,0.0,1.0,120.0,22900.0
2026-01-26,11:25,6915.0,6975.0,6890.0,7000.0,1.3,0.0,1.0,130.0,23030.0
2026-01-27,11:25,6955.0,7005.0,6930.0,7030.0,1.05,0.0,1.0,105.0,23135.0
2026-01-28,11:25,6920.0,7025.0,6895.0,7050.0,2.2,0.0,1.0,220.0,23355.0
2026-01-29,11:25,6840.0,6950.0,6815.0,6975.0,2.8,19.875,-6.0982,-1707.5,21647.5
2026-01-30,11:25,6865.0,6975.0,6840.0,7000.0,2.35,0.0,1.0,235.0,21882.5
2026-02-02,11:25,6935.0,7000.0,6910.0,7025.0,1.6,0.0,1.0,160.0,22042.5
2026-02-03,11:25,6880.0,6975.0,6855.0,7000.0,2.15,0.0,1.0,215.0,22257.5
2026-02-04,11:25,6835.0,6950.0,6810.0,6975.0,2.8,0.0,1.0,280.0,22537.5
2026-02-05,11:25,6740.0,6880.0,6715.0,6905.0,3.2,0.0,1.0,320.0,22857.5
2026-02-06,11:25,6835.0,6930.0,6810.0,6955.0,2.1,1.75,0.1667,35.0,22892.5
2026-02-09,11:25,6925.0,6995.0,6900.0,7020.0,1.25,0.0,1.0,125.0,23017.5
2026-02-10,11:25,6920.0,6995.0,6895.0,7020.0,1.95,0.0,1.0,195.0,23212.5
2026-02-11,11:25,6905.0,6985.0,6880.0,7010.0,2.1,0.0,1.0,210.0,23422.5
2026-02-12,11:25,6795.0,6930.0,6770.0,6955.0,2.95,0.0,1.0,295.0,23717.5
2026-02-13,11:25,6765.0,6900.0,6740.0,6925.0,3.0,0.0,1.0,300.0,24017.5
2026-02-17,11:25,6780.0,6895.0,6755.0,6920.0,2.8,0.0,1.0,280.0,24297.5
2026-02-18,11:25,6855.0,6930.0,6830.0,6955.0,1.7,0.0,1.0,170.0,24467.5
2026-02-19,11:25,6815.0,6910.0,6790.0,6935.0,2.05,0.0,1.0,205.0,24672.5
2026-02-20,11:25,6825.0,6925.0,6800.0,6950.0,2.6,0.0,1.0,260.0,24932.5
2026-02-23,11:25,6770.0,6885.0,6745.0,6910.0,2.3,0.0,1.0,230.0,25162.5
2026-02-24,11:25,6830.0,6905.0,6805.0,6930.0,2.0,0.0,1.0,200.0,25362.5
2026-02-25,11:25,6895.0,6950.0,6870.0,6975.0,1.35,0.0,1.0,135.0,25497.5
2026-02-26,11:25,6845.0,6940.0,6820.0,6965.0,2.2,0.0,1.0,220.0,25717.5
2026-02-27,11:25,6815.0,6915.0,6790.0,6940.0,2.2,0.0,1.0,220.0,25937.5
