date,entry_time,sp_strike,sc_strike,lp_strike,lc_strike,credit,exit_price,pnl_ratio,contracts,day_pnl,portfolio,peak,drawdown_pct
2023-02-27,10:10,3975.0,4050.0,3950.0,4075.0,1.95,1.725,0.1154,4,90.0,10090.0,10090.0,0.0
2023-02-28,10:10,3945.0,4020.0,3920.0,4045.0,2.15,1.925,0.1047,4,90.0,10180.0,10180.0,0.0
2023-03-01,10:10,3915.0,3990.0,3890.0,4015.0,2.35,2.1,0.1064,4,100.0,10280.0,10280.0,0.0
2023-03-03,10:10,3955.0,4035.0,3930.0,4060.0,2.15,1.875,0.1279,4,110.0,10390.0,10390.0,0.0
2023-03-06,10:10,4030.0,4095.0,4005.0,4120.0,1.85,1.575,0.1486,4,110.0,10500.0,10500.0,0.0
2023-03-07,10:10,3960.0,4070.0,3935.0,4095.0,3.25,2.9,0.1077,4,140.0,10640.0,10640.0,0.0
2023-03-08,10:10,3945.0,4025.0,3920.0,4050.0,2.5,2.2,0.12,4,120.0,10760.0,10760.0,0.0
2023-03-09,10:10,3975.0,4045.0,3950.0,4070.0,2.05,1.775,0.1341,4,110.0,10870.0,10870.0,0.0
2023-03-10,10:10,3840.0,3960.0,3815.0,3985.0,2.75,2.425,0.1182,4,130.0,11000.0,11000.0,0.0
2023-03-14,10:10,3855.0,3965.0,3830.0,3990.0,2.5,2.25,0.1,4,100.0,11100.0,11100.0,0.0
2023-03-15,10:10,3795.0,3930.0,3770.0,3955.0,2.8,2.5,0.1071,4,120.0,11220.0,11220.0,0.0
2023-03-16,10:10,3810.0,3925.0,3785.0,3950.0,2.9,2.55,0.1207,4,140.0,11360.0,11360.0,0.0
2023-03-17,10:10,3890.0,3995.0,3865.0,4020.0,2.7,2.4,0.1111,4,120.0,11480.0,11480.0,0.0
2023-03-22,10:10,3920.0,4080.0,3895.0,4105.0,3.7,3.025,0.1824,4,270.0,11750.0,11750.0,0.0
2023-03-23,10:10,3920.0,4015.0,3895.0,4040.0,2.25,2.0,0.1111,4,100.0,11850.0,11850.0,0.0
2023-03-24,10:10,3860.0,3985.0,3835.0,4010.0,2.8,2.475,0.1161,4,130.0,11980.0,11980.0,0.0
2023-03-27,10:10,3945.0,4030.0,3920.0,4055.0,2.7,2.425,0.1019,4,110.0,12090.0,12090.0,0.0
2023-03-28,10:10,3935.0,4010.0,3910.0,4035.0,2.1,1.875,0.1071,4,90.0,12180.0,12180.0,0.0
2023-03-29,10:10,3970.0,4040.0,3945.0,4065.0,2.2,1.975,0.1023,4,90.0,12270.0,12270.0,0.0
2023-03-30,10:10,4010.0,4075.0,3985.0,4100.0,1.55,1.375,0.1129,4,70.0,12340.0,12340.0,0.0
2023-03-31,10:10,4030.0,4095.0,4005.0,4120.0,1.85,1.625,0.1216,4,90.0,12430.0,12430.0,0.0
2023-04-03,10:10,4080.0,4150.0,4055.0,4175.0,1.75,1.525,0.1286,4,90.0,12520.0,12520.0,0.0
2023-04-04,10:10,4095.0,4155.0,4070.0,4180.0,1.75,1.575,0.1,5,87.5,12607.5,12607.5,0.0
2023-04-05,10:10,4050.0,4120.0,4025.0,4145.0,1.7,1.525,0.1029,5,87.5,12695.0,12695.0,0.0
2023-04-06,10:10,4045.0,4110.0,4020.0,4135.0,1.75,1.5,0.1429,5,125.0,12820.0,12820.0,0.0
2023-04-10,10:10,4050.0,4110.0,4025.0,4135.0,1.75,1.475,0.1571,5,137.5,12957.5,12957.5,0.0
2023-04-11,10:10,4080.0,4140.0,4055.0,4165.0,1.65,1.45,0.1212,5,100.0,13057.5,13057.5,0.0
2023-04-12,10:10,4085.0,4160.0,4060.0,4185.0,2.0,1.775,0.1125,5,112.5,13170.0,13170.0,0.0
2023-04-13,10:10,4075.0,4135.0,4050.0,4160.0,1.7,1.425,0.1618,5,137.5,13307.5,13307.5,0.0
2023-04-14,10:10,4100.0,4175.0,4075.0,4200.0,2.3,2.05,0.1087,5,125.0,13432.5,13432.5,0.0
2023-04-17,10:10,4105.0,4165.0,4080.0,4190.0,1.45,1.3,0.1034,5,75.0,13507.5,13507.5,0.0
2023-04-18,10:10,4125.0,4185.0,4100.0,4210.0,1.75,1.525,0.1286,5,112.5,13620.0,13620.0,0.0
2023-04-19,10:10,4110.0,4165.0,4085.0,4190.0,1.8,1.6,0.1111,5,100.0,13720.0,13720.0,0.0
2023-04-20,10:10,4105.0,4160.0,4080.0,4185.0,1.8,1.55,0.1389,5,125.0,13845.0,13845.0,0.0
2023-04-21,10:10,4090.0,4150.0,4065.0,4175.0,2.1,1.85,0.119,5,125.0,13970.0,13970.0,0.0
2023-04-24,10:10,4105.0,4160.0,4080.0,4185.0,1.65,1.475,0.1061,5,87.5,14057.5,14057.5,0.0
2023-04-25,10:10,4085.0,4140.0,4060.0,4165.0,1.5,1.3,0.1333,5,100.0,14157.5,14157.5,0.0
2023-04-26,10:10,4040.0,4105.0,4015.0,4130.0,2.1,1.875,0.1071,5,112.5,14270.0,14270.0,0.0
2023-04-27,10:10,4050.0,4115.0,4025.0,4140.0,1.4,1.225,0.125,5,87.5,14357.5,14357.5,0.0
2023-04-28,10:10,4110.0,4180.0,4085.0,4205.0,2.05,1.575,0.2317,5,237.5,14595.0,14595.0,0.0
2023-05-01,10:10,4145.0,4200.0,4120.0,4225.0,1.95,1.675,0.141,5,137.5,14732.5,14732.5,0.0
2023-05-02,10:10,4110.0,4165.0,4085.0,4190.0,2.2,5.25,-1.3864,5,-1525.0,13207.5,14732.5,10.35
2023-05-03,10:10,4065.0,4195.0,4040.0,4220.0,2.95,2.625,0.1102,5,162.5,13370.0,14732.5,9.25
2023-05-04,10:10,4015.0,4110.0,3990.0,4135.0,2.4,1.925,0.1979,5,237.5,13607.5,14732.5,7.64
2023-05-05,10:10,4080.0,4150.0,4055.0,4175.0,1.85,1.65,0.1081,5,100.0,13707.5,14732.5,6.96
2023-05-08,10:10,4095.0,4160.0,4070.0,4185.0,1.6,1.425,0.1094,5,87.5,13795.0,14732.5,6.36
2023-05-09,10:10,4090.0,4145.0,4065.0,4170.0,1.55,1.325,0.1452,5,112.5,13907.5,14732.5,5.6
2023-05-10,10:10,4105.0,4175.0,4080.0,4200.0,1.85,4.15,-1.2432,5,-1150.0,12757.5,14732.5,13.41
2023-05-11,10:10,4075.0,4145.0,4050.0,4170.0,2.05,1.75,0.1463,5,150.0,12907.5,14732.5,12.39
2023-05-12,10:10,4095.0,4160.0,4070.0,4185.0,1.9,1.7,0.1053,5,100.0,13007.5,14732.5,11.71
2023-05-15,10:10,4075.0,4140.0,4050.0,4165.0,1.9,1.675,0.1184,5,112.5,13120.0,14732.5,10.95
2023-05-16,10:10,4090.0,4150.0,4065.0,4175.0,1.5,1.3,0.1333,5,100.0,13220.0,14732.5,10.27
2023-05-17,10:10,4085.0,4145.0,4060.0,4170.0,1.4,1.25,0.1071,5,75.0,13295.0,14732.5,9.76
2023-05-18,10:10,4130.0,4190.0,4105.0,4215.0,1.75,3.525,-1.0143,5,-887.5,12407.5,14732.5,15.78
2023-05-19,10:10,4170.0,4245.0,4145.0,4270.0,1.95,1.75,0.1026,4,80.0,12487.5,14732.5,15.24
2023-05-22,10:10,4140.0,4215.0,4115.0,4240.0,1.95,1.6,0.1795,4,140.0,12627.5,14732.5,14.29
2023-05-23,10:10,4150.0,4210.0,4125.0,4235.0,1.7,1.45,0.1471,5,125.0,12752.5,14732.5,13.44
2023-05-24,10:10,4070.0,4150.0,4045.0,4175.0,2.05,1.825,0.1098,5,112.5,12865.0,14732.5,12.68
2023-05-25,10:10,4095.0,4170.0,4070.0,4195.0,2.15,1.9,0.1163,5,125.0,12990.0,14732.5,11.83
2023-05-26,10:10,4145.0,4215.0,4120.0,4240.0,2.1,4.325,-1.0595,5,-1112.5,11877.5,14732.5,19.38
2023-05-30,10:10,4180.0,4245.0,4155.0,4270.0,1.9,1.7,0.1053,4,80.0,11957.5,14732.5,18.84
2023-05-31,10:10,4145.0,4210.0,4120.0,4235.0,1.85,1.65,0.1081,4,80.0,12037.5,14732.5,18.29
2023-06-01,10:10,4155.0,4210.0,4130.0,4235.0,1.75,1.475,0.1571,4,110.0,12147.5,14732.5,17.55
2023-06-02,10:10,4215.0,4285.0,4190.0,4310.0,1.65,1.45,0.1212,4,80.0,12227.5,14732.5,17.0
2023-06-05,10:10,4255.0,4315.0,4230.0,4340.0,1.8,1.6,0.1111,4,80.0,12307.5,14732.5,16.46
2023-06-06,10:10,4250.0,4300.0,4225.0,4325.0,1.9,1.7,0.1053,4,80.0,12387.5,14732.5,15.92
2023-06-07,10:10,4265.0,4315.0,4240.0,4340.0,1.85,1.6,0.1351,4,100.0,12487.5,14732.5,15.24
2023-06-08,10:10,4245.0,4295.0,4220.0,4320.0,1.9,1.7,0.1053,4,80.0,12567.5,14732.5,14.7
2023-06-09,10:10,4285.0,4340.0,4260.0,4365.0,1.7,1.475,0.1324,5,112.5,12680.0,14732.5,13.93
2023-06-12,10:10,4280.0,4330.0,4255.0,4355.0,1.8,1.6,0.1111,5,100.0,12780.0,14732.5,13.25
2023-06-13,10:10,4320.0,4390.0,4295.0,4415.0,2.0,1.8,0.1,5,100.0,12880.0,14732.5,12.57
2023-06-14,10:10,4330.0,4430.0,4305.0,4455.0,2.95,2.625,0.1102,5,162.5,13042.5,14732.5,11.47
2023-06-15,10:10,4360.0,4425.0,4335.0,4450.0,2.2,1.975,0.1023,5,112.5,13155.0,14732.5,10.71
2023-06-16,10:10,4400.0,4475.0,4375.0,4500.0,2.1,1.85,0.119,5,125.0,13280.0,14732.5,9.86
2023-06-20,10:10,4360.0,4415.0,4335.0,4440.0,1.55,3.7,-1.3871,5,-1075.0,12205.0,14732.5,17.16
2023-06-21,10:10,4330.0,4395.0,4305.0,4420.0,1.8,1.6,0.1111,4,80.0,12285.0,14732.5,16.61
2023-06-22,10:10,4335.0,4390.0,4310.0,4415.0,1.75,1.55,0.1143,4,80.0,12365.0,14732.5,16.07
2023-06-23,10:10,4325.0,4380.0,4300.0,4405.0,1.7,1.525,0.1029,4,70.0,12435.0,14732.5,15.59
2023-06-26,10:10,4330.0,4385.0,4305.0,4410.0,1.55,1.375,0.1129,4,70.0,12505.0,14732.5,15.12
2023-06-27,10:10,4315.0,4365.0,4290.0,4390.0,1.8,1.575,0.125,5,112.5,12617.5,14732.5,14.36
2023-06-28,10:10,4340.0,4390.0,4315.0,4415.0,1.85,1.65,0.1081,5,100.0,12717.5,14732.5,13.68
2023-06-29,10:10,4350.0,4410.0,4325.0,4435.0,1.65,1.45,0.1212,5,100.0,12817.5,14732.5,13.0
2023-06-30,10:10,4410.0,4475.0,4385.0,4500.0,1.6,1.375,0.1406,5,112.5,12930.0,14732.5,12.23
2023-07-03,10:10,4435.0,4470.0,4410.0,4495.0,0.95,0.8,0.1579,5,75.0,13005.0,14732.5,11.73
2023-07-05,10:10,4425.0,4470.0,4400.0,4495.0,1.65,1.425,0.1364,5,112.5,13117.5,14732.5,10.96
2023-07-06,10:10,4360.0,4420.0,4335.0,4445.0,2.0,1.8,0.1,5,100.0,13217.5,14732.5,10.28
2023-07-07,10:10,4390.0,4440.0,4365.0,4465.0,1.65,1.475,0.1061,5,87.5,13305.0,14732.5,9.69
2023-07-10,10:10,4385.0,4435.0,4360.0,4460.0,1.4,1.2,0.1429,5,100.0,13405.0,14732.5,9.01
2023-07-11,10:10,4385.0,4435.0,4360.0,4460.0,1.8,1.575,0.125,5,112.5,13517.5,14732.5,8.25
2023-07-12,10:10,4455.0,4510.0,4430.0,4535.0,1.85,1.625,0.1216,5,112.5,13630.0,14732.5,7.48
2023-07-13,10:10,4470.0,4520.0,4445.0,4545.0,1.3,1.125,0.1346,5,87.5,13717.5,14732.5,6.89
2023-07-14,10:10,4495.0,4545.0,4470.0,4570.0,1.45,1.3,0.1034,5,75.0,13792.5,14732.5,6.38
2023-07-17,10:10,4490.0,4535.0,4465.0,4560.0,1.35,1.175,0.1296,5,87.5,13880.0,14732.5,5.79
2023-07-18,10:10,4510.0,4555.0,4485.0,4580.0,1.25,1.1,0.12,5,75.0,13955.0,14732.5,5.28
2023-07-19,10:10,4550.0,4600.0,4525.0,4625.0,1.3,1.125,0.1346,5,87.5,14042.5,14732.5,4.68
2023-07-20,10:10,4525.0,4580.0,4500.0,4605.0,1.4,1.225,0.125,5,87.5,14130.0,14732.5,4.09
2023-07-21,10:10,4515.0,4570.0,4490.0,4595.0,1.65,1.475,0.1061,5,87.5,14217.5,14732.5,3.5
2023-07-24,10:10,4520.0,4570.0,4495.0,4595.0,1.4,1.225,0.125,5,87.5,14305.0,14732.5,2.9
2023-07-25,10:10,4540.0,4580.0,4515.0,4605.0,1.8,1.6,0.1111,5,100.0,14405.0,14732.5,2.22
2023-07-26,10:10,4515.0,4605.0,4490.0,4630.0,2.2,1.975,0.1023,5,112.5,14517.5,14732.5,1.46
2023-07-27,10:10,4570.0,4620.0,4545.0,4645.0,1.35,1.175,0.1296,5,87.5,14605.0,14732.5,0.87
2023-07-28,10:10,4545.0,4605.0,4520.0,4630.0,1.25,1.125,0.1,5,62.5,14667.5,14732.5,0.44
2023-07-31,10:10,4560.0,4610.0,4535.0,4635.0,1.8,1.575,0.125,5,112.5,14780.0,14780.0,0.0
2023-08-01,10:10,4555.0,4605.0,4530.0,4630.0,1.55,1.35,0.129,5,100.0,14880.0,14880.0,0.0
2023-08-02,10:10,4500.0,4565.0,4475.0,4590.0,1.65,1.475,0.1061,5,87.5,14967.5,14967.5,0.0
2023-08-03,10:10,4465.0,4525.0,4440.0,4550.0,2.1,1.85,0.119,5,125.0,15092.5,15092.5,0.0
2023-08-04,10:10,4465.0,4535.0,4440.0,4560.0,2.2,1.975,0.1023,6,135.0,15227.5,15227.5,0.0
2023-08-07,10:10,4470.0,4530.0,4445.0,4555.0,1.75,1.55,0.1143,6,120.0,15347.5,15347.5,0.0
2023-08-08,10:10,4435.0,4510.0,4410.0,4535.0,1.7,1.475,0.1324,6,135.0,15482.5,15482.5,0.0
2023-08-09,10:10,4460.0,4520.0,4435.0,4545.0,1.7,1.525,0.1029,6,105.0,15587.5,15587.5,0.0
2023-08-10,10:10,4485.0,4555.0,4460.0,4580.0,2.15,1.925,0.1047,6,135.0,15722.5,15722.5,0.0
2023-08-11,10:10,4420.0,4495.0,4395.0,4520.0,2.35,2.1,0.1064,6,150.0,15872.5,15872.5,0.0
2023-08-14,10:10,4430.0,4495.0,4405.0,4520.0,1.7,1.5,0.1176,6,120.0,15992.5,15992.5,0.0
2023-08-15,10:10,4410.0,4485.0,4385.0,4510.0,1.85,1.65,0.1081,6,120.0,16112.5,16112.5,0.0
2023-08-16,10:10,4405.0,4475.0,4380.0,4500.0,1.85,1.65,0.1081,6,120.0,16232.5,16232.5,0.0
2023-08-17,10:10,4375.0,4445.0,4350.0,4470.0,2.05,1.825,0.1098,6,135.0,16367.5,16367.5,0.0
2023-08-18,10:10,4310.0,4390.0,4285.0,4415.0,2.25,2.025,0.1,6,135.0,16502.5,16502.5,0.0
2023-08-21,10:10,4355.0,4420.0,4330.0,4445.0,1.8,3.65,-1.0278,6,-1110.0,15392.5,16502.5,6.73
2023-08-22,10:10,4365.0,4435.0,4340.0,4460.0,1.85,1.65,0.1081,6,120.0,15512.5,16502.5,6.0
2023-08-23,10:10,4380.0,4445.0,4355.0,4470.0,1.9,1.7,0.1053,6,120.0,15632.5,16502.5,5.27
2023-08-24,10:10,4405.0,4475.0,4380.0,4500.0,2.15,1.9,0.1163,6,150.0,15782.5,16502.5,4.36
2023-08-25,10:10,4325.0,4435.0,4300.0,4460.0,2.8,2.45,0.125,6,210.0,15992.5,16502.5,3.09
2023-08-28,10:10,4395.0,4460.0,4370.0,4485.0,2.05,1.8,0.122,6,150.0,16142.5,16502.5,2.18
2023-08-29,10:10,4420.0,4485.0,4395.0,4510.0,1.55,3.2,-1.0645,6,-990.0,15152.5,16502.5,8.18
2023-08-30,10:10,4480.0,4550.0,4455.0,4575.0,1.7,1.425,0.1618,6,165.0,15317.5,16502.5,7.18
2023-08-31,10:10,4490.0,4555.0,4465.0,4580.0,1.9,1.625,0.1447,6,165.0,15482.5,16502.5,6.18
2023-09-01,10:10,4495.0,4555.0,4470.0,4580.0,1.85,1.65,0.1081,6,120.0,15602.5,16502.5,5.45
2023-09-05,10:10,4470.0,4530.0,4445.0,4555.0,1.45,1.275,0.1207,6,105.0,15707.5,16502.5,4.82
2023-09-06,10:10,4445.0,4500.0,4420.0,4525.0,1.55,1.3,0.1613,6,150.0,15857.5,16502.5,3.91
2023-09-07,10:10,4405.0,4465.0,4380.0,4490.0,1.95,1.7,0.1282,6,150.0,16007.5,16502.5,3.0
2023-09-08,10:10,4435.0,4490.0,4410.0,4515.0,1.55,1.325,0.1452,6,135.0,16142.5,16502.5,2.18
2023-09-11,10:10,4445.0,4500.0,4420.0,4525.0,1.35,1.175,0.1296,6,105.0,16247.5,16502.5,1.55
2023-09-12,10:10,4450.0,4500.0,4425.0,4525.0,1.45,1.3,0.1034,6,90.0,16337.5,16502.5,1.0
2023-09-13,10:10,4430.0,4485.0,4405.0,4510.0,1.95,1.725,0.1154,6,135.0,16472.5,16502.5,0.18
2023-09-14,10:10,4455.0,4510.0,4430.0,4535.0,1.5,1.325,0.1167,6,105.0,16577.5,16577.5,0.0
2023-09-15,10:10,4450.0,4510.0,4425.0,4535.0,1.4,1.25,0.1071,6,90.0,16667.5,16667.5,0.0
2023-09-18,10:10,4420.0,4475.0,4395.0,4500.0,1.35,1.2,0.1111,6,90.0,16757.5,16757.5,0.0
2023-09-19,10:10,4405.0,4455.0,4380.0,4480.0,1.65,1.45,0.1212,6,120.0,16877.5,16877.5,0.0
2023-09-20,10:10,4415.0,4495.0,4390.0,4520.0,2.9,2.575,0.1121,6,195.0,17072.5,17072.5,0.0
2023-09-21,10:10,4325.0,4400.0,4300.0,4425.0,1.7,1.5,0.1176,6,120.0,17192.5,17192.5,0.0
2023-09-22,10:10,4310.0,4375.0,4285.0,4400.0,1.95,1.675,0.141,6,165.0,17357.5,17357.5,0.0
2023-09-25,10:10,4275.0,4350.0,4250.0,4375.0,1.9,1.675,0.1184,6,135.0,17492.5,17492.5,0.0
2023-09-26,10:10,4260.0,4335.0,4235.0,4360.0,2.45,2.125,0.1327,6,195.0,17687.5,17687.5,0.0
2023-09-27,10:10,4240.0,4315.0,4215.0,4340.0,2.05,1.8,0.122,7,175.0,17862.5,17862.5,0.0
2023-09-28,10:10,4240.0,4325.0,4215.0,4350.0,2.65,2.375,0.1038,7,192.5,18055.0,18055.0,0.0
2023-09-29,10:10,4285.0,4360.0,4260.0,4385.0,2.45,2.2,0.102,7,175.0,18230.0,18230.0,0.0
2023-10-02,10:10,4250.0,4325.0,4225.0,4350.0,1.95,1.75,0.1026,7,140.0,18370.0,18370.0,0.0
2023-10-03,10:10,4205.0,4290.0,4180.0,4315.0,2.55,2.275,0.1078,7,192.5,18562.5,18562.5,0.0
2023-10-04,10:10,4180.0,4265.0,4155.0,4290.0,2.45,2.2,0.102,7,175.0,18737.5,18737.5,0.0
2023-10-05,10:10,4205.0,4280.0,4180.0,4305.0,2.65,2.35,0.1132,7,210.0,18947.5,18947.5,0.0
2023-10-06,10:10,4175.0,4265.0,4150.0,4290.0,2.35,4.875,-1.0745,7,-1767.5,17180.0,18947.5,9.33
2023-10-09,10:10,4255.0,4330.0,4230.0,4355.0,2.35,2.025,0.1383,6,195.0,17375.0,18947.5,8.3
2023-10-10,10:10,4315.0,4390.0,4290.0,4415.0,1.95,1.7,0.1282,6,150.0,17525.0,18947.5,7.51
2023-10-11,10:10,4325.0,4405.0,4300.0,4430.0,2.05,1.825,0.1098,7,157.5,17682.5,18947.5,6.68
2023-10-12,10:10,4330.0,4405.0,4305.0,4430.0,1.9,1.7,0.1053,7,140.0,17822.5,18947.5,5.94
2023-10-13,10:10,4315.0,4400.0,4290.0,4425.0,2.55,2.225,0.1275,7,227.5,18050.0,18947.5,4.74
2023-10-16,10:10,4315.0,4390.0,4290.0,4415.0,2.1,4.25,-1.0238,7,-1505.0,16545.0,18947.5,12.68
2023-10-17,10:10,4310.0,4385.0,4285.0,4410.0,2.2,4.525,-1.0568,6,-1395.0,15150.0,18947.5,20.04
2023-10-18,10:10,4310.0,4390.0,4285.0,4415.0,2.4,2.1,0.125,6,180.0,15330.0,18947.5,19.09
2023-10-19,10:10,4265.0,4360.0,4240.0,4385.0,2.95,2.575,0.1271,6,225.0,15555.0,18947.5,17.9
2023-10-20,10:10,4210.0,4305.0,4185.0,4330.0,2.65,2.35,0.1132,6,180.0,15735.0,18947.5,16.95
2023-10-23,10:10,4165.0,4260.0,4140.0,4285.0,2.4,2.05,0.1458,6,210.0,15945.0,18947.5,15.85
2023-10-24,10:10,4205.0,4285.0,4180.0,4310.0,2.15,1.875,0.1279,6,165.0,16110.0,18947.5,14.98
2023-10-25,10:10,4165.0,4250.0,4140.0,4275.0,2.5,2.1,0.16,6,240.0,16350.0,18947.5,13.71
2023-10-26,10:10,4115.0,4205.0,4090.0,4230.0,2.85,2.55,0.1053,6,180.0,16530.0,18947.5,12.76
2023-10-27,10:10,4100.0,4190.0,4075.0,4215.0,2.4,2.125,0.1146,6,165.0,16695.0,18947.5,11.89
2023-10-30,10:10,4115.0,4195.0,4090.0,4220.0,2.2,1.8,0.1818,6,240.0,16935.0,18947.5,10.62
2023-10-31,10:10,4125.0,4200.0,4100.0,4225.0,2.2,1.95,0.1136,6,150.0,17085.0,18947.5,9.83
2023-11-01,10:10,4155.0,4255.0,4130.0,4280.0,3.05,2.65,0.1311,6,240.0,17325.0,18947.5,8.56
2023-11-02,10:10,4245.0,4315.0,4220.0,4340.0,1.75,1.425,0.1857,6,195.0,17520.0,18947.5,7.53
2023-11-03,10:10,4310.0,4385.0,4285.0,4410.0,1.95,1.675,0.141,7,192.5,17712.5,18947.5,6.52
2023-11-06,10:10,4330.0,4390.0,4305.0,4415.0,1.8,1.525,0.1528,7,192.5,17905.0,18947.5,5.5
2023-11-07,10:10,4335.0,4390.0,4310.0,4415.0,1.45,2.925,-1.0172,7,-1032.5,16872.5,18947.5,10.95
2023-11-08,10:10,4355.0,4410.0,4330.0,4435.0,1.45,1.3,0.1034,6,90.0,16962.5,18947.5,10.48
2023-11-09,10:10,4345.0,4405.0,4320.0,4430.0,1.5,1.325,0.1167,6,105.0,17067.5,18947.5,9.92
2023-11-10,10:10,4325.0,4390.0,4300.0,4415.0,1.55,1.3,0.1613,6,150.0,17217.5,18947.5,9.13
2023-11-13,10:10,4370.0,4425.0,4345.0,4450.0,2.0,1.75,0.125,6,150.0,17367.5,18947.5,8.34
2023-11-14,10:10,4455.0,4520.0,4430.0,4545.0,2.0,1.725,0.1375,6,165.0,17532.5,18947.5,7.47
2023-11-15,10:10,4480.0,4540.0,4455.0,4565.0,1.75,1.55,0.1143,7,140.0,17672.5,18947.5,6.73
2023-11-16,10:10,4475.0,4535.0,4450.0,4560.0,1.45,1.275,0.1207,7,122.5,17795.0,18947.5,6.08
2023-11-17,10:10,4475.0,4535.0,4450.0,4560.0,1.5,1.35,0.1,7,105.0,17900.0,18947.5,5.53
2023-11-20,10:10,4500.0,4550.0,4475.0,4575.0,1.1,0.95,0.1364,7,105.0,18005.0,18947.5,4.97
2023-11-21,10:10,4515.0,4560.0,4490.0,4585.0,1.75,1.55,0.1143,7,140.0,18145.0,18947.5,4.24
2023-11-22,10:10,4520.0,4570.0,4495.0,4595.0,1.95,1.75,0.1026,7,140.0,18285.0,18947.5,3.5
2023-11-24,10:10,4545.0,4570.0,4520.0,4595.0,1.0,0.9,0.1,7,70.0,18355.0,18947.5,3.13
2023-11-27,10:10,4535.0,4575.0,4510.0,4600.0,1.25,1.125,0.1,7,87.5,18442.5,18947.5,2.67
2023-11-28,10:10,4525.0,4565.0,4500.0,4590.0,1.3,1.075,0.1731,7,157.5,18600.0,18947.5,1.83
2023-11-29,10:10,4550.0,4595.0,4525.0,4620.0,1.7,1.425,0.1618,7,192.5,18792.5,18947.5,0.82
2023-11-30,10:10,4520.0,4575.0,4495.0,4600.0,1.6,1.3,0.1875,7,210.0,19002.5,19002.5,0.0
2023-12-01,10:10,4535.0,4605.0,4510.0,4630.0,1.9,1.7,0.1053,7,140.0,19142.5,19142.5,0.0
2023-12-04,10:10,4540.0,4590.0,4515.0,4615.0,1.5,3.075,-1.05,7,-1102.5,18040.0,19142.5,5.76
2023-12-05,10:10,4535.0,4595.0,4510.0,4620.0,1.4,1.225,0.125,7,122.5,18162.5,19142.5,5.12
2023-12-06,10:10,4560.0,4610.0,4535.0,4635.0,1.4,1.25,0.1071,7,105.0,18267.5,19142.5,4.57
2023-12-07,10:10,4540.0,4590.0,4515.0,4615.0,1.6,3.575,-1.2344,7,-1382.5,16885.0,19142.5,11.79
2023-12-08,10:10,4570.0,4625.0,4545.0,4650.0,1.65,1.475,0.1061,6,105.0,16990.0,19142.5,11.24
2023-12-11,10:10,4580.0,4630.0,4555.0,4655.0,1.15,1.0,0.1304,6,90.0,17080.0,19142.5,10.77
2023-12-12,10:10,4595.0,4645.0,4570.0,4670.0,1.8,1.6,0.1111,6,120.0,17200.0,19142.5,10.15
2023-12-13,10:10,4605.0,4690.0,4580.0,4715.0,2.05,1.825,0.1098,6,135.0,17335.0,19142.5,9.44
2023-12-14,10:10,4695.0,4760.0,4670.0,4785.0,1.7,1.475,0.1324,6,135.0,17470.0,19142.5,8.74
2023-12-15,10:10,4685.0,4745.0,4660.0,4770.0,1.6,1.425,0.1094,6,105.0,17575.0,19142.5,8.19
2023-12-18,10:10,4710.0,4760.0,4685.0,4785.0,1.2,1.075,0.1042,7,87.5,17662.5,19142.5,7.73
2023-12-19,10:10,4735.0,4775.0,4710.0,4800.0,1.5,1.35,0.1,7,105.0,17767.5,19142.5,7.18
2023-12-20,10:10,4745.0,4790.0,4720.0,4815.0,1.45,1.3,0.1034,7,105.0,17872.5,19142.5,6.63
2023-12-21,10:10,4685.0,4760.0,4660.0,4785.0,2.3,2.05,0.1087,7,175.0,18047.5,19142.5,5.72
2023-12-22,10:10,4735.0,4800.0,4710.0,4825.0,1.5,1.325,0.1167,7,122.5,18170.0,19142.5,5.08
2023-12-26,10:10,4740.0,4790.0,4715.0,4815.0,1.15,1.025,0.1087,7,87.5,18257.5,19142.5,4.62
2023-12-27,10:10,4755.0,4800.0,4730.0,4825.0,1.25,1.1,0.12,7,105.0,18362.5,19142.5,4.07
2023-12-28,10:10,4760.0,4810.0,4735.0,4835.0,1.3,1.15,0.1154,7,105.0,18467.5,19142.5,3.53
2023-12-29,10:10,4760.0,4810.0,4735.0,4835.0,1.7,1.525,0.1029,7,122.5,18590.0,19142.5,2.89
2024-01-02,10:10,4715.0,4770.0,4690.0,4795.0,1.7,1.525,0.1029,7,122.5,18712.5,19142.5,2.25
2024-01-03,10:10,4690.0,4750.0,4665.0,4775.0,1.95,1.725,0.1154,7,157.5,18870.0,19142.5,1.42
2024-01-04,10:10,4690.0,4740.0,4665.0,4765.0,1.95,1.75,0.1026,7,140.0,19010.0,19142.5,0.69
2024-01-05,10:10,4685.0,4750.0,4660.0,4775.0,2.15,1.925,0.1047,7,157.5,19167.5,19167.5,0.0
2024-01-08,10:10,4685.0,4740.0,4660.0,4765.0,1.5,1.325,0.1167,7,122.5,19290.0,19290.0,0.0
2024-01-09,10:10,4710.0,4765.0,4685.0,4790.0,1.65,1.45,0.1212,7,140.0,19430.0,19430.0,0.0
2024-01-10,10:10,4730.0,4785.0,4705.0,4810.0,1.6,1.425,0.1094,7,122.5,19552.5,19552.5,0.0
2024-01-11,10:10,4710.0,4795.0,4685.0,4820.0,2.45,2.175,0.1122,7,192.5,19745.0,19745.0,0.0
2024-01-12,10:10,4755.0,4820.0,4730.0,4845.0,2.0,1.775,0.1125,7,157.5,19902.5,19902.5,0.0
2024-01-16,10:10,4730.0,4795.0,4705.0,4820.0,1.65,1.45,0.1212,7,140.0,20042.5,20042.5,0.0
2024-01-17,10:10,4700.0,4765.0,4675.0,4790.0,2.1,1.825,0.131,8,220.0,20262.5,20262.5,0.0
2024-01-18,10:10,4720.0,4780.0,4695.0,4805.0,1.8,1.6,0.1111,8,160.0,20422.5,20422.5,0.0
2024-01-19,10:10,4750.0,4820.0,4725.0,4845.0,2.0,1.775,0.1125,8,180.0,20602.5,20602.5,0.0
2024-01-22,10:10,4830.0,4895.0,4805.0,4920.0,1.5,1.35,0.1,8,120.0,20722.5,20722.5,0.0
2024-01-23,10:10,4825.0,4880.0,4800.0,4905.0,1.6,1.425,0.1094,8,140.0,20862.5,20862.5,0.0
2024-01-24,10:10,4860.0,4910.0,4835.0,4935.0,1.5,3.0,-1.0,8,-1200.0,19662.5,20862.5,5.75
2024-01-25,10:10,4860.0,4920.0,4835.0,4945.0,1.6,1.425,0.1094,7,122.5,19785.0,20862.5,5.16
2024-01-26,10:10,4860.0,4920.0,4835.0,4945.0,1.8,1.55,0.1389,7,175.0,19960.0,20862.5,4.33
2024-01-29,10:10,4870.0,4920.0,4845.0,4945.0,1.55,1.35,0.129,7,140.0,20100.0,20862.5,3.65
2024-01-30,10:10,4895.0,4950.0,4870.0,4975.0,1.8,1.6,0.1111,8,160.0,20260.0,20862.5,2.89
2024-01-31,10:10,4850.0,4940.0,4825.0,4965.0,2.8,2.475,0.1161,8,260.0,20520.0,20862.5,1.64
2024-02-01,10:10,4840.0,4905.0,4815.0,4930.0,2.1,1.825,0.131,8,220.0,20740.0,20862.5,0.59
2024-02-02,10:10,4875.0,4950.0,4850.0,4975.0,2.2,1.9,0.1364,8,240.0,20980.0,20980.0,0.0
2024-02-05,10:10,4905.0,4970.0,4880.0,4995.0,1.8,3.625,-1.0139,8,-1460.0,19520.0,20980.0,6.96
2024-02-06,10:10,4910.0,4970.0,4885.0,4995.0,2.15,1.875,0.1279,7,192.5,19712.5,20980.0,6.04
2024-02-07,10:10,4940.0,5000.0,4915.0,5025.0,1.8,3.925,-1.1806,7,-1487.5,18225.0,20980.0,13.13
2024-02-08,10:10,4965.0,5020.0,4940.0,5045.0,1.7,1.5,0.1176,7,140.0,18365.0,20980.0,12.46
2024-02-09,10:10,4980.0,5035.0,4955.0,5060.0,1.95,1.75,0.1026,7,140.0,18505.0,20980.0,11.8
2024-02-12,10:10,5000.0,5050.0,4975.0,5075.0,1.2,1.05,0.125,7,105.0,18610.0,20980.0,11.3
2024-02-13,10:10,4905.0,4985.0,4880.0,5010.0,1.95,1.7,0.1282,7,175.0,18785.0,20980.0,10.46
2024-02-14,10:10,4945.0,5010.0,4920.0,5035.0,1.75,1.45,0.1714,7,210.0,18995.0,20980.0,9.46
2024-02-15,10:10,4975.0,5040.0,4950.0,5065.0,1.75,1.55,0.1143,7,140.0,19135.0,20980.0,8.79
2024-02-16,10:10,4970.0,5045.0,4945.0,5070.0,2.7,2.425,0.1019,7,192.5,19327.5,20980.0,7.88
2024-02-20,10:10,4940.0,5005.0,4915.0,5030.0,2.2,1.975,0.1023,7,157.5,19485.0,20980.0,7.13
2024-02-21,10:10,4935.0,5000.0,4910.0,5025.0,1.9,1.7,0.1053,7,140.0,19625.0,20980.0,6.46
2024-02-22,10:10,5020.0,5090.0,4995.0,5115.0,2.35,2.1,0.1064,7,175.0,19800.0,20980.0,5.62
2024-02-23,10:10,5070.0,5135.0,5045.0,5160.0,2.05,1.8,0.122,7,175.0,19975.0,20980.0,4.79
2024-02-26,10:10,5065.0,5120.0,5040.0,5145.0,1.65,1.425,0.1364,7,157.5,20132.5,20980.0,4.04
2024-02-27,10:10,5040.0,5095.0,5015.0,5120.0,1.7,1.475,0.1324,8,180.0,20312.5,20980.0,3.18
2024-02-28,10:10,5040.0,5090.0,5015.0,5115.0,1.75,1.575,0.1,8,140.0,20452.5,20980.0,2.51
2024-02-29,10:10,5060.0,5120.0,5035.0,5145.0,2.05,1.7,0.1707,8,280.0,20732.5,20980.0,1.18
2024-03-01,10:10,5070.0,5135.0,5045.0,5160.0,1.55,1.375,0.1129,8,140.0,20872.5,20980.0,0.51
2024-03-04,10:10,5110.0,5155.0,5085.0,5180.0,1.5,1.3,0.1333,8,160.0,21032.5,21032.5,0.0
2024-03-05,10:10,5070.0,5130.0,5045.0,5155.0,1.4,1.25,0.1071,8,120.0,21152.5,21152.5,0.0
2024-03-06,10:10,5055.0,5135.0,5030.0,5160.0,2.1,1.85,0.119,8,200.0,21352.5,21352.5,0.0
2024-03-07,10:10,5100.0,5170.0,5075.0,5195.0,1.85,1.575,0.1486,8,220.0,21572.5,21572.5,0.0
2024-03-08,10:10,5150.0,5220.0,5125.0,5245.0,2.2,1.975,0.1023,8,180.0,21752.5,21752.5,0.0
2024-03-11,10:10,5055.0,5130.0,5030.0,5155.0,2.15,1.825,0.1512,8,260.0,22012.5,22012.5,0.0
2024-03-12,10:10,5095.0,5180.0,5070.0,5205.0,2.3,2.05,0.1087,8,200.0,22212.5,22212.5,0.0
2024-03-13,10:10,5140.0,5200.0,5115.0,5225.0,1.7,1.525,0.1029,8,140.0,22352.5,22352.5,0.0
2024-03-14,10:10,5105.0,5185.0,5080.0,5210.0,2.4,2.15,0.1042,8,200.0,22552.5,22552.5,0.0
2024-03-15,10:10,5075.0,5160.0,5050.0,5185.0,2.5,2.15,0.14,9,315.0,22867.5,22867.5,0.0
2024-03-18,10:10,5135.0,5195.0,5110.0,5220.0,1.6,1.4,0.125,9,180.0,23047.5,23047.5,0.0
2024-03-19,10:10,5105.0,5165.0,5080.0,5190.0,2.15,1.875,0.1279,9,247.5,23295.0,23295.0,0.0
2024-03-20,10:10,5120.0,5235.0,5095.0,5260.0,2.95,2.65,0.1017,9,270.0,23565.0,23565.0,0.0
2024-03-21,10:10,5225.0,5280.0,5200.0,5305.0,1.7,1.525,0.1029,9,157.5,23722.5,23722.5,0.0
2024-03-22,10:10,5210.0,5265.0,5185.0,5290.0,1.5,1.325,0.1167,9,157.5,23880.0,23880.0,0.0
2024-03-25,10:10,5200.0,5245.0,5175.0,5270.0,1.45,1.275,0.1207,9,157.5,24037.5,24037.5,0.0
2024-03-26,10:10,5210.0,5255.0,5185.0,5280.0,1.25,1.125,0.1,9,112.5,24150.0,24150.0,0.0
2024-03-27,10:10,5190.0,5245.0,5165.0,5270.0,1.7,1.525,0.1029,9,157.5,24307.5,24307.5,0.0
2024-03-28,10:10,5225.0,5275.0,5200.0,5300.0,1.9,1.7,0.1053,9,180.0,24487.5,24487.5,0.0
2024-04-01,10:10,5230.0,5275.0,5205.0,5300.0,1.35,1.15,0.1481,9,180.0,24667.5,24667.5,0.0
2024-04-02,10:10,5160.0,5220.0,5135.0,5245.0,1.95,1.75,0.1026,9,180.0,24847.5,24847.5,0.0
2024-04-03,10:10,5185.0,5245.0,5160.0,5270.0,1.85,1.625,0.1216,9,202.5,25050.0,25050.0,0.0
2024-04-04,10:10,5220.0,5270.0,5195.0,5295.0,1.4,1.25,0.1071,10,150.0,25200.0,25200.0,0.0
2024-04-05,10:10,5120.0,5215.0,5095.0,5240.0,2.35,2.1,0.1064,10,250.0,25450.0,25450.0,0.0
2024-04-08,10:10,5165.0,5235.0,5140.0,5260.0,1.8,1.575,0.125,10,225.0,25675.0,25675.0,0.0
2024-04-09,10:10,5170.0,5235.0,5145.0,5260.0,1.9,1.7,0.1053,10,200.0,25875.0,25875.0,0.0
2024-04-10,10:10,5110.0,5210.0,5085.0,5235.0,2.65,2.3,0.1321,10,350.0,26225.0,26225.0,0.0
2024-04-11,10:10,5095.0,5195.0,5070.0,5220.0,2.8,2.5,0.1071,10,300.0,26525.0,26525.0,0.0
2024-04-12,10:10,5095.0,5205.0,5070.0,5230.0,2.55,2.25,0.1176,10,300.0,26825.0,26825.0,0.0
2024-04-15,10:10,5095.0,5190.0,5070.0,5215.0,2.25,1.9,0.1556,10,350.0,27175.0,27175.0,0.0
2024-04-16,10:10,4995.0,5120.0,4970.0,5145.0,2.8,2.35,0.1607,10,450.0,27625.0,27625.0,0.0
2024-04-17,10:10,5010.0,5110.0,4985.0,5135.0,2.55,2.275,0.1078,11,302.5,27927.5,27927.5,0.0
2024-04-18,10:10,4980.0,5075.0,4955.0,5100.0,2.85,2.55,0.1053,11,330.0,28257.5,28257.5,0.0
2024-04-19,10:10,4950.0,5060.0,4925.0,5085.0,2.4,2.15,0.1042,11,275.0,28532.5,28532.5,0.0
2024-04-22,10:10,4945.0,5030.0,4920.0,5055.0,2.45,2.2,0.102,11,275.0,28807.5,28807.5,0.0
2024-04-23,10:10,5000.0,5090.0,4975.0,5115.0,2.0,1.75,0.125,11,275.0,29082.5,29082.5,0.0
2024-04-24,10:10,5040.0,5120.0,5015.0,5145.0,1.75,3.725,-1.1286,11,-2172.5,26910.0,29082.5,7.47
2024-04-25,10:10,4950.0,5045.0,4925.0,5070.0,2.1,1.875,0.1071,10,225.0,27135.0,29082.5,6.7
2024-04-26,10:10,5050.0,5140.0,5025.0,5165.0,1.95,1.725,0.1154,10,225.0,27360.0,29082.5,5.92
2024-04-29,10:10,5080.0,5145.0,5055.0,5170.0,1.85,1.6,0.1351,10,250.0,27610.0,29082.5,5.06
2024-04-30,10:10,5070.0,5135.0,5045.0,5160.0,1.5,1.35,0.1,11,165.0,27775.0,29082.5,4.5
2024-05-01,10:10,4960.0,5085.0,4935.0,5110.0,3.25,2.9,0.1077,11,385.0,28160.0,29082.5,3.17
2024-05-02,10:10,4955.0,5065.0,4930.0,5090.0,2.65,2.3,0.1321,11,385.0,28545.0,29082.5,1.85
2024-05-03,10:10,5060.0,5155.0,5035.0,5180.0,2.6,2.2,0.1538,11,440.0,28985.0,29082.5,0.34
2024-05-06,10:10,5125.0,5185.0,5100.0,5210.0,1.8,1.525,0.1528,11,302.5,29287.5,29287.5,0.0
2024-05-07,10:10,5155.0,5215.0,5130.0,5240.0,1.35,1.2,0.1111,11,165.0,29452.5,29452.5,0.0
2024-05-08,10:10,5140.0,5200.0,5115.0,5225.0,1.8,1.575,0.125,11,247.5,29700.0,29700.0,0.0
2024-05-09,10:10,5160.0,5215.0,5135.0,5240.0,1.7,1.525,0.1029,11,192.5,29892.5,29892.5,0.0
2024-05-10,10:10,5200.0,5255.0,5175.0,5280.0,1.6,1.4,0.125,11,220.0,30112.5,30112.5,0.0
2024-05-13,10:10,5200.0,5250.0,5175.0,5275.0,1.5,1.325,0.1167,12,210.0,30322.5,30322.5,0.0
2024-05-14,10:10,5195.0,5260.0,5170.0,5285.0,1.7,1.45,0.1471,12,300.0,30622.5,30622.5,0.0
2024-05-15,10:10,5240.0,5300.0,5215.0,5325.0,1.8,1.6,0.1111,12,240.0,30862.5,30862.5,0.0
2024-05-16,10:10,5285.0,5335.0,5260.0,5360.0,1.4,1.25,0.1071,12,180.0,31042.5,31042.5,0.0
2024-05-17,10:10,5265.0,5320.0,5240.0,5345.0,1.4,1.225,0.125,12,210.0,31252.5,31252.5,0.0
2024-05-20,10:10,5295.0,5340.0,5270.0,5365.0,1.5,1.35,0.1,12,180.0,31432.5,31432.5,0.0
2024-05-21,10:10,5285.0,5330.0,5260.0,5355.0,1.2,1.05,0.125,12,180.0,31612.5,31612.5,0.0
2024-05-22,10:10,5295.0,5340.0,5270.0,5365.0,1.1,0.975,0.1136,12,150.0,31762.5,31762.5,0.0
2024-05-23,10:10,5270.0,5350.0,5245.0,5375.0,2.4,2.1,0.125,12,360.0,32122.5,32122.5,0.0
2024-05-24,10:10,5250.0,5315.0,5225.0,5340.0,1.8,1.55,0.1389,12,300.0,32422.5,32422.5,0.0
2024-05-28,10:10,5275.0,5330.0,5250.0,5355.0,1.5,1.325,0.1167,12,210.0,32632.5,32632.5,0.0
2024-05-29,10:10,5240.0,5300.0,5215.0,5325.0,1.8,1.6,0.1111,13,260.0,32892.5,32892.5,0.0
2024-05-30,10:10,5220.0,5280.0,5195.0,5305.0,1.65,1.375,0.1667,13,357.5,33250.0,33250.0,0.0
2024-05-31,10:10,5200.0,5270.0,5175.0,5295.0,2.1,4.225,-1.0119,13,-2762.5,30487.5,33250.0,8.31
2024-06-03,10:10,5245.0,5315.0,5220.0,5340.0,1.6,1.425,0.1094,12,210.0,30697.5,33250.0,7.68
2024-06-04,10:10,5225.0,5305.0,5200.0,5330.0,2.35,2.1,0.1064,12,300.0,30997.5,33250.0,6.77
2024-06-05,10:10,5255.0,5335.0,5230.0,5360.0,2.1,4.425,-1.1071,12,-2790.0,28207.5,33250.0,15.17
2024-06-06,10:10,5315.0,5385.0,5290.0,5410.0,1.55,1.375,0.1129,11,192.5,28400.0,33250.0,14.59
2024-06-07,10:10,5305.0,5385.0,5280.0,5410.0,1.75,1.55,0.1143,11,220.0,28620.0,33250.0,13.92
2024-06-10,10:10,5310.0,5370.0,5285.0,5395.0,1.5,1.35,0.1,11,165.0,28785.0,33250.0,13.43
2024-06-11,10:10,5300.0,5370.0,5275.0,5395.0,1.65,1.45,0.1212,11,220.0,29005.0,33250.0,12.77
2024-06-12,10:10,5370.0,5480.0,5345.0,5505.0,2.95,2.625,0.1102,11,357.5,29362.5,33250.0,11.69
2024-06-13,10:10,5390.0,5460.0,5365.0,5485.0,1.8,1.55,0.1389,11,275.0,29637.5,33250.0,10.86
2024-06-14,10:10,5365.0,5440.0,5340.0,5465.0,1.95,1.75,0.1026,11,220.0,29857.5,33250.0,10.2
2024-06-17,10:10,5400.0,5455.0,5375.0,5480.0,1.55,1.375,0.1129,11,192.5,30050.0,33250.0,9.62
2024-06-18,10:10,5445.0,5510.0,5420.0,5535.0,1.95,1.725,0.1154,12,270.0,30320.0,33250.0,8.81
2024-06-20,10:10,5460.0,5525.0,5435.0,5550.0,1.9,1.7,0.1053,12,240.0,30560.0,33250.0,8.09
2024-06-21,10:10,5420.0,5500.0,5395.0,5525.0,1.85,1.65,0.1081,12,240.0,30800.0,33250.0,7.37
2024-06-24,10:10,5455.0,5520.0,5430.0,5545.0,2.0,1.8,0.1,12,240.0,31040.0,33250.0,6.65
2024-06-25,10:10,5425.0,5490.0,5400.0,5515.0,1.55,1.35,0.129,12,240.0,31280.0,33250.0,5.92
2024-06-26,10:10,5435.0,5490.0,5410.0,5515.0,2.0,1.8,0.1,12,240.0,31520.0,33250.0,5.2
2024-06-27,10:10,5450.0,5510.0,5425.0,5535.0,1.85,1.65,0.1081,12,240.0,31760.0,33250.0,4.48
2024-06-28,10:10,5480.0,5550.0,5455.0,5575.0,2.3,2.05,0.1087,12,300.0,32060.0,33250.0,3.58
2024-07-01,10:10,5430.0,5500.0,5405.0,5525.0,1.85,3.9,-1.1081,12,-2460.0,29600.0,33250.0,10.98
2024-07-02,10:10,5435.0,5500.0,5410.0,5525.0,1.8,1.6,0.1111,11,220.0,29820.0,33250.0,10.32
2024-07-03,10:10,5490.0,5535.0,5465.0,5560.0,1.2,1.05,0.125,11,165.0,29985.0,33250.0,9.82
2024-07-05,10:10,5500.0,5565.0,5475.0,5590.0,1.75,1.55,0.1143,11,220.0,30205.0,33250.0,9.16
2024-07-08,10:10,5545.0,5600.0,5520.0,5625.0,1.4,1.25,0.1071,12,180.0,30385.0,33250.0,8.62
2024-07-09,10:10,5550.0,5605.0,5525.0,5630.0,1.8,1.6,0.1111,12,240.0,30625.0,33250.0,7.89
2024-07-10,10:10,5565.0,5620.0,5540.0,5645.0,1.2,1.075,0.1042,12,150.0,30775.0,33250.0,7.44
2024-07-11,10:10,5600.0,5670.0,5575.0,5695.0,2.15,4.475,-1.0814,12,-2790.0,27985.0,33250.0,15.83
2024-07-12,10:10,5580.0,5645.0,5555.0,5670.0,1.9,3.925,-1.0658,11,-2227.5,25757.5,33250.0,22.53
2024-07-15,10:10,5605.0,5680.0,5580.0,5705.0,1.8,1.6,0.1111,10,200.0,25957.5,33250.0,21.93
2024-07-16,10:10,5600.0,5675.0,5575.0,5700.0,1.95,1.7,0.1282,10,250.0,26207.5,33250.0,21.18
2024-07-17,10:10,5555.0,5640.0,5530.0,5665.0,2.25,2.0,0.1111,10,250.0,26457.5,33250.0,20.43
2024-07-18,10:10,5575.0,5650.0,5550.0,5675.0,2.25,1.975,0.1222,10,275.0,26732.5,33250.0,19.6
2024-07-19,10:10,5500.0,5595.0,5475.0,5620.0,2.7,2.375,0.1204,10,325.0,27057.5,33250.0,18.62
2024-07-22,10:10,5485.0,5575.0,5460.0,5600.0,2.35,4.825,-1.0532,10,-2475.0,24582.5,33250.0,26.07
2024-07-23,10:10,5540.0,5610.0,5515.0,5635.0,2.15,1.925,0.1047,9,202.5,24785.0,33250.0,25.46
2024-07-24,10:10,5435.0,5520.0,5410.0,5545.0,2.45,2.15,0.1224,9,270.0,25055.0,33250.0,24.65
2024-07-25,10:10,5335.0,5455.0,5310.0,5480.0,2.65,2.35,0.1132,10,300.0,25355.0,33250.0,23.74
2024-07-26,10:10,5375.0,5495.0,5350.0,5520.0,2.6,2.325,0.1058,10,275.0,25630.0,33250.0,22.92
2024-07-29,10:10,5425.0,5520.0,5400.0,5545.0,2.4,2.15,0.1042,10,250.0,25880.0,33250.0,22.17
2024-07-30,10:10,5430.0,5515.0,5405.0,5540.0,2.25,2.025,0.1,10,225.0,26105.0,33250.0,21.49
2024-07-31,10:10,5445.0,5575.0,5420.0,5600.0,3.3,2.9,0.1212,10,400.0,26505.0,33250.0,20.29
2024-08-01,10:10,5480.0,5585.0,5455.0,5610.0,2.4,2.15,0.1042,10,250.0,26755.0,33250.0,19.53
2024-08-02,10:10,5240.0,5420.0,5215.0,5445.0,2.9,2.475,0.1466,10,425.0,27180.0,33250.0,18.26
2024-08-05,10:10,5030.0,5310.0,5005.0,5335.0,2.75,2.475,0.1,10,275.0,27455.0,33250.0,17.43
2024-08-06,10:10,5160.0,5335.0,5135.0,5360.0,3.05,2.725,0.1066,10,325.0,27780.0,33250.0,16.45
2024-08-07,10:10,5250.0,5385.0,5225.0,5410.0,2.75,2.45,0.1091,11,330.0,28110.0,33250.0,15.46
2024-08-08,10:10,5185.0,5345.0,5160.0,5370.0,3.35,2.975,0.1119,11,412.5,28522.5,33250.0,14.22
2024-08-09,10:10,5235.0,5380.0,5210.0,5405.0,3.35,3.0,0.1045,11,385.0,28907.5,33250.0,13.06
2024-08-12,10:10,5290.0,5395.0,5265.0,5420.0,2.45,2.2,0.102,11,275.0,29182.5,33250.0,12.23
2024-08-13,10:10,5320.0,5425.0,5295.0,5450.0,2.6,2.3,0.1154,11,330.0,29512.5,33250.0,11.24
2024-08-14,10:10,5365.0,5480.0,5340.0,5505.0,2.45,2.2,0.102,11,275.0,29787.5,33250.0,10.41
2024-08-15,10:10,5455.0,5540.0,5430.0,5565.0,2.5,5.1,-1.04,11,-2860.0,26927.5,33250.0,19.02
2024-08-16,10:10,5490.0,5580.0,5465.0,5605.0,2.45,2.15,0.1224,10,300.0,27227.5,33250.0,18.11
2024-08-19,10:10,5530.0,5595.0,5505.0,5620.0,1.95,1.75,0.1026,10,200.0,27427.5,33250.0,17.51
2024-08-20,10:10,5570.0,5645.0,5545.0,5670.0,1.8,1.475,0.1806,10,325.0,27752.5,33250.0,16.53
2024-08-21,10:10,5565.0,5650.0,5540.0,5675.0,2.6,2.325,0.1058,11,302.5,28055.0,33250.0,15.62
2024-08-22,10:10,5575.0,5660.0,5550.0,5685.0,2.25,2.025,0.1,11,247.5,28302.5,33250.0,14.88
2024-08-23,10:10,5560.0,5680.0,5535.0,5705.0,2.95,2.225,0.2458,11,797.5,29100.0,33250.0,12.48
2024-08-26,10:10,5590.0,5665.0,5565.0,5690.0,2.3,2.025,0.1196,11,302.5,29402.5,33250.0,11.57
2024-08-27,10:10,5570.0,5645.0,5545.0,5670.0,2.25,2.0,0.1111,11,275.0,29677.5,33250.0,10.74
2024-08-28,10:10,5585.0,5650.0,5560.0,5675.0,1.65,1.35,0.1818,11,330.0,30007.5,33250.0,9.75
2024-08-29,10:10,5570.0,5660.0,5545.0,5685.0,2.3,1.95,0.1522,12,420.0,30427.5,33250.0,8.49
2024-08-30,10:10,5580.0,5665.0,5555.0,5690.0,2.25,1.95,0.1333,12,360.0,30787.5,33250.0,7.41
2024-09-03,10:10,5540.0,5635.0,5515.0,5660.0,2.55,2.275,0.1078,12,330.0,31117.5,33250.0,6.41
2024-09-04,10:10,5475.0,5585.0,5450.0,5610.0,2.8,2.5,0.1071,12,360.0,31477.5,33250.0,5.33
2024-09-05,10:10,5485.0,5580.0,5460.0,5605.0,2.75,2.425,0.1182,12,390.0,31867.5,33250.0,4.16
2024-09-06,10:10,5415.0,5540.0,5390.0,5565.0,3.15,2.825,0.1032,12,390.0,32257.5,33250.0,2.98
2024-09-09,10:10,5400.0,5510.0,5375.0,5535.0,2.5,2.225,0.11,12,330.0,32587.5,33250.0,1.99
2024-09-10,10:10,5430.0,5525.0,5405.0,5550.0,2.5,2.225,0.11,13,357.5,32945.0,33250.0,0.92
2024-09-11,10:10,5385.0,5505.0,5360.0,5530.0,3.1,2.725,0.121,13,487.5,33432.5,33432.5,0.0
2024-09-12,10:10,5475.0,5595.0,5450.0,5620.0,2.7,2.275,0.1574,13,552.5,33985.0,33985.0,0.0
2024-09-13,10:10,5560.0,5660.0,5535.0,5685.0,2.6,2.325,0.1058,13,357.5,34342.5,34342.5,0.0
2024-09-16,10:10,5580.0,5665.0,5555.0,5690.0,2.05,1.8,0.122,13,325.0,34667.5,34667.5,0.0
2024-09-17,10:10,5615.0,5700.0,5590.0,5725.0,2.05,1.825,0.1098,13,292.5,34960.0,34960.0,0.0
2024-09-18,10:10,5535.0,5715.0,5510.0,5740.0,3.75,3.325,0.1133,13,552.5,35512.5,35512.5,0.0
2024-09-19,10:10,5640.0,5745.0,5615.0,5770.0,2.65,2.25,0.1509,14,560.0,36072.5,36072.5,0.0
2024-09-20,10:10,5640.0,5735.0,5615.0,5760.0,2.6,2.25,0.1346,14,490.0,36562.5,36562.5,0.0
2024-09-23,10:10,5675.0,5745.0,5650.0,5770.0,2.3,2.025,0.1196,14,385.0,36947.5,36947.5,0.0
2024-09-24,10:10,5670.0,5740.0,5645.0,5765.0,2.15,1.9,0.1163,14,350.0,37297.5,37297.5,0.0
2024-09-25,10:10,5700.0,5765.0,5675.0,5790.0,1.65,1.475,0.1061,14,245.0,37542.5,37542.5,0.0
2024-09-26,10:10,5715.0,5780.0,5690.0,5805.0,2.1,1.85,0.119,15,375.0,37917.5,37917.5,0.0
2024-09-27,10:10,5715.0,5785.0,5690.0,5810.0,1.5,1.35,0.1,15,225.0,38142.5,38142.5,0.0
2024-09-30,10:10,5685.0,5765.0,5660.0,5790.0,2.2,1.95,0.1136,15,375.0,38517.5,38517.5,0.0
2024-10-01,10:10,5630.0,5755.0,5605.0,5780.0,3.2,2.7,0.1562,15,750.0,39267.5,39267.5,0.0
2024-10-02,10:10,5645.0,5740.0,5620.0,5765.0,2.55,2.275,0.1078,15,412.5,39680.0,39680.0,0.0
2024-10-03,10:10,5665.0,5755.0,5640.0,5780.0,2.5,2.2,0.12,15,450.0,40130.0,40130.0,0.0
2024-10-04,10:10,5645.0,5765.0,5620.0,5790.0,2.5,2.225,0.11,16,440.0,40570.0,40570.0,0.0
2024-10-07,10:10,5685.0,5765.0,5660.0,5790.0,2.2,1.95,0.1136,16,400.0,40970.0,40970.0,0.0
2024-10-08,10:10,5685.0,5760.0,5660.0,5785.0,2.2,1.95,0.1136,16,400.0,41370.0,41370.0,0.0
2024-10-09,10:10,5715.0,5790.0,5690.0,5815.0,1.9,3.8,-1.0,16,-3040.0,38330.0,41370.0,7.35
2024-10-10,10:10,5735.0,5820.0,5710.0,5845.0,2.1,1.825,0.131,15,412.5,38742.5,41370.0,6.35
2024-10-11,10:10,5760.0,5840.0,5735.0,5865.0,2.05,1.775,0.1341,15,412.5,39155.0,41370.0,5.35
2024-10-14,10:10,5810.0,5875.0,5785.0,5900.0,1.65,1.475,0.1061,15,262.5,39417.5,41370.0,4.72
2024-10-15,10:10,5825.0,5890.0,5800.0,5915.0,1.8,1.575,0.125,15,337.5,39755.0,41370.0,3.9
2024-10-16,10:10,5785.0,5855.0,5760.0,5880.0,2.05,1.825,0.1098,15,337.5,40092.5,41370.0,3.09
2024-10-17,10:10,5805.0,5885.0,5780.0,5910.0,2.1,1.85,0.119,16,400.0,40492.5,41370.0,2.12
2024-10-18,10:10,5820.0,5885.0,5795.0,5910.0,1.9,1.675,0.1184,16,360.0,40852.5,41370.0,1.25
2024-10-21,10:10,5830.0,5890.0,5805.0,5915.0,1.4,1.25,0.1071,16,240.0,41092.5,41370.0,0.67
2024-10-22,10:10,5795.0,5865.0,5770.0,5890.0,1.85,1.6,0.1351,16,400.0,41492.5,41492.5,0.0
2024-10-23,10:10,5790.0,5855.0,5765.0,5880.0,2.1,1.8,0.1429,16,480.0,41972.5,41972.5,0.0
2024-10-24,10:10,5765.0,5845.0,5740.0,5870.0,1.9,1.7,0.1053,16,320.0,42292.5,42292.5,0.0
2024-10-25,10:10,5820.0,5885.0,5795.0,5910.0,2.0,1.75,0.125,16,400.0,42692.5,42692.5,0.0
2024-10-28,10:10,5795.0,5870.0,5770.0,5895.0,1.7,1.525,0.1029,17,297.5,42990.0,42990.0,0.0
2024-10-29,10:10,5785.0,5850.0,5760.0,5875.0,2.05,1.775,0.1341,17,467.5,43457.5,43457.5,0.0
2024-10-30,10:10,5805.0,5875.0,5780.0,5900.0,1.8,1.6,0.1111,17,340.0,43797.5,43797.5,0.0
2024-10-31,10:10,5695.0,5795.0,5670.0,5820.0,2.4,2.125,0.1146,17,467.5,44265.0,44265.0,0.0
2024-11-01,10:10,5705.0,5795.0,5680.0,5820.0,2.05,1.8,0.122,17,425.0,44690.0,44690.0,0.0
2024-11-04,10:10,5680.0,5770.0,5655.0,5795.0,2.1,1.875,0.1071,17,382.5,45072.5,45072.5,0.0
2024-11-05,10:10,5705.0,5795.0,5680.0,5820.0,2.2,1.975,0.1023,18,405.0,45477.5,45477.5,0.0
2024-11-06,10:10,5820.0,5935.0,5795.0,5960.0,2.45,2.2,0.102,18,450.0,45927.5,45927.5,0.0
2024-11-07,10:10,5905.0,6005.0,5880.0,6030.0,2.65,2.375,0.1038,18,495.0,46422.5,46422.5,0.0
2024-11-08,10:10,5945.0,6015.0,5920.0,6040.0,1.55,1.325,0.1452,18,405.0,46827.5,46827.5,0.0
2024-11-11,10:10,5970.0,6030.0,5945.0,6055.0,1.85,1.65,0.1081,18,360.0,47187.5,47187.5,0.0
2024-11-12,10:10,5955.0,6025.0,5930.0,6050.0,1.65,1.475,0.1061,18,315.0,47502.5,47502.5,0.0
2024-11-13,10:10,5935.0,6005.0,5910.0,6030.0,2.05,1.8,0.122,19,475.0,47977.5,47977.5,0.0
2024-11-14,10:10,5935.0,6010.0,5910.0,6035.0,2.05,1.8,0.122,19,475.0,48452.5,48452.5,0.0
2024-11-15,10:10,5850.0,5930.0,5825.0,5955.0,2.15,1.875,0.1279,19,522.5,48975.0,48975.0,0.0
2024-11-18,10:10,5840.0,5910.0,5815.0,5935.0,2.05,1.825,0.1098,19,427.5,49402.5,49402.5,0.0
2024-11-19,10:10,5815.0,5905.0,5790.0,5930.0,2.4,2.125,0.1146,19,522.5,49925.0,49925.0,0.0
2024-11-20,10:10,5820.0,5920.0,5795.0,5945.0,2.35,2.1,0.1064,19,475.0,50400.0,50400.0,0.0
2024-11-21,10:10,5845.0,5955.0,5820.0,5980.0,2.95,2.575,0.1271,20,750.0,51150.0,51150.0,0.0
2024-11-22,10:10,5905.0,5995.0,5880.0,6020.0,2.35,2.1,0.1064,20,500.0,51650.0,51650.0,0.0
2024-11-25,10:10,5965.0,6030.0,5940.0,6055.0,1.9,1.675,0.1184,20,450.0,52100.0,52100.0,0.0
2024-11-26,10:10,5955.0,6025.0,5930.0,6050.0,1.9,1.7,0.1053,20,400.0,52500.0,52500.0,0.0
2024-11-27,10:10,5980.0,6040.0,5955.0,6065.0,1.65,1.475,0.1061,21,367.5,52867.5,52867.5,0.0
2024-11-29,10:10,6000.0,6040.0,5975.0,6065.0,1.5,1.35,0.1,21,315.0,53182.5,53182.5,0.0
2024-12-02,10:10,6010.0,6065.0,5985.0,6090.0,1.6,1.4,0.125,21,420.0,53602.5,53602.5,0.0
2024-12-03,10:10,6015.0,6070.0,5990.0,6095.0,1.45,1.3,0.1034,21,315.0,53917.5,53917.5,0.0
2024-12-04,10:10,6035.0,6090.0,6010.0,6115.0,1.65,1.45,0.1212,21,420.0,54337.5,54337.5,0.0
2024-12-05,10:10,6060.0,6110.0,6035.0,6135.0,1.3,1.15,0.1154,21,315.0,54652.5,54652.5,0.0
2024-12-06,10:10,6065.0,6120.0,6040.0,6145.0,1.25,1.125,0.1,21,262.5,54915.0,54915.0,0.0
2024-12-09,10:10,6060.0,6100.0,6035.0,6125.0,1.3,2.65,-1.0385,21,-2835.0,52080.0,54915.0,5.16
2024-12-10,10:10,6035.0,6080.0,6010.0,6105.0,1.7,1.5,0.1176,20,400.0,52480.0,54915.0,4.43
2024-12-11,10:10,6050.0,6100.0,6025.0,6125.0,1.35,1.2,0.1111,20,300.0,52780.0,54915.0,3.89
2024-12-12,10:10,6035.0,6085.0,6010.0,6110.0,1.4,1.2,0.1429,21,420.0,53200.0,54915.0,3.12
2024-12-13,10:10,6035.0,6090.0,6010.0,6115.0,1.45,3.275,-1.2586,21,-3832.5,49367.5,54915.0,10.1
2024-12-16,10:10,6045.0,6090.0,6020.0,6115.0,1.25,1.125,0.1,19,237.5,49605.0,54915.0,9.67
2024-12-17,10:10,6015.0,6070.0,5990.0,6095.0,1.65,1.4,0.1515,19,475.0,50080.0,54915.0,8.8
2024-12-18,10:10,6005.0,6100.0,5980.0,6125.0,2.65,2.325,0.1226,20,650.0,50730.0,54915.0,7.62
2024-12-19,10:10,5815.0,5960.0,5790.0,5985.0,2.4,2.15,0.1042,20,500.0,51230.0,54915.0,6.71
2024-12-20,10:10,5785.0,5915.0,5760.0,5940.0,2.55,5.75,-1.2549,20,-6400.0,44830.0,54915.0,18.36
2024-12-23,10:10,5835.0,5965.0,5810.0,5990.0,2.4,2.125,0.1146,17,467.5,45297.5,54915.0,17.51
2024-12-24,10:10,5970.0,6025.0,5945.0,6050.0,1.45,1.3,0.1034,18,270.0,45567.5,54915.0,17.02
2024-12-26,10:10,5970.0,6060.0,5945.0,6085.0,1.85,1.65,0.1081,18,360.0,45927.5,54915.0,16.37
2024-12-27,10:10,5920.0,6020.0,5895.0,6045.0,2.4,2.15,0.1042,18,450.0,46377.5,54915.0,15.55
2024-12-30,10:10,5815.0,5935.0,5790.0,5960.0,2.65,2.375,0.1038,18,495.0,46872.5,54915.0,14.65
2024-12-31,10:10,5845.0,5970.0,5820.0,5995.0,3.3,2.925,0.1136,18,675.0,47547.5,54915.0,13.42
2025-01-02,10:10,5870.0,5975.0,5845.0,6000.0,2.65,2.375,0.1038,19,522.5,48070.0,54915.0,12.46
2025-01-03,10:10,5855.0,5960.0,5830.0,5985.0,2.6,2.25,0.1346,19,665.0,48735.0,54915.0,11.25
2025-01-06,10:10,5965.0,6040.0,5940.0,6065.0,2.05,1.75,0.1463,19,570.0,49305.0,54915.0,10.22
2025-01-07,10:10,5895.0,6000.0,5870.0,6025.0,2.4,2.1,0.125,19,570.0,49875.0,54915.0,9.18
2025-01-08,10:10,5835.0,5960.0,5810.0,5985.0,2.8,2.5,0.1071,19,570.0,50445.0,54915.0,8.14
2025-01-10,10:10,5750.0,5885.0,5725.0,5910.0,2.65,2.375,0.1038,20,550.0,50995.0,54915.0,7.14
2025-01-13,10:10,5735.0,5850.0,5710.0,5875.0,2.85,2.475,0.1316,20,750.0,51745.0,54915.0,5.77
2025-01-14,10:10,5800.0,5910.0,5775.0,5935.0,2.6,2.3,0.1154,20,600.0,52345.0,54915.0,4.68
2025-01-15,10:10,5880.0,5985.0,5855.0,6010.0,2.4,2.1,0.125,20,600.0,52945.0,54915.0,3.59
2025-01-16,10:10,5895.0,5990.0,5870.0,6015.0,2.6,2.325,0.1058,21,577.5,53522.5,54915.0,2.54
2025-01-17,10:10,5935.0,6025.0,5910.0,6050.0,2.1,1.85,0.119,21,525.0,54047.5,54915.0,1.58
2025-01-21,10:10,5970.0,6060.0,5945.0,6085.0,2.1,1.85,0.119,21,525.0,54572.5,54915.0,0.62
2025-01-22,10:10,6050.0,6115.0,6025.0,6140.0,1.6,1.4,0.125,21,420.0,54992.5,54992.5,0.0
2025-01-23,10:10,6040.0,6105.0,6015.0,6130.0,1.65,1.45,0.1212,21,420.0,55412.5,55412.5,0.0
2025-01-24,10:10,6080.0,6145.0,6055.0,6170.0,1.8,1.575,0.125,22,495.0,55907.5,55907.5,0.0
2025-01-27,10:10,5940.0,6050.0,5915.0,6075.0,2.25,2.0,0.1111,22,550.0,56457.5,56457.5,0.0
2025-01-28,10:10,5965.0,6060.0,5940.0,6085.0,2.55,5.275,-1.0686,22,-5995.0,50462.5,56457.5,10.62
2025-01-29,10:10,6000.0,6110.0,5975.0,6135.0,2.55,2.25,0.1176,20,600.0,51062.5,56457.5,9.56
2025-01-30,10:10,6010.0,6100.0,5985.0,6125.0,2.35,2.1,0.1064,20,500.0,51562.5,56457.5,8.67
2025-01-31,10:10,6060.0,6140.0,6035.0,6165.0,2.05,1.825,0.1098,20,450.0,52012.5,56457.5,7.87
2025-02-03,10:10,5870.0,6005.0,5845.0,6030.0,2.55,6.125,-1.402,20,-7150.0,44862.5,56457.5,20.54
2025-02-04,10:10,5970.0,6065.0,5945.0,6090.0,2.6,2.275,0.125,17,552.5,45415.0,56457.5,19.56
2025-02-05,10:10,5960.0,6055.0,5935.0,6080.0,2.65,2.275,0.1415,18,675.0,46090.0,56457.5,18.36
2025-02-06,10:10,6030.0,6110.0,6005.0,6135.0,1.7,1.5,0.1176,18,360.0,46450.0,56457.5,17.73
2025-02-07,10:10,6020.0,6115.0,5995.0,6140.0,2.5,2.175,0.13,18,585.0,47035.0,56457.5,16.69
2025-02-10,10:10,6020.0,6095.0,5995.0,6120.0,2.0,1.775,0.1125,18,405.0,47440.0,56457.5,15.97
2025-02-11,10:10,6000.0,6085.0,5975.0,6110.0,2.2,1.95,0.1136,18,450.0,47890.0,56457.5,15.18
2025-02-12,10:10,5965.0,6060.0,5940.0,6085.0,2.6,2.3,0.1154,19,570.0,48460.0,56457.5,14.17
2025-02-13,10:10,6015.0,6100.0,5990.0,6125.0,2.15,4.65,-1.1628,19,-4750.0,43710.0,56457.5,22.58
2025-02-14,10:10,6080.0,6155.0,6055.0,6180.0,1.65,1.4,0.1515,17,425.0,44135.0,56457.5,21.83
2025-02-18,10:10,6075.0,6145.0,6050.0,6170.0,1.8,1.575,0.125,17,382.5,44517.5,56457.5,21.15
2025-02-19,10:10,6075.0,6140.0,6050.0,6165.0,1.6,1.4,0.125,17,340.0,44857.5,56457.5,20.55
2025-02-20,10:10,6035.0,6135.0,6010.0,6160.0,2.35,2.1,0.1064,17,425.0,45282.5,56457.5,19.79
2025-02-21,10:10,6050.0,6135.0,6025.0,6160.0,2.1,1.8,0.1429,18,540.0,45822.5,56457.5,18.84
2025-02-24,10:10,5925.0,6045.0,5900.0,6070.0,2.45,2.2,0.102,18,450.0,46272.5,56457.5,18.04
2025-02-25,10:10,5880.0,6005.0,5855.0,6030.0,2.95,2.575,0.1271,18,675.0,46947.5,56457.5,16.84
2025-02-26,10:10,5940.0,6035.0,5915.0,6060.0,2.4,2.0,0.1667,18,720.0,47667.5,56457.5,15.57
2025-02-27,10:10,5855.0,6000.0,5830.0,6025.0,3.1,2.65,0.1452,19,855.0,48522.5,56457.5,14.05
2025-02-28,10:10,5805.0,5945.0,5780.0,5970.0,2.95,2.55,0.1356,19,760.0,49282.5,56457.5,12.71
2025-03-03,10:10,5850.0,5995.0,5825.0,6020.0,3.0,2.275,0.2417,19,1377.5,50660.0,56457.5,10.27
2025-03-04,10:10,5660.0,5850.0,5635.0,5875.0,3.05,2.725,0.1066,20,650.0,51310.0,56457.5,9.12
2025-03-05,10:10,5700.0,5890.0,5675.0,5915.0,3.6,3.2,0.1111,20,800.0,52110.0,56457.5,7.7
2025-03-06,10:10,5695.0,5870.0,5670.0,5895.0,3.5,3.125,0.1071,20,750.0,52860.0,56457.5,6.37
2025-03-07,10:10,5655.0,5850.0,5630.0,5875.0,3.7,7.475,-1.0203,21,-7927.5,44932.5,56457.5,20.41
2025-03-10,10:10,5575.0,5760.0,5550.0,5785.0,3.55,3.15,0.1127,17,680.0,45612.5,56457.5,19.21
2025-03-11,10:10,5500.0,5705.0,5475.0,5730.0,3.55,3.125,0.1197,18,765.0,46377.5,56457.5,17.85
2025-03-12,10:10,5515.0,5700.0,5490.0,5725.0,3.5,3.15,0.1,18,630.0,47007.5,56457.5,16.74
2025-03-13,10:10,5490.0,5650.0,5465.0,5675.0,3.5,3.075,0.1214,18,765.0,47772.5,56457.5,15.38
2025-03-14,10:10,5485.0,5650.0,5460.0,5675.0,3.1,2.65,0.1452,19,855.0,48627.5,56457.5,13.87
2025-03-17,10:10,5595.0,5710.0,5570.0,5735.0,3.1,2.75,0.1129,19,665.0,49292.5,56457.5,12.69
2025-03-18,10:10,5555.0,5690.0,5530.0,5715.0,3.15,2.8,0.1111,19,665.0,49957.5,56457.5,11.51
2025-03-19,10:10,5570.0,5725.0,5545.0,5750.0,3.35,2.975,0.1119,19,712.5,50670.0,56457.5,10.25
2025-03-20,10:10,5620.0,5745.0,5595.0,5770.0,2.75,2.45,0.1091,20,600.0,51270.0,56457.5,9.19
2025-03-21,10:10,5535.0,5675.0,5510.0,5700.0,3.2,2.825,0.1172,20,750.0,52020.0,56457.5,7.86
2025-03-24,10:10,5690.0,5780.0,5665.0,5805.0,2.2,1.9,0.1364,20,600.0,52620.0,56457.5,6.8
2025-03-25,10:10,5725.0,5805.0,5700.0,5830.0,2.4,2.125,0.1146,21,577.5,53197.5,56457.5,5.77
2025-03-26,10:10,5710.0,5795.0,5685.0,5820.0,2.3,2.05,0.1087,21,525.0,53722.5,56457.5,4.84
2025-03-27,10:10,5645.0,5755.0,5620.0,5780.0,2.7,2.375,0.1204,21,682.5,54405.0,56457.5,3.64
2025-03-28,10:10,5585.0,5705.0,5560.0,5730.0,2.7,5.8,-1.1481,21,-6510.0,47895.0,56457.5,15.17
2025-03-31,10:10,5455.0,5610.0,5430.0,5635.0,3.05,2.675,0.123,19,712.5,48607.5,56457.5,13.9
2025-04-01,10:10,5495.0,5640.0,5470.0,5665.0,2.9,2.55,0.1207,19,665.0,49272.5,56457.5,12.73
2025-04-02,10:10,5535.0,5680.0,5510.0,5705.0,3.15,2.625,0.1667,19,997.5,50270.0,56457.5,10.96
2025-04-03,10:10,5350.0,5555.0,5325.0,5580.0,3.2,2.825,0.1172,20,750.0,51020.0,56457.5,9.63
2025-04-04,10:10,5075.0,5350.0,5050.0,5375.0,3.4,3.05,0.1029,20,700.0,51720.0,56457.5,8.39
2025-04-08,10:10,5085.0,5385.0,5060.0,5410.0,3.2,2.825,0.1172,20,750.0,52470.0,56457.5,7.06
2025-04-10,10:10,5130.0,5480.0,5105.0,5505.0,3.25,2.85,0.1231,20,800.0,53270.0,56457.5,5.65
2025-04-11,10:10,5085.0,5465.0,5060.0,5490.0,3.3,2.9,0.1212,21,840.0,54110.0,56457.5,4.16
2025-04-14,10:10,5310.0,5540.0,5285.0,5565.0,2.85,2.55,0.1053,21,630.0,54740.0,56457.5,3.04
2025-04-15,10:10,5340.0,5510.0,5315.0,5535.0,2.5,2.25,0.1,21,525.0,55265.0,56457.5,2.11
2025-04-16,10:10,5235.0,5415.0,5210.0,5440.0,2.8,2.475,0.1161,22,715.0,55980.0,56457.5,0.85
2025-04-17,10:10,5195.0,5375.0,5170.0,5400.0,2.9,2.55,0.1207,22,770.0,56750.0,56750.0,0.0
2025-04-21,10:10,5085.0,5270.0,5060.0,5295.0,3.0,2.575,0.1417,22,935.0,57685.0,57685.0,0.0
2025-04-22,10:10,5160.0,5315.0,5135.0,5340.0,2.7,2.375,0.1204,23,747.5,58432.5,58432.5,0.0
2025-04-23,10:10,5335.0,5555.0,5310.0,5580.0,2.9,2.575,0.1121,23,747.5,59180.0,59180.0,0.0
2025-04-24,10:10,5325.0,5500.0,5300.0,5525.0,2.95,2.65,0.1017,23,690.0,59870.0,59870.0,0.0
2025-04-25,10:10,5405.0,5565.0,5380.0,5590.0,2.55,2.25,0.1176,23,690.0,60560.0,60560.0,0.0
2025-04-28,10:10,5455.0,5590.0,5430.0,5615.0,2.6,2.325,0.1058,24,660.0,61220.0,61220.0,0.0
2025-04-29,10:10,5465.0,5600.0,5440.0,5625.0,2.65,2.375,0.1038,24,660.0,61880.0,61880.0,0.0
2025-04-30,10:10,5365.0,5540.0,5340.0,5565.0,2.9,2.6,0.1034,24,720.0,62600.0,62600.0,0.0
2025-05-01,10:10,5535.0,5685.0,5510.0,5710.0,2.8,2.475,0.1161,25,812.5,63412.5,63412.5,0.0
2025-05-05,10:10,5590.0,5700.0,5565.0,5725.0,2.5,2.25,0.1,25,625.0,64037.5,64037.5,0.0
2025-05-06,10:10,5545.0,5655.0,5520.0,5680.0,2.45,2.15,0.1224,25,750.0,64787.5,64787.5,0.0
2025-05-07,10:10,5550.0,5710.0,5525.0,5735.0,2.75,2.475,0.1,25,687.5,65475.0,65475.0,0.0
2025-05-08,10:10,5570.0,5725.0,5545.0,5750.0,2.95,2.625,0.1102,26,845.0,66320.0,66320.0,0.0
2025-05-09,10:10,5630.0,5740.0,5605.0,5765.0,1.9,3.925,-1.0658,26,-5265.0,61055.0,66320.0,7.94
2025-05-13,10:10,5825.0,5920.0,5800.0,5945.0,2.05,1.825,0.1098,24,540.0,61595.0,66320.0,7.12
2025-05-14,10:10,5830.0,5935.0,5805.0,5960.0,2.45,2.15,0.1224,24,720.0,62315.0,66320.0,6.04
2025-05-15,10:10,5825.0,5920.0,5800.0,5945.0,2.05,1.775,0.1341,24,660.0,62975.0,66320.0,5.04
2025-05-16,10:10,5875.0,5965.0,5850.0,5990.0,1.95,1.725,0.1154,25,562.5,63537.5,66320.0,4.2
2025-05-19,10:10,5885.0,5990.0,5860.0,6015.0,2.2,1.875,0.1477,25,812.5,64350.0,66320.0,2.97
2025-05-20,10:10,5890.0,5980.0,5865.0,6005.0,2.05,1.75,0.1463,25,750.0,65100.0,66320.0,1.84
2025-05-21,10:10,5870.0,5960.0,5845.0,5985.0,2.35,2.025,0.1383,26,845.0,65945.0,66320.0,0.57
2025-05-22,10:10,5800.0,5915.0,5775.0,5940.0,2.55,2.125,0.1667,26,1105.0,67050.0,67050.0,0.0
2025-05-23,10:10,5715.0,5850.0,5690.0,5875.0,2.75,2.275,0.1727,26,1235.0,68285.0,68285.0,0.0
2025-05-27,10:10,5835.0,5920.0,5810.0,5945.0,1.8,1.575,0.125,27,607.5,68892.5,68892.5,0.0
2025-05-28,10:10,5870.0,5960.0,5845.0,5985.0,2.0,1.775,0.1125,27,607.5,69500.0,69500.0,0.0
2025-05-29,10:10,5840.0,5965.0,5815.0,5990.0,2.85,2.45,0.1404,27,1080.0,70580.0,70580.0,0.0
2025-05-30,10:10,5840.0,5950.0,5815.0,5975.0,2.85,2.55,0.1053,28,840.0,71420.0,71420.0,0.0
2025-06-02,10:10,5820.0,5925.0,5795.0,5950.0,2.5,2.225,0.11,28,770.0,72190.0,72190.0,0.0
2025-06-03,10:10,5890.0,5975.0,5865.0,6000.0,2.2,1.95,0.1136,28,700.0,72890.0,72890.0,0.0
2025-06-04,10:10,5925.0,6015.0,5900.0,6040.0,2.4,2.125,0.1146,29,797.5,73687.5,73687.5,0.0
2025-06-05,10:10,5890.0,6005.0,5865.0,6030.0,2.65,2.375,0.1038,29,797.5,74485.0,74485.0,0.0
2025-06-06,10:10,5955.0,6050.0,5930.0,6075.0,1.7,1.475,0.1324,29,652.5,75137.5,75137.5,0.0
2025-06-09,10:10,5960.0,6035.0,5935.0,6060.0,2.15,1.925,0.1047,30,675.0,75812.5,75812.5,0.0
2025-06-10,10:10,5975.0,6050.0,5950.0,6075.0,1.85,1.65,0.1081,30,600.0,76412.5,76412.5,0.0
2025-06-11,10:10,6005.0,6085.0,5980.0,6110.0,2.05,1.825,0.1098,30,675.0,77087.5,77087.5,0.0
2025-06-12,10:10,5975.0,6060.0,5950.0,6085.0,2.05,1.825,0.1098,30,675.0,77762.5,77762.5,0.0
2025-06-13,10:10,5930.0,6040.0,5905.0,6065.0,2.4,2.15,0.1042,31,775.0,78537.5,78537.5,0.0
2025-06-16,10:10,5990.0,6070.0,5965.0,6095.0,1.9,1.675,0.1184,31,697.5,79235.0,79235.0,0.0
2025-06-17,10:10,5975.0,6050.0,5950.0,6075.0,1.8,1.6,0.1111,31,620.0,79855.0,79855.0,0.0
2025-06-18,10:10,5935.0,6050.0,5910.0,6075.0,2.55,2.25,0.1176,31,930.0,80785.0,80785.0,0.0
2025-06-20,10:10,5940.0,6035.0,5915.0,6060.0,2.4,2.05,0.1458,32,1120.0,81905.0,81905.0,0.0
2025-06-23,10:10,5945.0,6040.0,5920.0,6065.0,1.8,1.525,0.1528,32,880.0,82785.0,82785.0,0.0
2025-06-24,10:10,6015.0,6100.0,5990.0,6125.0,1.85,1.65,0.1081,33,660.0,83445.0,83445.0,0.0
2025-06-25,10:10,6065.0,6135.0,6040.0,6160.0,1.45,1.275,0.1207,33,577.5,84022.5,84022.5,0.0
2025-06-26,10:10,6080.0,6140.0,6055.0,6165.0,1.7,3.55,-1.0882,33,-6105.0,77917.5,84022.5,7.27
2025-06-27,10:10,6135.0,6205.0,6110.0,6230.0,1.4,1.2,0.1429,31,620.0,78537.5,84022.5,6.53
2025-06-30,10:10,6140.0,6225.0,6115.0,6250.0,1.9,1.7,0.1053,31,620.0,79157.5,84022.5,5.79
2025-07-01,10:10,6155.0,6225.0,6130.0,6250.0,1.5,1.3,0.1333,31,620.0,79777.5,84022.5,5.05
2025-07-02,10:10,6165.0,6230.0,6140.0,6255.0,1.5,1.35,0.1,31,465.0,80242.5,84022.5,4.5
2025-07-03,10:10,6240.0,6295.0,6215.0,6320.0,1.4,1.175,0.1607,32,720.0,80962.5,84022.5,3.64
2025-07-07,10:10,6210.0,6285.0,6185.0,6310.0,1.35,1.2,0.1111,32,480.0,81442.5,84022.5,3.07
2025-07-08,10:10,6180.0,6255.0,6155.0,6280.0,2.0,1.75,0.125,32,800.0,82242.5,84022.5,2.12
2025-07-09,10:10,6225.0,6295.0,6200.0,6320.0,1.7,1.475,0.1324,32,720.0,82962.5,84022.5,1.26
2025-07-10,10:10,6215.0,6285.0,6190.0,6310.0,1.6,1.425,0.1094,33,577.5,83540.0,84022.5,0.57
2025-07-11,10:10,6210.0,6285.0,6185.0,6310.0,1.95,1.75,0.1026,33,660.0,84200.0,84200.0,0.0
2025-07-14,10:10,6215.0,6280.0,6190.0,6305.0,1.5,1.35,0.1,33,495.0,84695.0,84695.0,0.0
2025-07-15,10:10,6235.0,6310.0,6210.0,6335.0,1.95,1.75,0.1026,33,660.0,85355.0,85355.0,0.0
2025-07-16,10:10,6200.0,6275.0,6175.0,6300.0,1.75,1.55,0.1143,34,680.0,86035.0,86035.0,0.0
2025-07-17,10:10,6245.0,6310.0,6220.0,6335.0,1.55,1.375,0.1129,34,595.0,86630.0,86630.0,0.0
2025-07-18,10:10,6270.0,6330.0,6245.0,6355.0,1.8,1.6,0.1111,34,680.0,87310.0,87310.0,0.0
2025-07-21,10:10,6295.0,6350.0,6270.0,6375.0,1.45,1.3,0.1034,34,510.0,87820.0,87820.0,0.0
2025-07-22,10:10,6250.0,6320.0,6225.0,6345.0,1.85,1.6,0.1351,35,875.0,88695.0,88695.0,0.0
2025-07-23,10:10,6285.0,6350.0,6260.0,6375.0,1.45,1.3,0.1034,35,525.0,89220.0,89220.0,0.0
2025-07-24,10:10,6330.0,6395.0,6305.0,6420.0,1.5,1.325,0.1167,35,612.5,89832.5,89832.5,0.0
2025-07-25,10:10,6335.0,6395.0,6310.0,6420.0,1.5,1.325,0.1167,35,612.5,90445.0,90445.0,0.0
2025-07-28,10:10,6365.0,6425.0,6340.0,6450.0,1.15,1.0,0.1304,36,540.0,90985.0,90985.0,0.0
2025-07-29,10:10,6365.0,6420.0,6340.0,6445.0,1.35,1.2,0.1111,36,540.0,91525.0,91525.0,0.0
2025-07-30,10:10,6325.0,6415.0,6300.0,6440.0,2.05,1.825,0.1098,36,810.0,92335.0,92335.0,0.0
2025-07-31,10:10,6370.0,6445.0,6345.0,6470.0,2.05,1.8,0.122,36,900.0,93235.0,93235.0,0.0
2025-08-01,10:10,6155.0,6305.0,6130.0,6330.0,2.45,2.2,0.102,37,925.0,94160.0,94160.0,0.0
2025-08-04,10:10,6250.0,6340.0,6225.0,6365.0,1.85,1.55,0.1622,37,1110.0,95270.0,95270.0,0.0
2025-08-05,10:10,6275.0,6360.0,6250.0,6385.0,1.75,1.525,0.1286,38,855.0,96125.0,96125.0,0.0
2025-08-06,10:10,6275.0,6355.0,6250.0,6380.0,1.95,1.75,0.1026,38,760.0,96885.0,96885.0,0.0
2025-08-07,10:10,6315.0,6405.0,6290.0,6430.0,2.05,1.825,0.1098,38,855.0,97740.0,97740.0,0.0
2025-08-08,10:10,6340.0,6415.0,6315.0,6440.0,2.05,1.75,0.1463,39,1170.0,98910.0,98910.0,0.0
2025-08-11,10:10,6355.0,6420.0,6330.0,6445.0,1.6,1.4,0.125,39,780.0,99690.0,99690.0,0.0
2025-08-12,10:10,6350.0,6435.0,6325.0,6460.0,2.15,1.825,0.1512,39,1267.5,100957.5,100957.5,0.0
2025-08-13,10:10,6435.0,6500.0,6410.0,6525.0,1.4,1.25,0.1071,40,600.0,101557.5,101557.5,0.0
2025-08-14,10:10,6415.0,6490.0,6390.0,6515.0,1.65,1.35,0.1818,40,1200.0,102757.5,102757.5,0.0
2025-08-15,10:10,6415.0,6495.0,6390.0,6520.0,1.55,1.35,0.129,41,820.0,103577.5,103577.5,0.0
2025-08-18,10:10,6415.0,6470.0,6390.0,6495.0,1.7,1.525,0.1029,41,717.5,104295.0,104295.0,0.0
2025-08-19,10:10,6425.0,6480.0,6400.0,6505.0,1.35,1.2,0.1111,41,615.0,104910.0,104910.0,0.0
2025-08-20,10:10,6300.0,6405.0,6275.0,6430.0,2.05,1.8,0.122,41,1025.0,105935.0,105935.0,0.0
2025-08-21,10:10,6335.0,6425.0,6310.0,6450.0,2.3,2.05,0.1087,42,1050.0,106985.0,106985.0,0.0
2025-08-22,10:10,6375.0,6505.0,6350.0,6530.0,2.45,2.175,0.1122,42,1155.0,108140.0,108140.0,0.0
2025-08-25,10:10,6425.0,6485.0,6400.0,6510.0,1.25,1.125,0.1,43,537.5,108677.5,108677.5,0.0
2025-08-26,10:10,6405.0,6465.0,6380.0,6490.0,1.4,1.25,0.1071,43,645.0,109322.5,109322.5,0.0
2025-08-27,10:10,6440.0,6490.0,6415.0,6515.0,1.5,1.35,0.1,43,645.0,109967.5,109967.5,0.0
2025-08-28,10:10,6435.0,6510.0,6410.0,6535.0,1.7,1.525,0.1029,43,752.5,110720.0,110720.0,0.0
2025-08-29,10:10,6400.0,6495.0,6375.0,6520.0,2.2,1.975,0.1023,44,990.0,111710.0,111710.0,0.0
2025-09-02,10:10,6350.0,6445.0,6325.0,6470.0,2.2,1.85,0.1591,44,1540.0,113250.0,113250.0,0.0
2025-09-03,10:10,6395.0,6465.0,6370.0,6490.0,1.65,1.475,0.1061,45,787.5,114037.5,114037.5,0.0
2025-09-04,10:10,6410.0,6480.0,6385.0,6505.0,1.55,1.35,0.129,45,900.0,114937.5,114937.5,0.0
2025-09-05,10:10,6455.0,6545.0,6430.0,6570.0,1.7,3.6,-1.1176,45,-8550.0,106387.5,114937.5,7.44
2025-09-08,10:10,6460.0,6520.0,6435.0,6545.0,1.5,1.35,0.1,42,630.0,107017.5,114937.5,6.89
2025-09-09,10:10,6465.0,6530.0,6440.0,6555.0,1.5,1.35,0.1,42,630.0,107647.5,114937.5,6.34
2025-09-10,10:10,6515.0,6575.0,6490.0,6600.0,1.5,1.35,0.1,43,645.0,108292.5,114937.5,5.78
2025-09-11,10:10,6520.0,6595.0,6495.0,6620.0,1.75,1.575,0.1,43,752.5,109045.0,114937.5,5.13
2025-09-12,10:10,6560.0,6615.0,6535.0,6640.0,1.35,1.175,0.1296,43,752.5,109797.5,114937.5,4.47
2025-09-15,10:10,6570.0,6635.0,6545.0,6660.0,1.05,0.925,0.119,43,537.5,110335.0,114937.5,4.0
2025-09-16,10:10,6570.0,6635.0,6545.0,6660.0,1.3,1.15,0.1154,44,660.0,110995.0,114937.5,3.43
2025-09-17,10:10,6515.0,6670.0,6490.0,6695.0,2.55,2.275,0.1078,44,1210.0,112205.0,114937.5,2.38
2025-09-18,10:10,6595.0,6675.0,6570.0,6700.0,1.85,1.525,0.1757,44,1430.0,113635.0,114937.5,1.13
2025-09-19,10:10,6605.0,6675.0,6580.0,6700.0,1.45,1.275,0.1207,45,787.5,114422.5,114937.5,0.45
2025-09-22,10:10,6630.0,6685.0,6605.0,6710.0,1.0,0.875,0.125,45,562.5,114985.0,114985.0,0.0
2025-09-23,10:10,6665.0,6720.0,6640.0,6745.0,1.8,1.6,0.1111,45,900.0,115885.0,115885.0,0.0
2025-09-24,10:10,6615.0,6685.0,6590.0,6710.0,1.8,1.6,0.1111,46,920.0,116805.0,116805.0,0.0
2025-09-25,10:10,6555.0,6645.0,6530.0,6670.0,2.25,1.9,0.1556,46,1610.0,118415.0,118415.0,0.0
2025-09-26,10:10,6570.0,6665.0,6545.0,6690.0,2.15,1.8,0.1628,47,1645.0,120060.0,120060.0,0.0
2025-09-29,10:10,6640.0,6705.0,6615.0,6730.0,1.3,1.125,0.1346,48,840.0,120900.0,120900.0,0.0
2025-09-30,10:10,6605.0,6685.0,6580.0,6710.0,2.05,1.8,0.122,48,1200.0,122100.0,122100.0,0.0
2025-10-01,10:10,6620.0,6700.0,6595.0,6725.0,1.8,1.6,0.1111,48,960.0,123060.0,123060.0,0.0
2025-10-02,10:10,6670.0,6745.0,6645.0,6770.0,1.55,1.325,0.1452,49,1102.5,124162.5,124162.5,0.0
2025-10-03,10:10,6685.0,6755.0,6660.0,6780.0,2.05,1.825,0.1098,49,1102.5,125265.0,125265.0,0.0
2025-10-06,10:10,6680.0,6750.0,6655.0,6775.0,1.45,1.3,0.1034,50,750.0,126015.0,126015.0,0.0
2025-10-07,10:10,6710.0,6770.0,6685.0,6795.0,1.35,1.2,0.1111,50,750.0,126765.0,126765.0,0.0
2025-10-08,10:10,6695.0,6765.0,6670.0,6790.0,1.65,1.45,0.1212,50,1000.0,127765.0,127765.0,0.0
2025-10-09,10:10,6700.0,6770.0,6675.0,6795.0,1.55,1.375,0.1129,51,892.5,128657.5,128657.5,0.0
2025-10-10,10:10,6710.0,6780.0,6685.0,6805.0,1.7,1.4,0.1765,51,1530.0,130187.5,130187.5,0.0
2025-10-13,10:10,6575.0,6700.0,6550.0,6725.0,2.25,2.0,0.1111,52,1300.0,131487.5,131487.5,0.0
2025-10-14,10:10,6510.0,6655.0,6485.0,6680.0,2.8,5.75,-1.0536,52,-15340.0,116147.5,131487.5,11.67
2025-10-15,10:10,6650.0,6760.0,6625.0,6785.0,1.95,1.75,0.1026,46,920.0,117067.5,131487.5,10.97
2025-10-16,10:10,6600.0,6735.0,6575.0,6760.0,2.85,2.45,0.1404,46,1840.0,118907.5,131487.5,9.57
2025-10-17,10:10,6520.0,6710.0,6495.0,6735.0,3.35,3.0,0.1045,47,1645.0,120552.5,131487.5,8.32
2025-10-20,10:10,6660.0,6750.0,6635.0,6775.0,1.85,1.65,0.1081,48,960.0,121512.5,131487.5,7.59
2025-10-21,10:10,6670.0,6760.0,6645.0,6785.0,1.95,1.75,0.1026,48,960.0,122472.5,131487.5,6.86
2025-10-22,10:10,6675.0,6770.0,6650.0,6795.0,1.6,1.4,0.125,48,960.0,123432.5,131487.5,6.13
2025-10-23,10:10,6650.0,6755.0,6625.0,6780.0,1.95,1.75,0.1026,49,980.0,124412.5,131487.5,5.38
2025-10-24,10:10,6735.0,6830.0,6710.0,6855.0,1.45,1.3,0.1034,49,735.0,125147.5,131487.5,4.82
2025-10-27,10:10,6810.0,6880.0,6785.0,6905.0,1.4,1.2,0.1429,50,1000.0,126147.5,131487.5,4.06
2025-10-28,10:10,6830.0,6910.0,6805.0,6935.0,1.5,1.35,0.1,50,750.0,126897.5,131487.5,3.49
2025-10-29,10:10,6835.0,6965.0,6810.0,6990.0,2.25,1.975,0.1222,50,1375.0,128272.5,131487.5,2.45
2025-10-30,10:10,6795.0,6920.0,6770.0,6945.0,2.7,2.425,0.1019,51,1402.5,129675.0,131487.5,1.38
2025-10-31,10:10,6780.0,6900.0,6755.0,6925.0,2.5,2.225,0.11,51,1402.5,131077.5,131487.5,0.31
2025-11-03,10:10,6785.0,6890.0,6760.0,6915.0,2.2,1.975,0.1023,52,1170.0,132247.5,132247.5,0.0
2025-11-04,10:10,6745.0,6850.0,6720.0,6875.0,2.25,2.0,0.1111,52,1300.0,133547.5,133547.5,0.0
2025-11-05,10:10,6735.0,6835.0,6710.0,6860.0,2.5,2.25,0.1,53,1325.0,134872.5,134872.5,0.0
2025-11-06,10:10,6690.0,6810.0,6665.0,6835.0,2.65,2.325,0.1226,53,1722.5,136595.0,136595.0,0.0
2025-11-07,10:10,6600.0,6745.0,6575.0,6770.0,2.65,2.35,0.1132,54,1620.0,138215.0,138215.0,0.0
2025-11-10,10:10,6755.0,6840.0,6730.0,6865.0,2.1,1.875,0.1071,55,1237.5,139452.5,139452.5,0.0
2025-11-11,10:10,6770.0,6850.0,6745.0,6875.0,2.15,1.925,0.1047,55,1237.5,140690.0,140690.0,0.0
2025-11-12,10:10,6805.0,6895.0,6780.0,6920.0,2.25,2.025,0.1,56,1260.0,141950.0,141950.0,0.0
2025-11-13,10:10,6760.0,6865.0,6735.0,6890.0,2.65,2.375,0.1038,56,1540.0,143490.0,143490.0,0.0
2025-11-14,10:10,6610.0,6770.0,6585.0,6795.0,3.1,2.775,0.1048,57,1852.5,145342.5,145342.5,0.0
2025-11-17,10:10,6650.0,6780.0,6625.0,6805.0,2.95,2.65,0.1017,58,1740.0,147082.5,147082.5,0.0
2025-11-18,10:10,6520.0,6685.0,6495.0,6710.0,3.4,3.05,0.1029,58,2030.0,149112.5,149112.5,0.0
2025-11-19,10:10,6605.0,6725.0,6580.0,6750.0,2.75,2.325,0.1545,59,2507.5,151620.0,151620.0,0.0
2025-11-20,10:10,6670.0,6800.0,6645.0,6825.0,2.8,2.475,0.1161,60,1950.0,153570.0,153570.0,0.0
2025-11-21,10:10,6445.0,6650.0,6420.0,6675.0,3.3,2.85,0.1364,61,2745.0,156315.0,156315.0,0.0
2025-11-24,10:10,6575.0,6720.0,6550.0,6745.0,2.75,2.4,0.1273,62,2170.0,158485.0,158485.0,0.0
2025-11-25,10:10,6625.0,6745.0,6600.0,6770.0,2.75,2.45,0.1091,63,1890.0,160375.0,160375.0,0.0
2025-11-26,10:10,6730.0,6840.0,6705.0,6865.0,2.0,1.8,0.1,64,1280.0,161655.0,161655.0,0.0
2025-11-28,10:10,6780.0,6865.0,6755.0,6890.0,2.15,1.9,0.1163,64,1600.0,163255.0,163255.0,0.0
2025-12-01,10:10,6760.0,6865.0,6735.0,6890.0,2.25,2.0,0.1111,65,1625.0,164880.0,164880.0,0.0
2025-12-02,10:10,6795.0,6880.0,6770.0,6905.0,1.95,1.575,0.1923,65,2437.5,167317.5,167317.5,0.0
2025-12-03,10:10,6765.0,6870.0,6740.0,6895.0,2.25,2.025,0.1,66,1485.0,168802.5,168802.5,0.0
2025-12-04,10:10,6790.0,6890.0,6765.0,6915.0,2.35,2.1,0.1064,67,1675.0,170477.5,170477.5,0.0
2025-12-05,10:10,6835.0,6920.0,6810.0,6945.0,2.05,1.8,0.122,68,1700.0,172177.5,172177.5,0.0
2025-12-08,10:10,6815.0,6900.0,6790.0,6925.0,1.7,1.5,0.1176,68,1360.0,173537.5,173537.5,0.0
2025-12-09,10:10,6810.0,6885.0,6785.0,6910.0,1.65,1.45,0.1212,69,1380.0,174917.5,174917.5,0.0
2025-12-10,10:10,6765.0,6900.0,6740.0,6925.0,3.0,2.675,0.1083,69,2242.5,177160.0,177160.0,0.0
2025-12-11,10:10,6805.0,6900.0,6780.0,6925.0,2.15,1.9,0.1163,70,1750.0,178910.0,178910.0,0.0
2025-12-12,10:10,6815.0,6915.0,6790.0,6940.0,2.1,7.0,-2.3333,71,-34790.0,144120.0,178910.0,19.45
2025-12-15,10:10,6770.0,6870.0,6745.0,6895.0,2.45,2.025,0.1735,57,2422.5,146542.5,178910.0,18.09
2025-12-16,10:10,6740.0,6855.0,6715.0,6880.0,2.4,1.9,0.2083,58,2900.0,149442.5,178910.0,16.47
2025-12-17,10:10,6730.0,6845.0,6705.0,6870.0,2.5,2.225,0.11,59,1622.5,151065.0,178910.0,15.56
2025-12-18,10:10,6710.0,6830.0,6685.0,6855.0,2.5,2.15,0.14,60,2100.0,153165.0,178910.0,14.39
2025-12-19,10:10,6765.0,6860.0,6740.0,6885.0,2.4,2.15,0.1042,61,1525.0,154690.0,178910.0,13.54
2025-12-22,10:10,6820.0,6890.0,6795.0,6915.0,1.7,1.525,0.1029,61,1067.5,155757.5,178910.0,12.94
2025-12-23,10:10,6835.0,6905.0,6810.0,6930.0,1.3,1.15,0.1154,62,930.0,156687.5,178910.0,12.42
2025-12-24,10:10,6900.0,6930.0,6875.0,6955.0,0.85,0.75,0.1176,62,620.0,157307.5,178910.0,12.07
2025-12-26,10:10,6895.0,6955.0,6870.0,6980.0,1.5,1.325,0.1167,62,1085.0,158392.5,178910.0,11.47
2025-12-29,10:10,6860.0,6930.0,6835.0,6955.0,1.65,1.45,0.1212,63,1260.0,159652.5,178910.0,10.76
2025-12-30,10:10,6865.0,6930.0,6840.0,6955.0,1.3,1.1,0.1538,63,1260.0,160912.5,178910.0,10.06
2025-12-31,10:10,6840.0,6920.0,6815.0,6945.0,1.75,1.575,0.1,64,1120.0,162032.5,178910.0,9.43
2026-01-02,10:10,6840.0,6910.0,6815.0,6935.0,2.0,4.375,-1.1875,64,-15200.0,146832.5,178910.0,17.93
2026-01-05,10:10,6855.0,6930.0,6830.0,6955.0,1.75,1.525,0.1286,58,1305.0,148137.5,178910.0,17.2
2026-01-06,10:10,6890.0,6950.0,6865.0,6975.0,1.55,1.325,0.1452,59,1327.5,149465.0,178910.0,16.46
2026-01-07,10:10,6905.0,6975.0,6880.0,7000.0,1.5,1.35,0.1,59,885.0,150350.0,178910.0,15.96
2026-01-08,10:10,6880.0,6955.0,6855.0,6980.0,1.85,1.65,0.1081,60,1200.0,151550.0,178910.0,15.29
2026-01-09,10:10,6865.0,6965.0,6840.0,6990.0,2.25,4.55,-1.0222,60,-13800.0,137750.0,178910.0,23.01
2026-01-12,10:10,6910.0,6985.0,6885.0,7010.0,1.6,1.425,0.1094,55,962.5,138712.5,178910.0,22.47
2026-01-13,10:10,6915.0,6995.0,6890.0,7020.0,2.05,1.8,0.122,55,1375.0,140087.5,178910.0,21.7
2026-01-14,10:10,6850.0,6970.0,6825.0,6995.0,2.65,1.825,0.3113,56,4620.0,144707.5,178910.0,19.12
2026-01-15,10:10,6915.0,6995.0,6890.0,7020.0,1.55,1.375,0.1129,57,997.5,145705.0,178910.0,18.56
2026-01-16,10:10,6905.0,6985.0,6880.0,7010.0,1.9,1.7,0.1053,58,1160.0,146865.0,178910.0,17.91
2026-01-20,10:10,6770.0,6890.0,6745.0,6915.0,2.8,2.425,0.1339,58,2175.0,149040.0,178910.0,16.7
2026-01-21,10:10,6780.0,6885.0,6755.0,6910.0,2.25,1.975,0.1222,59,1622.5,150662.5,178910.0,15.79
2026-01-22,10:10,6835.0,6945.0,6810.0,6970.0,2.2,1.975,0.1023,60,1350.0,152012.5,178910.0,15.03
2026-01-23,10:10,6865.0,6950.0,6840.0,6975.0,1.85,1.575,0.1486,60,1650.0,153662.5,178910.0,14.11
2026-01-26,10:10,6890.0,6970.0,6865.0,6995.0,1.6,1.35,0.1563,61,1525.0,155187.5,178910.0,13.26
2026-01-27,10:10,6935.0,7000.0,6910.0,7025.0,1.25,1.1,0.12,62,930.0,156117.5,178910.0,12.74
2026-01-28,10:10,6925.0,7030.0,6900.0,7055.0,2.3,2.025,0.1196,62,1705.0,157822.5,178910.0,11.79
2026-01-29,10:10,6855.0,6980.0,6830.0,7005.0,3.0,2.625,0.125,63,2362.5,160185.0,178910.0,10.47
2026-01-30,10:10,6885.0,7005.0,6860.0,7030.0,2.45,2.2,0.102,64,1600.0,161785.0,178910.0,9.57
2026-02-02,10:10,6910.0,7000.0,6885.0,7025.0,2.0,1.8,0.1,64,1280.0,163065.0,178910.0,8.86
2026-02-03,10:10,6890.0,6995.0,6865.0,7020.0,2.05,1.7,0.1707,65,2275.0,165340.0,178910.0,7.58
2026-02-04,10:10,6835.0,6965.0,6810.0,6990.0,3.3,2.8,0.1515,66,3300.0,168640.0,178910.0,5.74
2026-02-05,10:10,6715.0,6895.0,6690.0,6920.0,3.85,3.4,0.1169,67,3015.0,171655.0,178910.0,4.06
2026-02-06,10:10,6775.0,6920.0,6750.0,6945.0,3.05,2.725,0.1066,68,2210.0,173865.0,178910.0,2.82
2026-02-09,10:10,6880.0,6975.0,6855.0,7000.0,2.35,1.925,0.1809,69,2932.5,176797.5,178910.0,1.18
2026-02-10,10:10,6930.0,7015.0,6905.0,7040.0,1.95,1.75,0.1026,70,1400.0,178197.5,178910.0,0.4
2026-02-11,10:10,6880.0,6995.0,6855.0,7020.0,2.55,2.275,0.1078,71,1952.5,180150.0,180150.0,0.0
2026-02-12,10:10,6885.0,6985.0,6860.0,7010.0,2.2,1.975,0.1023,72,1620.0,181770.0,181770.0,0.0
2026-02-13,10:10,6740.0,6915.0,6715.0,6940.0,3.15,2.775,0.119,72,2700.0,184470.0,184470.0,0.0
2026-02-17,10:10,6710.0,6860.0,6685.0,6885.0,3.15,2.775,0.119,73,2737.5,187207.5,187207.5,0.0
2026-02-18,10:10,6820.0,6930.0,6795.0,6955.0,2.65,2.225,0.1604,74,3145.0,190352.5,190352.5,0.0
2026-02-19,10:10,6785.0,6915.0,6760.0,6940.0,2.8,2.475,0.1161,76,2470.0,192822.5,192822.5,0.0
2026-02-20,10:10,6800.0,6950.0,6775.0,6975.0,2.8,2.5,0.1071,77,2310.0,195132.5,195132.5,0.0
2026-02-23,10:10,6790.0,6920.0,6765.0,6945.0,2.5,2.225,0.11,78,2145.0,197277.5,197277.5,0.0
2026-02-24,10:10,6785.0,6900.0,6760.0,6925.0,2.7,2.425,0.1019,78,2145.0,199422.5,199422.5,0.0
2026-02-25,10:10,6870.0,6950.0,6845.0,6975.0,2.1,1.8,0.1429,79,2370.0,201792.5,201792.5,0.0
2026-02-26,10:10,6845.0,6965.0,6820.0,6990.0,2.4,5.125,-1.1354,80,-21800.0,179992.5,201792.5,10.8
2026-02-27,10:10,6790.0,6920.0,6765.0,6945.0,2.65,2.375,0.1038,71,1952.5,181945.0,201792.5,9.84
