date,entry_time,credit,exit_price,pnl_ratio,pnl_dollar_1ct,v8e_tp10_prob,pnl_tp25_sl_3pm,pnl_tp50_sl_3pm,pnl_4pm_raw,cumulative_dollar_1ct
2023-03-14,10:10,2.5,2.25,0.1,25.0,0.685,0.25,0.5,1.0,25.0
2023-03-15,10:10,2.8,2.5,0.1071,30.0,0.5136,0.2857,0.5,1.0,55.0
2023-03-16,10:10,2.9,2.55,0.1207,35.0,0.6537,0.25,-1.1034,-7.6207,90.0
2023-03-17,10:10,2.7,2.4,0.1111,30.0,0.4762,-1.037,-1.037,1.0,120.0
2023-03-22,10:10,3.7,3.025,0.1824,67.5,0.616,0.3108,0.5473,1.0,187.5
2023-03-23,10:10,2.25,2.0,0.1111,25.0,0.6968,-1.1778,-1.1778,1.0,212.5
2023-03-24,10:10,2.8,2.475,0.1161,32.5,0.6765,0.2589,0.5,1.0,245.0
2023-03-27,10:10,2.7,2.425,0.1019,27.5,0.6323,0.25,0.5185,1.0,272.5
2023-03-28,10:10,2.1,1.875,0.1071,22.5,0.6686,0.2619,0.5238,1.0,295.0
2023-03-29,10:10,2.2,1.975,0.1023,22.5,0.7173,0.25,0.5227,1.0,317.5
2023-03-30,10:10,1.55,1.375,0.1129,17.5,0.7313,0.2903,0.5,1.0,335.0
2023-03-31,10:10,1.85,1.625,0.1216,22.5,0.7159,-1.4054,-1.4054,-8.1081,357.5
2023-04-03,10:10,1.75,1.525,0.1286,22.5,0.7187,0.2571,0.5,1.0,380.0
2023-04-04,10:10,1.75,1.575,0.1,17.5,0.6936,-1.0143,-1.0143,1.0,397.5
2023-04-05,10:10,1.7,1.525,0.1029,17.5,0.7174,0.2647,0.5147,1.0,415.0
2023-04-06,10:10,1.75,1.5,0.1429,25.0,0.6882,0.3,0.5143,1.0,440.0
2023-04-10,10:10,1.75,1.475,0.1571,27.5,0.6682,0.2714,0.5,1.0,467.5
2023-04-11,10:10,1.65,1.45,0.1212,20.0,0.645,0.2576,0.5152,1.0,487.5
2023-04-12,10:10,2.0,1.775,0.1125,22.5,0.6418,-1.1,-1.1,1.0,510.0
2023-04-13,10:10,1.7,1.425,0.1618,27.5,0.7203,-1.0735,-1.0735,-5.0588,537.5
2023-04-14,10:10,2.3,2.05,0.1087,25.0,0.6834,0.2717,0.5,1.0,562.5
2023-04-17,10:10,1.45,1.3,0.1034,15.0,0.7076,0.2586,0.5345,1.0,577.5
2023-04-18,10:10,1.75,1.525,0.1286,22.5,0.7365,0.2714,0.5143,1.0,600.0
2023-04-19,10:10,1.8,1.6,0.1111,20.0,0.7038,0.25,0.5,1.0,620.0
2023-04-20,10:10,1.8,1.55,0.1389,25.0,0.5917,0.2778,0.5417,1.0,645.0
2023-04-21,10:10,2.1,1.85,0.119,25.0,0.659,0.2857,0.5,1.0,670.0
2023-04-24,10:10,1.65,1.475,0.1061,17.5,0.6463,0.303,0.5606,1.0,687.5
2023-04-25,10:10,1.5,1.3,0.1333,20.0,0.4684,0.2667,0.5,-7.5333,707.5
2023-04-26,10:10,2.1,1.875,0.1071,22.5,0.6393,0.2857,0.5357,1.0,730.0
2023-04-27,10:10,1.4,1.225,0.125,17.5,0.6982,-1.2143,-1.2143,-14.3214,747.5
2023-04-28,10:10,2.05,1.575,0.2317,47.5,0.7311,0.2561,0.5,1.0,795.0
2023-05-01,10:10,1.95,1.675,0.141,27.5,0.6882,0.2564,0.5,1.0,822.5
2023-05-02,10:10,2.2,5.25,-1.3864,-305.0,0.605,-1.3864,-1.3864,1.0,517.5
2023-05-03,10:10,2.95,2.625,0.1102,32.5,0.6564,0.2881,0.5169,1.0,550.0
2023-05-04,10:10,2.4,1.925,0.1979,47.5,0.6333,0.2917,0.5,1.0,597.5
2023-05-05,10:10,1.85,1.65,0.1081,20.0,0.6571,0.2568,0.5,1.0,617.5
2023-05-08,10:10,1.6,1.425,0.1094,17.5,0.6128,0.25,0.5,1.0,635.0
2023-05-09,10:10,1.55,1.325,0.1452,22.5,0.4895,0.2742,0.5,1.0,657.5
2023-05-10,10:10,1.85,4.15,-1.2432,-230.0,0.554,-1.2432,-1.2432,1.0,427.5
2023-05-11,10:10,2.05,1.75,0.1463,30.0,0.608,0.2561,0.5122,1.0,457.5
2023-05-12,10:10,1.9,1.7,0.1053,20.0,0.6904,0.2632,0.5263,1.0,477.5
2023-05-15,10:10,1.9,1.675,0.1184,22.5,0.6883,0.2895,0.5,1.0,500.0
2023-05-16,10:10,1.5,1.3,0.1333,20.0,0.6026,0.2833,0.5,1.0,520.0
2023-05-17,10:10,1.4,1.25,0.1071,15.0,0.6038,0.2679,-1.0714,-9.0714,535.0
2023-05-18,10:10,1.75,3.525,-1.0143,-177.5,0.673,-1.0143,-1.0143,-3.9714,357.5
2023-05-19,10:10,1.95,1.75,0.1026,20.0,0.6656,0.2564,-1.0641,1.0,377.5
2023-05-22,10:10,1.95,1.6,0.1795,35.0,0.673,0.2564,0.5,1.0,412.5
2023-05-23,10:10,1.7,1.45,0.1471,25.0,0.5631,0.3088,0.5,-0.1912,437.5
2023-05-24,10:10,2.05,1.825,0.1098,22.5,0.6188,0.2683,0.5122,1.0,460.0
2023-05-25,10:10,2.15,1.9,0.1163,25.0,0.6262,0.2791,0.5349,1.0,485.0
2023-05-26,10:10,2.1,4.325,-1.0595,-222.5,0.6929,-1.0595,-1.0595,1.0,262.5
2023-05-30,10:10,1.9,1.7,0.1053,20.0,0.6689,0.2632,0.5132,1.0,282.5
2023-05-31,10:10,1.85,1.65,0.1081,20.0,0.5328,0.2568,0.5541,1.0,302.5
2023-06-01,10:10,1.75,1.475,0.1571,27.5,0.6601,0.2571,-1.6429,-3.2286,330.0
2023-06-02,10:10,1.65,1.45,0.1212,20.0,0.7032,-1.2424,-1.2424,1.0,350.0
2023-06-05,10:10,1.8,1.6,0.1111,20.0,0.7259,0.25,0.5139,1.0,370.0
2023-06-06,10:10,1.9,1.7,0.1053,20.0,0.729,0.2763,0.5132,1.0,390.0
2023-06-07,10:10,1.85,1.6,0.1351,25.0,0.7268,0.3784,-1.3243,0.9865,415.0
2023-06-08,10:10,1.9,1.7,0.1053,20.0,0.7236,0.2632,-1.4079,0.9079,435.0
2023-06-09,10:10,1.7,1.475,0.1324,22.5,0.7473,0.25,-1.1471,1.0,457.5
2023-06-12,10:10,1.8,1.6,0.1111,20.0,0.6575,0.25,0.5139,-4.7222,477.5
2023-06-13,10:10,2.0,1.8,0.1,20.0,0.6479,0.25,0.525,1.0,497.5
2023-06-14,10:10,2.95,2.625,0.1102,32.5,0.7356,-1.1271,-1.1271,1.0,530.0
2023-06-15,10:10,2.2,1.975,0.1023,22.5,0.6977,0.2614,0.5,0.4318,552.5
2023-06-16,10:10,2.1,1.85,0.119,25.0,0.7154,0.25,0.5119,1.0,577.5
2023-06-20,10:10,1.55,3.7,-1.3871,-215.0,0.6623,-1.3871,-1.3871,1.0,362.5
2023-06-21,10:10,1.8,1.6,0.1111,20.0,0.7104,0.25,0.5,1.0,382.5
2023-06-22,10:10,1.75,1.55,0.1143,20.0,0.7075,0.2571,0.5286,1.0,402.5
2023-06-23,10:10,1.7,1.525,0.1029,17.5,0.637,0.25,0.5294,1.0,420.0
2023-06-26,10:10,1.55,1.375,0.1129,17.5,0.6841,0.2581,-1.5484,0.5806,437.5
2023-06-27,10:10,1.8,1.575,0.125,22.5,0.6042,0.2639,-1.4583,-7.4722,460.0
2023-06-28,10:10,1.85,1.65,0.1081,20.0,0.6098,0.2568,-1.0135,1.0,480.0
2023-06-29,10:10,1.65,1.45,0.1212,20.0,0.6435,0.2576,0.5606,1.0,500.0
2023-06-30,10:10,1.6,1.375,0.1406,22.5,0.688,0.25,0.5,1.0,522.5
2023-07-03,10:10,0.95,0.8,0.1579,15.0,0.5713,0.3158,0.5263,1.0,537.5
2023-07-05,10:10,1.65,1.425,0.1364,22.5,0.5597,0.2576,0.5,1.0,560.0
2023-07-06,10:10,2.0,1.8,0.1,20.0,0.561,0.275,0.5,1.0,580.0
2023-07-07,10:10,1.65,1.475,0.1061,17.5,0.5765,0.2576,0.5455,1.0,597.5
2023-07-10,10:10,1.4,1.2,0.1429,20.0,0.6087,-1.0714,-1.0714,1.0,617.5
2023-07-11,10:10,1.8,1.575,0.125,22.5,0.5112,0.2778,0.5,-1.75,640.0
2023-07-12,10:10,1.85,1.625,0.1216,22.5,0.5913,0.2838,0.5,1.0,662.5
2023-07-13,10:10,1.3,1.125,0.1346,17.5,0.7045,0.2692,0.5,1.0,680.0
2023-07-14,10:10,1.45,1.3,0.1034,15.0,0.7002,0.2931,0.5172,1.0,695.0
2023-07-17,10:10,1.35,1.175,0.1296,17.5,0.7194,0.2593,0.5185,1.0,712.5
2023-07-18,10:10,1.25,1.1,0.12,15.0,0.7017,0.26,-1.12,0.26,727.5
2023-07-19,10:10,1.3,1.125,0.1346,17.5,0.6979,0.25,0.5,1.0,745.0
2023-07-20,10:10,1.4,1.225,0.125,17.5,0.5832,0.2857,0.5,1.0,762.5
2023-07-21,10:10,1.65,1.475,0.1061,17.5,0.6618,0.2727,0.5152,1.0,780.0
2023-07-24,10:10,1.4,1.225,0.125,17.5,0.6087,0.2857,0.5179,1.0,797.5
2023-07-25,10:10,1.8,1.6,0.1111,20.0,0.5794,0.25,0.5139,1.0,817.5
2023-07-26,10:10,2.2,1.975,0.1023,22.5,0.507,0.2614,0.5114,1.0,840.0
2023-07-27,10:10,1.35,1.175,0.1296,17.5,0.475,0.2593,0.5,-17.5556,857.5
2023-07-28,10:10,1.25,1.125,0.1,12.5,0.6242,0.26,0.5,1.0,870.0
2023-07-31,10:10,1.8,1.575,0.125,22.5,0.6333,0.2778,0.5278,1.0,892.5
2023-08-01,10:10,1.55,1.35,0.129,20.0,0.5819,0.2581,0.5,1.0,912.5
2023-08-02,10:10,1.65,1.475,0.1061,17.5,0.4528,0.2576,0.5152,1.0,930.0
2023-08-03,10:10,2.1,1.85,0.119,25.0,0.4617,0.3214,0.5119,1.0,955.0
2023-08-04,10:10,2.2,1.975,0.1023,22.5,0.4361,-1.6932,-1.6932,1.0,977.5
2023-08-07,10:10,1.75,1.55,0.1143,20.0,0.4862,0.2714,0.5286,1.0,997.5
2023-08-08,10:10,1.7,1.475,0.1324,22.5,0.5974,0.25,0.5,1.0,1020.0
2023-08-09,10:10,1.7,1.525,0.1029,17.5,0.553,0.25,-1.1912,1.0,1037.5
2023-08-10,10:10,2.15,1.925,0.1047,22.5,0.6345,-1.1279,-1.1279,-6.6279,1060.0
2023-08-11,10:10,2.35,2.1,0.1064,25.0,0.5836,0.266,0.5106,1.0,1085.0
2023-08-14,10:10,1.7,1.5,0.1176,20.0,0.6496,-1.0147,-1.0147,1.0,1105.0
2023-08-15,10:10,1.85,1.65,0.1081,20.0,0.5796,0.2838,0.5,1.0,1125.0
2023-08-16,10:10,1.85,1.65,0.1081,20.0,0.6011,0.2568,0.5,0.7568,1145.0
2023-08-17,10:10,2.05,1.825,0.1098,22.5,0.4801,0.3049,0.5366,-0.2561,1167.5
2023-08-18,10:10,2.25,2.025,0.1,22.5,0.5915,0.2667,0.5,1.0,1190.0
2023-08-21,10:10,1.8,3.65,-1.0278,-185.0,0.6314,-1.0278,-1.0278,1.0,1005.0
2023-08-22,10:10,1.85,1.65,0.1081,20.0,0.6042,0.2973,0.5,1.0,1025.0
2023-08-23,10:10,1.9,1.7,0.1053,20.0,0.6433,0.2632,0.5132,1.0,1045.0
2023-08-24,10:10,2.15,1.9,0.1163,25.0,0.4842,-1.6163,-1.6163,-9.6163,1070.0
2023-08-25,10:10,2.8,2.45,0.125,35.0,0.609,0.2679,0.5714,1.0,1105.0
2023-08-28,10:10,2.05,1.8,0.122,25.0,0.6649,0.2683,0.5122,1.0,1130.0
2023-08-29,10:10,1.55,3.2,-1.0645,-165.0,0.6306,-1.0645,-1.0645,-8.2903,965.0
2023-08-30,10:10,1.7,1.425,0.1618,27.5,0.7067,-1.1176,-1.1176,1.0,992.5
2023-08-31,10:10,1.9,1.625,0.1447,27.5,0.6239,0.2632,0.5132,1.0,1020.0
2023-09-01,10:10,1.85,1.65,0.1081,20.0,0.6902,0.2568,-1.0,1.0,1040.0
2023-09-05,10:10,1.45,1.275,0.1207,17.5,0.6531,0.2759,0.5172,1.0,1057.5
2023-09-06,10:10,1.55,1.3,0.1613,25.0,0.5772,0.2581,-1.1935,1.0,1082.5
2023-09-07,10:10,1.95,1.7,0.1282,25.0,0.6473,0.2564,0.5641,1.0,1107.5
2023-09-08,10:10,1.55,1.325,0.1452,22.5,0.6409,0.2581,0.5,1.0,1130.0
2023-09-11,10:10,1.35,1.175,0.1296,17.5,0.6782,0.2593,0.5,1.0,1147.5
2023-09-12,10:10,1.45,1.3,0.1034,15.0,0.6283,0.2931,0.5,1.0,1162.5
2023-09-13,10:10,1.95,1.725,0.1154,22.5,0.6137,0.3462,0.5256,1.0,1185.0
2023-09-14,10:10,1.5,1.325,0.1167,17.5,0.7061,0.2667,-1.2833,1.0,1202.5
2023-09-15,10:10,1.4,1.25,0.1071,15.0,0.6138,-1.0536,-1.0536,0.5357,1217.5
2023-09-18,10:10,1.35,1.2,0.1111,15.0,0.6119,0.2778,0.5,1.0,1232.5
2023-09-19,10:10,1.65,1.45,0.1212,20.0,0.6362,0.303,0.5455,1.0,1252.5
2023-09-20,10:10,2.9,2.575,0.1121,32.5,0.6385,0.2931,0.5086,-3.7931,1285.0
2023-09-21,10:10,1.7,1.5,0.1176,20.0,0.4453,0.25,0.5294,1.0,1305.0
2023-09-22,10:10,1.95,1.675,0.141,27.5,0.605,0.2564,0.5128,1.0,1332.5
2023-09-25,10:10,1.9,1.675,0.1184,22.5,0.66,0.2632,0.5263,1.0,1355.0
2023-09-26,10:10,2.45,2.125,0.1327,32.5,0.481,0.2959,0.5408,1.0,1387.5
2023-09-27,10:10,2.05,1.8,0.122,25.0,0.5314,0.2683,-1.0,1.0,1412.5
2023-09-28,10:10,2.65,2.375,0.1038,27.5,0.6764,0.2736,0.5,1.0,1440.0
2023-09-29,10:10,2.45,2.2,0.102,25.0,0.5898,0.2551,-1.0816,0.9184,1465.0
2023-10-02,10:10,1.95,1.75,0.1026,20.0,0.6167,0.2564,-1.1026,1.0,1485.0
2023-10-03,10:10,2.55,2.275,0.1078,27.5,0.5425,0.2647,0.5098,1.0,1512.5
2023-10-04,10:10,2.45,2.2,0.102,25.0,0.6115,0.2551,0.5816,0.9388,1537.5
2023-10-05,10:10,2.65,2.35,0.1132,30.0,0.6397,0.2547,0.5283,1.0,1567.5
2023-10-06,10:10,2.35,4.875,-1.0745,-252.5,0.5975,-1.0745,-1.0745,-9.6383,1315.0
2023-10-09,10:10,2.35,2.025,0.1383,32.5,0.6013,0.2766,0.5,-1.5319,1347.5
2023-10-10,10:10,1.95,1.7,0.1282,25.0,0.6748,-1.0256,-1.0256,1.0,1372.5
2023-10-11,10:10,2.05,1.825,0.1098,22.5,0.6192,0.2805,0.5,1.0,1395.0
2023-10-12,10:10,1.9,1.7,0.1053,20.0,0.6628,0.2632,0.5132,1.0,1415.0
2023-10-13,10:10,2.55,2.225,0.1275,32.5,0.3821,0.2549,-1.1373,1.0,1447.5
2023-10-16,10:10,2.1,4.25,-1.0238,-215.0,0.6166,-1.0238,-1.0238,1.0,1232.5
2023-10-17,10:10,2.2,4.525,-1.0568,-232.5,0.5887,-1.0568,-1.0568,1.0,1000.0
2023-10-18,10:10,2.4,2.1,0.125,30.0,0.5635,0.25,0.5521,1.0,1030.0
2023-10-19,10:10,2.95,2.575,0.1271,37.5,0.4875,0.2542,0.5169,1.0,1067.5
2023-10-20,10:10,2.65,2.35,0.1132,30.0,0.6117,0.2547,0.5,1.0,1097.5
2023-10-23,10:10,2.4,2.05,0.1458,35.0,0.6365,0.2604,-1.3021,1.0,1132.5
2023-10-24,10:10,2.15,1.875,0.1279,27.5,0.5973,0.2791,0.5349,1.0,1160.0
2023-10-25,10:10,2.5,2.1,0.16,40.0,0.6264,0.27,0.5,1.0,1200.0
2023-10-26,10:10,2.85,2.55,0.1053,30.0,0.634,0.2632,0.5,1.0,1230.0
2023-10-27,10:10,2.4,2.125,0.1146,27.5,0.6055,0.2604,0.5,1.0,1257.5
2023-10-30,10:10,2.2,1.8,0.1818,40.0,0.5578,0.2614,0.5,1.0,1297.5
2023-10-31,10:10,2.2,1.95,0.1136,25.0,0.6675,0.25,0.5,1.0,1322.5
2023-11-01,10:10,3.05,2.65,0.1311,40.0,0.6664,0.2623,0.5082,1.0,1362.5
2023-11-02,10:10,1.75,1.425,0.1857,32.5,0.6366,0.3429,-1.4571,-0.9286,1395.0
2023-11-03,10:10,1.95,1.675,0.141,27.5,0.6757,0.2564,0.5,1.0,1422.5
2023-11-06,10:10,1.8,1.525,0.1528,27.5,0.7247,0.2639,0.5139,1.0,1450.0
2023-11-07,10:10,1.45,2.925,-1.0172,-147.5,0.6197,-1.0172,-1.0172,1.0,1302.5
2023-11-08,10:10,1.45,1.3,0.1034,15.0,0.7153,0.2931,0.5345,1.0,1317.5
2023-11-09,10:10,1.5,1.325,0.1167,17.5,0.7007,0.25,0.5,1.0,1335.0
2023-11-10,10:10,1.55,1.3,0.1613,25.0,0.6834,0.2903,-1.0,-15.5484,1360.0
2023-11-13,10:10,2.0,1.75,0.125,25.0,0.693,0.2625,-1.3125,1.0,1385.0
2023-11-14,10:10,2.0,1.725,0.1375,27.5,0.7004,0.275,0.5125,1.0,1412.5
2023-11-15,10:10,1.75,1.55,0.1143,20.0,0.7265,0.2857,0.5,1.0,1432.5
2023-11-16,10:10,1.45,1.275,0.1207,17.5,0.6902,0.2586,0.5172,1.0,1450.0
2023-11-17,10:10,1.5,1.35,0.1,15.0,0.6776,0.25,0.5,1.0,1465.0
2023-11-20,10:10,1.1,0.95,0.1364,15.0,0.7055,0.25,0.5,1.0,1480.0
2023-11-21,10:10,1.75,1.55,0.1143,20.0,0.6845,0.2571,0.5,1.0,1500.0
2023-11-22,10:10,1.95,1.75,0.1026,20.0,0.7167,0.2949,0.5128,1.0,1520.0
2023-11-24,10:10,1.0,0.9,0.1,10.0,0.6195,0.25,0.5,1.0,1530.0
2023-11-27,10:10,1.25,1.125,0.1,12.5,0.7032,0.26,0.52,1.0,1542.5
2023-11-28,10:10,1.3,1.075,0.1731,22.5,0.6928,0.25,-1.0769,1.0,1565.0
2023-11-29,10:10,1.7,1.425,0.1618,27.5,0.6036,0.3235,-1.0147,0.9853,1592.5
2023-11-30,10:10,1.6,1.3,0.1875,30.0,0.6643,0.25,0.5,1.0,1622.5
2023-12-01,10:10,1.9,1.7,0.1053,20.0,0.6207,0.2632,0.5132,1.0,1642.5
2023-12-04,10:10,1.5,3.075,-1.05,-157.5,0.5821,-1.05,-1.05,1.0,1485.0
2023-12-05,10:10,1.4,1.225,0.125,17.5,0.6497,0.3036,0.5714,1.0,1502.5
2023-12-06,10:10,1.4,1.25,0.1071,15.0,0.5713,-1.1964,-1.1964,-6.8929,1517.5
2023-12-07,10:10,1.6,3.575,-1.2344,-197.5,0.639,-1.2344,-1.2344,1.0,1320.0
2023-12-08,10:10,1.65,1.475,0.1061,17.5,0.7088,0.2879,0.5303,1.0,1337.5
2023-12-11,10:10,1.15,1.0,0.1304,15.0,0.6523,0.2826,0.5,1.0,1352.5
2023-12-12,10:10,1.8,1.6,0.1111,20.0,0.6598,0.25,0.5139,1.0,1372.5
2023-12-13,10:10,2.05,1.825,0.1098,22.5,0.6443,0.2683,-1.3293,-7.878,1395.0
2023-12-14,10:10,1.7,1.475,0.1324,22.5,0.6576,0.2794,0.5,1.0,1417.5
2023-12-15,10:10,1.6,1.425,0.1094,17.5,0.661,0.25,0.5,1.0,1435.0
2023-12-18,10:10,1.2,1.075,0.1042,12.5,0.6898,0.25,0.5417,1.0,1447.5
2023-12-19,10:10,1.5,1.35,0.1,15.0,0.6801,0.2667,0.5,1.0,1462.5
2023-12-20,10:10,1.45,1.3,0.1034,15.0,0.5757,0.2759,0.5172,-14.5862,1477.5
2023-12-21,10:10,2.3,2.05,0.1087,25.0,0.6365,0.25,0.5435,1.0,1502.5
2023-12-22,10:10,1.5,1.325,0.1167,17.5,0.6573,0.2667,0.5167,1.0,1520.0
2023-12-26,10:10,1.15,1.025,0.1087,12.5,0.6532,0.2609,0.5217,1.0,1532.5
2023-12-27,10:10,1.25,1.1,0.12,15.0,0.6704,0.28,0.5,1.0,1547.5
2023-12-28,10:10,1.3,1.15,0.1154,15.0,0.6266,0.25,0.5192,1.0,1562.5
2023-12-29,10:10,1.7,1.525,0.1029,17.5,0.6384,-2.0735,-2.0735,1.0,1580.0
2024-01-02,10:10,1.7,1.525,0.1029,17.5,0.5585,0.2794,0.5147,1.0,1597.5
2024-01-03,10:10,1.95,1.725,0.1154,22.5,0.497,0.2692,0.5128,1.0,1620.0
2024-01-04,10:10,1.95,1.75,0.1026,20.0,0.59,0.2564,0.5,0.5256,1640.0
2024-01-05,10:10,2.15,1.925,0.1047,22.5,0.674,0.2674,-1.0581,1.0,1662.5
2024-01-08,10:10,1.5,1.325,0.1167,17.5,0.6409,0.2667,-1.0,-14.5167,1680.0
2024-01-09,10:10,1.65,1.45,0.1212,20.0,0.5325,0.2727,-1.3182,1.0,1700.0
2024-01-10,10:10,1.6,1.425,0.1094,17.5,0.6123,0.3125,0.5156,1.0,1717.5
2024-01-11,10:10,2.45,2.175,0.1122,27.5,0.6856,0.2551,0.5204,1.0,1745.0
2024-01-12,10:10,2.0,1.775,0.1125,22.5,0.6371,0.275,0.5625,1.0,1767.5
2024-01-16,10:10,1.65,1.45,0.1212,20.0,0.6518,0.2576,0.5,1.0,1787.5
2024-01-17,10:10,2.1,1.825,0.131,27.5,0.4729,0.2738,0.5,1.0,1815.0
2024-01-18,10:10,1.8,1.6,0.1111,20.0,0.582,0.25,0.5,0.4028,1835.0
2024-01-19,10:10,2.0,1.775,0.1125,22.5,0.6183,0.2875,-1.0375,-8.4875,1857.5
2024-01-22,10:10,1.5,1.35,0.1,15.0,0.6208,0.25,0.5167,1.0,1872.5
2024-01-23,10:10,1.6,1.425,0.1094,17.5,0.6268,0.2656,0.5156,0.9688,1890.0
2024-01-24,10:10,1.5,3.0,-1.0,-150.0,0.619,-1.0,-1.0,1.0,1740.0
2024-01-25,10:10,1.6,1.425,0.1094,17.5,0.6062,0.2813,0.5156,1.0,1757.5
2024-01-26,10:10,1.8,1.55,0.1389,25.0,0.5961,0.25,0.5,1.0,1782.5
2024-01-29,10:10,1.55,1.35,0.129,20.0,0.5739,0.2581,0.5161,-4.4194,1802.5
2024-01-30,10:10,1.8,1.6,0.1111,20.0,0.559,0.25,0.5278,1.0,1822.5
2024-01-31,10:10,2.8,2.475,0.1161,32.5,0.5235,0.2679,0.5446,0.5982,1855.0
2024-02-01,10:10,2.1,1.825,0.131,27.5,0.6105,-1.1548,-1.1548,0.8929,1882.5
2024-02-02,10:10,2.2,1.9,0.1364,30.0,0.6258,0.2614,-1.4545,-3.25,1912.5
2024-02-05,10:10,1.8,3.625,-1.0139,-182.5,0.5999,-1.0139,-1.0139,1.0,1730.0
2024-02-06,10:10,2.15,1.875,0.1279,27.5,0.6323,0.2791,0.5116,1.0,1757.5
2024-02-07,10:10,1.8,3.925,-1.1806,-212.5,0.6431,-1.1806,-1.1806,1.0,1545.0
2024-02-08,10:10,1.7,1.5,0.1176,20.0,0.6796,0.2941,0.5147,1.0,1565.0
2024-02-09,10:10,1.95,1.75,0.1026,20.0,0.7199,0.2821,0.5128,1.0,1585.0
2024-02-12,10:10,1.2,1.05,0.125,15.0,0.572,-1.2083,-1.2083,1.0,1600.0
2024-02-13,10:10,1.95,1.7,0.1282,25.0,0.4146,0.2692,0.5128,1.0,1625.0
2024-02-14,10:10,1.75,1.45,0.1714,30.0,0.5969,0.2571,-1.1,1.0,1655.0
2024-02-15,10:10,1.75,1.55,0.1143,20.0,0.6771,0.2571,0.5143,1.0,1675.0
2024-02-16,10:10,2.7,2.425,0.1019,27.5,0.6865,0.25,0.5,1.0,1702.5
2024-02-20,10:10,2.2,1.975,0.1023,22.5,0.5632,0.2727,0.5,1.0,1725.0
2024-02-21,10:10,1.9,1.7,0.1053,20.0,0.646,0.2895,0.5,1.0,1745.0
2024-02-22,10:10,2.35,2.1,0.1064,25.0,0.6709,0.2553,0.5213,1.0,1770.0
2024-02-23,10:10,2.05,1.8,0.122,25.0,0.6352,0.2683,-1.1341,1.0,1795.0
2024-02-26,10:10,1.65,1.425,0.1364,22.5,0.6767,0.2727,0.5152,1.0,1817.5
2024-02-27,10:10,1.7,1.475,0.1324,22.5,0.704,0.25,0.5,1.0,1840.0
2024-02-28,10:10,1.75,1.575,0.1,17.5,0.5861,0.2571,0.5143,1.0,1857.5
2024-02-29,10:10,2.05,1.7,0.1707,35.0,0.6403,0.2561,-1.3902,1.0,1892.5
2024-03-01,10:10,1.55,1.375,0.1129,17.5,0.6382,0.2581,-1.1452,-1.4839,1910.0
2024-03-04,10:10,1.5,1.3,0.1333,20.0,0.657,0.2833,0.5167,1.0,1930.0
2024-03-05,10:10,1.4,1.25,0.1071,15.0,0.506,-1.0,-1.0,1.0,1945.0
2024-03-06,10:10,2.1,1.85,0.119,25.0,0.6471,0.2976,0.6071,1.0,1970.0
2024-03-07,10:10,1.85,1.575,0.1486,27.5,0.6175,0.2973,0.5,1.0,1997.5
2024-03-08,10:10,2.2,1.975,0.1023,22.5,0.6596,0.25,-1.0114,-9.6136,2020.0
2024-03-11,10:10,2.15,1.825,0.1512,32.5,0.6493,0.2558,0.5116,1.0,2052.5
2024-03-12,10:10,2.3,2.05,0.1087,25.0,0.6391,-1.0761,-1.0761,1.0,2077.5
2024-03-13,10:10,1.7,1.525,0.1029,17.5,0.7031,0.25,0.5294,1.0,2095.0
2024-03-14,10:10,2.4,2.15,0.1042,25.0,0.7077,0.3125,0.5104,1.0,2120.0
2024-03-15,10:10,2.5,2.15,0.14,35.0,0.663,0.34,0.5,1.0,2155.0
2024-03-18,10:10,1.6,1.4,0.125,20.0,0.6353,0.25,0.5,1.0,2175.0
2024-03-19,10:10,2.15,1.875,0.1279,27.5,0.5202,0.2558,-1.0349,-6.093,2202.5
2024-03-20,10:10,2.95,2.65,0.1017,30.0,0.6578,0.2627,0.5169,1.0,2232.5
2024-03-21,10:10,1.7,1.525,0.1029,17.5,0.6819,0.2647,0.5294,1.0,2250.0
2024-03-22,10:10,1.5,1.325,0.1167,17.5,0.6582,0.3,0.5,1.0,2267.5
2024-03-25,10:10,1.45,1.275,0.1207,17.5,0.657,0.2759,0.5172,1.0,2285.0
2024-03-26,10:10,1.25,1.125,0.1,12.5,0.6886,0.28,0.52,-3.28,2297.5
2024-03-27,10:10,1.7,1.525,0.1029,17.5,0.6687,0.25,0.5294,-1.0294,2315.0
2024-03-28,10:10,1.9,1.7,0.1053,20.0,0.6296,0.2763,0.5,1.0,2335.0
2024-04-01,10:10,1.35,1.15,0.1481,20.0,0.5738,-1.0,-1.0,1.0,2355.0
2024-04-02,10:10,1.95,1.75,0.1026,20.0,0.5723,0.3077,0.5256,1.0,2375.0
2024-04-03,10:10,1.85,1.625,0.1216,22.5,0.6809,0.2838,0.5405,1.0,2397.5
2024-04-04,10:10,1.4,1.25,0.1071,15.0,0.3673,0.2857,0.5,-17.1071,2412.5
2024-04-05,10:10,2.35,2.1,0.1064,25.0,0.6058,-1.0532,-1.0532,1.0,2437.5
2024-04-08,10:10,1.8,1.575,0.125,22.5,0.6309,0.2639,0.5139,1.0,2460.0
2024-04-09,10:10,1.9,1.7,0.1053,20.0,0.6558,-1.6447,-1.6447,1.0,2480.0
2024-04-10,10:10,2.65,2.3,0.1321,35.0,0.5793,0.2642,0.5377,1.0,2515.0
2024-04-11,10:10,2.8,2.5,0.1071,30.0,0.6265,0.2589,0.5,-0.5179,2545.0
2024-04-12,10:10,2.55,2.25,0.1176,30.0,0.4271,0.2647,0.5098,1.0,2575.0
2024-04-15,10:10,2.25,1.9,0.1556,35.0,0.4579,0.3,0.5111,-10.0667,2610.0
2024-04-16,10:10,2.8,2.35,0.1607,45.0,0.6514,0.2768,0.5089,1.0,2655.0
2024-04-17,10:10,2.55,2.275,0.1078,27.5,0.6384,0.2843,-1.098,1.0,2682.5
2024-04-18,10:10,2.85,2.55,0.1053,30.0,0.6399,0.2632,0.5175,1.0,2712.5
2024-04-19,10:10,2.4,2.15,0.1042,25.0,0.5702,0.2604,0.5,1.0,2737.5
2024-04-22,10:10,2.45,2.2,0.102,25.0,0.5944,0.2653,0.5,1.0,2762.5
2024-04-23,10:10,2.0,1.75,0.125,25.0,0.7193,0.25,0.5,1.0,2787.5
2024-04-24,10:10,1.75,3.725,-1.1286,-197.5,0.6923,-1.1286,-1.1286,1.0,2590.0
2024-04-25,10:10,2.1,1.875,0.1071,22.5,0.6244,0.25,0.5,-1.0476,2612.5
2024-04-26,10:10,1.95,1.725,0.1154,22.5,0.7164,0.2564,0.5,1.0,2635.0
2024-04-29,10:10,1.85,1.6,0.1351,25.0,0.6881,0.2703,0.5405,1.0,2660.0
2024-04-30,10:10,1.5,1.35,0.1,15.0,0.5644,0.2667,-1.4167,-15.8,2675.0
2024-05-01,10:10,3.25,2.9,0.1077,35.0,0.5751,-1.1385,-1.1385,1.0,2710.0
2024-05-02,10:10,2.65,2.3,0.1321,35.0,0.6586,0.2736,0.5283,0.9245,2745.0
2024-05-03,10:10,2.6,2.2,0.1538,40.0,0.6845,0.2596,0.5096,1.0,2785.0
2024-05-06,10:10,1.8,1.525,0.1528,27.5,0.7466,0.25,0.5,1.0,2812.5
2024-05-07,10:10,1.35,1.2,0.1111,15.0,0.7263,0.2593,0.5185,1.0,2827.5
2024-05-08,10:10,1.8,1.575,0.125,22.5,0.7277,-1.0556,-1.0556,1.0,2850.0
2024-05-09,10:10,1.7,1.525,0.1029,17.5,0.7038,-1.0735,-1.0735,0.9853,2867.5
2024-05-10,10:10,1.6,1.4,0.125,20.0,0.7326,-1.0156,-1.0156,1.0,2887.5
2024-05-13,10:10,1.5,1.325,0.1167,17.5,0.7006,0.25,0.5,1.0,2905.0
2024-05-14,10:10,1.7,1.45,0.1471,25.0,0.6626,0.2941,0.5588,1.0,2930.0
2024-05-15,10:10,1.8,1.6,0.1111,20.0,0.5381,-1.0417,-1.0417,-4.7778,2950.0
2024-05-16,10:10,1.4,1.25,0.1071,15.0,0.7376,-1.0179,-1.0179,1.0,2965.0
2024-05-17,10:10,1.4,1.225,0.125,17.5,0.7245,0.3393,0.5,1.0,2982.5
2024-05-20,10:10,1.5,1.35,0.1,15.0,0.7246,0.2667,0.5,1.0,2997.5
2024-05-21,10:10,1.2,1.05,0.125,15.0,0.7249,0.2708,0.5208,1.0,3012.5
2024-05-22,10:10,1.1,0.975,0.1136,12.5,0.551,0.2727,0.5,1.0,3025.0
2024-05-23,10:10,2.4,2.1,0.125,30.0,0.6102,0.2708,0.5417,0.1146,3055.0
2024-05-24,10:10,1.8,1.55,0.1389,25.0,0.6721,0.25,-1.0278,1.0,3080.0
2024-05-28,10:10,1.5,1.325,0.1167,17.5,0.6456,0.2667,0.5,1.0,3097.5
2024-05-29,10:10,1.8,1.6,0.1111,20.0,0.6017,0.2639,0.5,1.0,3117.5
2024-05-30,10:10,1.65,1.375,0.1667,27.5,0.6071,0.2727,0.5152,1.0,3145.0
2024-05-31,10:10,2.1,4.225,-1.0119,-212.5,0.5952,-1.0119,-1.0119,-1.4048,2932.5
2024-06-03,10:10,1.6,1.425,0.1094,17.5,0.6373,-1.2187,-1.2187,1.0,2950.0
2024-06-04,10:10,2.35,2.1,0.1064,25.0,0.6123,0.266,0.5106,1.0,2975.0
2024-06-05,10:10,2.1,4.425,-1.1071,-232.5,0.6128,-1.1071,-1.1071,-8.3333,2742.5
2024-06-06,10:10,1.55,1.375,0.1129,17.5,0.6821,0.2581,0.5323,1.0,2760.0
2024-06-07,10:10,1.75,1.55,0.1143,20.0,0.6935,-1.1,-1.1,1.0,2780.0
2024-06-10,10:10,1.5,1.35,0.1,15.0,0.6329,0.2667,0.5,1.0,2795.0
2024-06-11,10:10,1.65,1.45,0.1212,20.0,0.5272,0.2576,0.5,-1.3333,2815.0
2024-06-12,10:10,2.95,2.625,0.1102,32.5,0.7026,0.2542,0.5254,1.0,2847.5
2024-06-13,10:10,1.8,1.55,0.1389,25.0,0.7279,0.2639,-1.0278,1.0,2872.5
2024-06-14,10:10,1.95,1.75,0.1026,20.0,0.6252,0.2564,0.5128,1.0,2892.5
2024-06-17,10:10,1.55,1.375,0.1129,17.5,0.6202,0.2581,-2.0484,-11.7097,2910.0
2024-06-18,10:10,1.95,1.725,0.1154,22.5,0.6738,0.2564,0.5128,1.0,2932.5
2024-06-20,10:10,1.9,1.7,0.1053,20.0,0.6402,0.25,-1.6053,1.0,2952.5
2024-06-21,10:10,1.85,1.65,0.1081,20.0,0.7026,0.2568,0.5135,1.0,2972.5
2024-06-24,10:10,2.0,1.8,0.1,20.0,0.6985,0.25,0.5,-2.15,2992.5
2024-06-25,10:10,1.55,1.35,0.129,20.0,0.6357,0.2581,0.5161,1.0,3012.5
2024-06-26,10:10,2.0,1.8,0.1,20.0,0.6644,0.2625,0.5375,1.0,3032.5
2024-06-27,10:10,1.85,1.65,0.1081,20.0,0.6796,0.2703,0.5135,1.0,3052.5
2024-06-28,10:10,2.3,2.05,0.1087,25.0,0.6866,0.2609,-1.0761,-7.8587,3077.5
2024-07-01,10:10,1.85,3.9,-1.1081,-205.0,0.7006,-1.1081,-1.1081,1.0,2872.5
2024-07-02,10:10,1.8,1.6,0.1111,20.0,0.6171,0.25,0.5,-3.9722,2892.5
2024-07-03,10:10,1.2,1.05,0.125,15.0,0.6744,0.2708,0.5,0.3333,2907.5
2024-07-05,10:10,1.75,1.55,0.1143,20.0,0.5796,0.2714,-1.2714,-0.3714,2927.5
2024-07-08,10:10,1.4,1.25,0.1071,15.0,0.6755,0.2679,0.5,1.0,2942.5
2024-07-09,10:10,1.8,1.6,0.1111,20.0,0.6835,0.2639,0.5,1.0,2962.5
2024-07-10,10:10,1.2,1.075,0.1042,12.5,0.625,0.2708,0.5208,-10.7917,2975.0
2024-07-11,10:10,2.15,4.475,-1.0814,-232.5,0.5492,-1.0814,-1.0814,-5.0698,2742.5
2024-07-12,10:10,1.9,3.925,-1.0658,-202.5,0.6554,-1.0658,-1.0658,1.0,2540.0
2024-07-15,10:10,1.8,1.6,0.1111,20.0,0.6389,-1.0417,-1.0417,1.0,2560.0
2024-07-16,10:10,1.95,1.7,0.1282,25.0,0.6475,0.2564,0.5128,1.0,2585.0
2024-07-17,10:10,2.25,2.0,0.1111,25.0,0.5909,0.2778,0.5111,1.0,2610.0
2024-07-18,10:10,2.25,1.975,0.1222,27.5,0.4157,-1.0222,-1.0222,-9.3556,2637.5
2024-07-19,10:10,2.7,2.375,0.1204,32.5,0.5368,-1.1667,-1.1667,1.0,2670.0
2024-07-22,10:10,2.35,4.825,-1.0532,-247.5,0.5828,-1.0532,-1.0532,1.0,2422.5
2024-07-23,10:10,2.15,1.925,0.1047,22.5,0.6218,0.2674,0.5233,1.0,2445.0
2024-07-24,10:10,2.45,2.15,0.1224,30.0,0.3924,0.2755,0.5408,-2.5306,2475.0
2024-07-25,10:10,2.65,2.35,0.1132,30.0,0.6334,-1.0472,-1.0472,1.0,2505.0
2024-07-26,10:10,2.6,2.325,0.1058,27.5,0.6612,0.25,-1.0865,1.0,2532.5
2024-07-29,10:10,2.4,2.15,0.1042,25.0,0.6213,0.3229,0.5208,1.0,2557.5
2024-07-30,10:10,2.25,2.025,0.1,22.5,0.4866,-1.7,-1.7,1.0,2580.0
2024-07-31,10:10,3.3,2.9,0.1212,40.0,0.6088,0.2576,0.5227,1.0,2620.0
2024-08-01,10:10,2.4,2.15,0.1042,25.0,0.4458,-1.0938,-1.0938,-9.375,2645.0
2024-08-02,10:10,2.9,2.475,0.1466,42.5,0.509,0.2759,0.5,1.0,2687.5
2024-08-05,10:10,2.75,2.475,0.1,27.5,0.4617,0.2545,0.5273,1.0,2715.0
2024-08-06,10:10,3.05,2.725,0.1066,32.5,0.6591,0.2541,0.5082,1.0,2747.5
2024-08-07,10:10,2.75,2.45,0.1091,30.0,0.5761,0.2545,-1.2,-8.0727,2777.5
2024-08-08,10:10,3.35,2.975,0.1119,37.5,0.6946,0.2687,0.5075,1.0,2815.0
2024-08-09,10:10,3.35,3.0,0.1045,35.0,0.705,0.2836,0.5,1.0,2850.0
2024-08-12,10:10,2.45,2.2,0.102,25.0,0.721,0.2551,0.5,1.0,2875.0
2024-08-13,10:10,2.6,2.3,0.1154,30.0,0.6227,0.25,-1.0865,-2.6346,2905.0
2024-08-14,10:10,2.45,2.2,0.102,25.0,0.73,0.3061,0.5204,1.0,2930.0
2024-08-15,10:10,2.5,5.1,-1.04,-260.0,0.6238,-1.04,-1.04,0.94,2670.0
2024-08-16,10:10,2.45,2.15,0.1224,30.0,0.7368,0.2857,0.5,1.0,2700.0
2024-08-19,10:10,1.95,1.75,0.1026,20.0,0.561,0.2821,0.5128,-3.7949,2720.0
2024-08-20,10:10,1.8,1.475,0.1806,32.5,0.6944,0.3194,0.5,1.0,2752.5
2024-08-21,10:10,2.6,2.325,0.1058,27.5,0.7478,0.2596,0.5096,1.0,2780.0
2024-08-22,10:10,2.25,2.025,0.1,22.5,0.559,0.2778,-1.6,-1.5778,2802.5
2024-08-23,10:10,2.95,2.225,0.2458,72.5,0.7432,0.3305,0.5,1.0,2875.0
2024-08-26,10:10,2.3,2.025,0.1196,27.5,0.7442,0.3043,0.5326,1.0,2902.5
2024-08-27,10:10,2.25,2.0,0.1111,25.0,0.7054,0.3444,0.5222,1.0,2927.5
2024-08-28,10:10,1.65,1.35,0.1818,30.0,0.4395,0.2576,-1.8636,1.0,2957.5
2024-08-29,10:10,2.3,1.95,0.1522,35.0,0.6824,0.3152,0.5,1.0,2992.5
2024-08-30,10:10,2.25,1.95,0.1333,30.0,0.6987,-1.2,-1.2,1.0,3022.5
2024-09-03,10:10,2.55,2.275,0.1078,27.5,0.4845,0.2941,-1.0294,-3.4118,3050.0
2024-09-04,10:10,2.8,2.5,0.1071,30.0,0.677,0.2679,0.5,1.0,3080.0
2024-09-05,10:10,2.75,2.425,0.1182,32.5,0.6855,0.2818,-1.0091,1.0,3112.5
2024-09-06,10:10,3.15,2.825,0.1032,32.5,0.6002,-1.254,-1.254,-1.2381,3145.0
2024-09-09,10:10,2.5,2.225,0.11,27.5,0.712,0.27,0.51,1.0,3172.5
2024-09-10,10:10,2.5,2.225,0.11,27.5,0.6434,0.25,0.5,1.0,3200.0
2024-09-11,10:10,3.1,2.725,0.121,37.5,0.5582,0.2742,0.5161,-7.0968,3237.5
2024-09-12,10:10,2.7,2.275,0.1574,42.5,0.6354,0.2963,0.5093,0.713,3280.0
2024-09-13,10:10,2.6,2.325,0.1058,27.5,0.7128,0.25,0.5096,1.0,3307.5
2024-09-16,10:10,2.05,1.8,0.122,25.0,0.6812,0.2683,0.5122,1.0,3332.5
2024-09-17,10:10,2.05,1.825,0.1098,22.5,0.6359,0.2561,-1.561,1.0,3355.0
2024-09-18,10:10,3.75,3.325,0.1133,42.5,0.7025,0.26,0.5067,1.0,3397.5
2024-09-19,10:10,2.65,2.25,0.1509,40.0,0.7109,0.2642,0.5189,1.0,3437.5
2024-09-20,10:10,2.6,2.25,0.1346,35.0,0.7242,0.2692,0.5288,1.0,3472.5
2024-09-23,10:10,2.3,2.025,0.1196,27.5,0.7004,0.2826,0.5217,1.0,3500.0
2024-09-24,10:10,2.15,1.9,0.1163,25.0,0.7287,0.2907,0.5349,1.0,3525.0
2024-09-25,10:10,1.65,1.475,0.1061,17.5,0.7244,0.2727,0.5455,1.0,3542.5
2024-09-26,10:10,2.1,1.85,0.119,25.0,0.7018,0.25,0.5238,1.0,3567.5
2024-09-27,10:10,1.5,1.35,0.1,15.0,0.604,0.2833,0.5167,1.0,3582.5
2024-09-30,10:10,2.2,1.95,0.1136,25.0,0.6654,0.2727,0.5114,0.9205,3607.5
2024-10-01,10:10,3.2,2.7,0.1562,50.0,0.636,0.25,0.5,1.0,3657.5
2024-10-02,10:10,2.55,2.275,0.1078,27.5,0.684,0.3039,0.5196,1.0,3685.0
2024-10-03,10:10,2.5,2.2,0.12,30.0,0.6345,0.26,0.5,1.0,3715.0
2024-10-04,10:10,2.5,2.225,0.11,27.5,0.7064,0.26,0.52,1.0,3742.5
2024-10-07,10:10,2.2,1.95,0.1136,25.0,0.307,0.25,0.5114,1.0,3767.5
2024-10-08,10:10,2.2,1.95,0.1136,25.0,0.6484,0.25,0.5,1.0,3792.5
2024-10-09,10:10,1.9,3.8,-1.0,-190.0,0.5799,-1.0,-1.0,-0.5789,3602.5
2024-10-10,10:10,2.1,1.825,0.131,27.5,0.6181,0.2738,0.5,1.0,3630.0
2024-10-11,10:10,2.05,1.775,0.1341,27.5,0.6792,0.2683,0.5122,1.0,3657.5
2024-10-14,10:10,1.65,1.475,0.1061,17.5,0.696,0.303,0.5303,1.0,3675.0
2024-10-15,10:10,1.8,1.575,0.125,22.5,0.5679,-1.3194,-1.3194,-4.6389,3697.5
2024-10-16,10:10,2.05,1.825,0.1098,22.5,0.689,0.2805,0.5122,1.0,3720.0
2024-10-17,10:10,2.1,1.85,0.119,25.0,0.7155,0.25,0.5,1.0,3745.0
2024-10-18,10:10,1.9,1.675,0.1184,22.5,0.6511,0.2632,0.5263,1.0,3767.5
2024-10-21,10:10,1.4,1.25,0.1071,15.0,0.692,-1.1429,-1.1429,1.0,3782.5
2024-10-22,10:10,1.85,1.6,0.1351,25.0,0.6582,0.2703,0.5135,1.0,3807.5
2024-10-23,10:10,2.1,1.8,0.1429,30.0,0.5169,0.25,-1.0238,1.0,3837.5
2024-10-24,10:10,1.9,1.7,0.1053,20.0,0.5812,0.2895,0.5,1.0,3857.5
2024-10-25,10:10,2.0,1.75,0.125,25.0,0.5052,0.2625,-1.45,-6.9375,3882.5
2024-10-28,10:10,1.7,1.525,0.1029,17.5,0.6349,0.25,0.5147,1.0,3900.0
2024-10-29,10:10,2.05,1.775,0.1341,27.5,0.5927,0.2683,0.5366,1.0,3927.5
2024-10-30,10:10,1.8,1.6,0.1111,20.0,0.6394,0.2639,0.5139,1.0,3947.5
2024-10-31,10:10,2.4,2.125,0.1146,27.5,0.498,0.2813,0.5104,1.0,3975.0
2024-11-01,10:10,2.05,1.8,0.122,25.0,0.6364,0.2561,0.5,1.0,4000.0
2024-11-04,10:10,2.1,1.875,0.1071,22.5,0.628,0.2738,0.5,1.0,4022.5
2024-11-05,10:10,2.2,1.975,0.1023,22.5,0.6995,0.2614,0.5114,1.0,4045.0
2024-11-06,10:10,2.45,2.2,0.102,25.0,0.6904,0.3061,0.5102,1.0,4070.0
2024-11-07,10:10,2.65,2.375,0.1038,27.5,0.7427,0.2547,0.5,1.0,4097.5
2024-11-08,10:10,1.55,1.325,0.1452,22.5,0.7246,0.2581,0.5645,1.0,4120.0
2024-11-11,10:10,1.85,1.65,0.1081,20.0,0.7419,0.2703,0.5,1.0,4140.0
2024-11-12,10:10,1.65,1.475,0.1061,17.5,0.6813,0.2576,0.5152,1.0,4157.5
2024-11-13,10:10,2.05,1.8,0.122,25.0,0.6545,0.2683,-1.1098,1.0,4182.5
2024-11-14,10:10,2.05,1.8,0.122,25.0,0.7408,0.2561,0.5,1.0,4207.5
2024-11-15,10:10,2.15,1.875,0.1279,27.5,0.6127,0.314,-1.0465,1.0,4235.0
2024-11-18,10:10,2.05,1.825,0.1098,22.5,0.6908,-1.0122,-1.0122,1.0,4257.5
2024-11-19,10:10,2.4,2.125,0.1146,27.5,0.5214,0.2708,-1.1146,-3.8958,4285.0
2024-11-20,10:10,2.35,2.1,0.1064,25.0,0.6802,0.2553,0.5213,1.0,4310.0
2024-11-21,10:10,2.95,2.575,0.1271,37.5,0.6621,0.2797,-1.3729,1.0,4347.5
2024-11-22,10:10,2.35,2.1,0.1064,25.0,0.6428,0.2553,0.5319,1.0,4372.5
2024-11-25,10:10,1.9,1.675,0.1184,22.5,0.7251,0.2632,-1.0132,1.0,4395.0
2024-11-26,10:10,1.9,1.7,0.1053,20.0,0.7249,0.2895,0.5,1.0,4415.0
2024-11-27,10:10,1.65,1.475,0.1061,17.5,0.7232,0.2576,-1.5606,1.0,4432.5
2024-11-29,10:10,1.5,1.35,0.1,15.0,0.739,0.2667,-1.15,1.0,4447.5
2024-12-02,10:10,1.6,1.4,0.125,20.0,0.7408,0.25,0.5,1.0,4467.5
2024-12-03,10:10,1.45,1.3,0.1034,15.0,0.7244,0.2586,0.5345,1.0,4482.5
2024-12-04,10:10,1.65,1.45,0.1212,20.0,0.707,0.2576,0.5455,1.0,4502.5
2024-12-05,10:10,1.3,1.15,0.1154,15.0,0.6881,0.2885,0.5,1.0,4517.5
2024-12-06,10:10,1.25,1.125,0.1,12.5,0.7292,0.28,0.5,1.0,4530.0
2024-12-09,10:10,1.3,2.65,-1.0385,-135.0,0.4596,-1.0385,-1.0385,-4.3077,4395.0
2024-12-10,10:10,1.7,1.5,0.1176,20.0,0.6542,0.2647,0.5294,0.6029,4415.0
2024-12-11,10:10,1.35,1.2,0.1111,15.0,0.6743,0.2778,0.5,1.0,4430.0
2024-12-12,10:10,1.4,1.2,0.1429,20.0,0.6457,-1.2321,-1.2321,1.0,4450.0
2024-12-13,10:10,1.45,3.275,-1.2586,-182.5,0.6812,-1.2586,-1.2586,1.0,4267.5
2024-12-16,10:10,1.25,1.125,0.1,12.5,0.6525,0.26,0.5,1.0,4280.0
2024-12-17,10:10,1.65,1.4,0.1515,25.0,0.5914,0.303,0.5152,1.0,4305.0
2024-12-18,10:10,2.65,2.325,0.1226,32.5,0.3561,0.283,-1.1981,-8.7736,4337.5
2024-12-19,10:10,2.4,2.15,0.1042,25.0,0.6848,0.2708,0.5312,1.0,4362.5
2024-12-20,10:10,2.55,5.75,-1.2549,-320.0,0.644,-1.2549,-1.2549,-7.5,4042.5
2024-12-23,10:10,2.4,2.125,0.1146,27.5,0.7034,0.2708,0.5104,-3.9375,4070.0
2024-12-24,10:10,1.45,1.3,0.1034,15.0,0.6296,-1.0,-1.0,-1.5517,4085.0
2024-12-26,10:10,1.85,1.65,0.1081,20.0,0.664,0.2703,0.5946,1.0,4105.0
2024-12-27,10:10,2.4,2.15,0.1042,25.0,0.7041,0.25,-1.1875,1.0,4130.0
2024-12-30,10:10,2.65,2.375,0.1038,27.5,0.6676,0.2547,-1.0849,1.0,4157.5
2024-12-31,10:10,3.3,2.925,0.1136,37.5,0.705,0.2652,0.5303,1.0,4195.0
2025-01-02,10:10,2.65,2.375,0.1038,27.5,0.6208,-1.0189,-1.0189,-0.5849,4222.5
2025-01-03,10:10,2.6,2.25,0.1346,35.0,0.671,0.25,0.5,1.0,4257.5
2025-01-06,10:10,2.05,1.75,0.1463,30.0,0.6098,0.2805,0.5,1.0,4287.5
2025-01-07,10:10,2.4,2.1,0.125,30.0,0.6756,0.2812,0.5,1.0,4317.5
2025-01-08,10:10,2.8,2.5,0.1071,30.0,0.6634,0.2679,0.5,1.0,4347.5
2025-01-10,10:10,2.65,2.375,0.1038,27.5,0.6888,0.2547,0.5189,1.0,4375.0
2025-01-13,10:10,2.85,2.475,0.1316,37.5,0.6575,0.2544,0.5,1.0,4412.5
2025-01-14,10:10,2.6,2.3,0.1154,30.0,0.6883,0.2788,-1.0192,1.0,4442.5
2025-01-15,10:10,2.4,2.1,0.125,30.0,0.6998,0.25,0.5104,1.0,4472.5
2025-01-16,10:10,2.6,2.325,0.1058,27.5,0.7258,0.25,0.5,1.0,4500.0
2025-01-17,10:10,2.1,1.85,0.119,25.0,0.6977,0.2738,0.5714,1.0,4525.0
2025-01-21,10:10,2.1,1.85,0.119,25.0,0.6836,0.2619,0.5238,1.0,4550.0
2025-01-22,10:10,1.6,1.4,0.125,20.0,0.7094,0.25,0.5,1.0,4570.0
2025-01-23,10:10,1.65,1.45,0.1212,20.0,0.665,-1.0455,-1.0455,-7.2121,4590.0
2025-01-24,10:10,1.8,1.575,0.125,22.5,0.6115,0.2778,0.5,1.0,4612.5
2025-01-27,10:10,2.25,2.0,0.1111,25.0,0.4726,0.2667,0.5333,1.0,4637.5
2025-01-28,10:10,2.55,5.275,-1.0686,-272.5,0.5931,-1.0686,-1.0686,-1.2353,4365.0
2025-01-29,10:10,2.55,2.25,0.1176,30.0,0.6688,-1.1471,-1.1471,1.0,4395.0
2025-01-30,10:10,2.35,2.1,0.1064,25.0,0.6167,0.266,0.5319,1.0,4420.0
2025-01-31,10:10,2.05,1.825,0.1098,22.5,0.5597,0.2561,0.5122,-9.5,4442.5
2025-02-03,10:10,2.55,6.125,-1.402,-357.5,0.5481,-1.402,-1.402,1.0,4085.0
2025-02-04,10:10,2.6,2.275,0.125,32.5,0.6733,0.2788,0.5,1.0,4117.5
2025-02-05,10:10,2.65,2.275,0.1415,37.5,0.5964,0.2925,-1.0094,-0.8679,4155.0
2025-02-06,10:10,1.7,1.5,0.1176,20.0,0.639,0.25,0.5,1.0,4175.0
2025-02-07,10:10,2.5,2.175,0.13,32.5,0.6658,0.29,-1.1,1.0,4207.5
2025-02-10,10:10,2.0,1.775,0.1125,22.5,0.679,0.2625,0.5,1.0,4230.0
2025-02-11,10:10,2.2,1.95,0.1136,25.0,0.568,0.25,0.5,1.0,4255.0
2025-02-12,10:10,2.6,2.3,0.1154,30.0,0.533,0.2788,-1.0096,1.0,4285.0
2025-02-13,10:10,2.15,4.65,-1.1628,-250.0,0.6302,-1.1628,-1.1628,-6.1395,4035.0
2025-02-14,10:10,1.65,1.4,0.1515,25.0,0.6745,0.303,0.5758,1.0,4060.0
2025-02-18,10:10,1.8,1.575,0.125,22.5,0.6547,0.2639,0.5,1.0,4082.5
2025-02-19,10:10,1.6,1.4,0.125,20.0,0.5825,0.25,-1.2031,-1.8125,4102.5
2025-02-20,10:10,2.35,2.1,0.1064,25.0,0.7123,0.266,0.5106,1.0,4127.5
2025-02-21,10:10,2.1,1.8,0.1429,30.0,0.3771,0.25,0.5238,-10.9286,4157.5
2025-02-24,10:10,2.45,2.2,0.102,25.0,0.6836,0.2653,0.5,1.0,4182.5
2025-02-25,10:10,2.95,2.575,0.1271,37.5,0.6231,0.2712,0.5085,1.0,4220.0
2025-02-26,10:10,2.4,2.0,0.1667,40.0,0.566,0.25,0.5104,1.0,4260.0
2025-02-27,10:10,3.1,2.65,0.1452,45.0,0.5843,0.2742,0.5081,0.9839,4305.0
2025-02-28,10:10,2.95,2.55,0.1356,40.0,0.6673,0.2542,0.5085,-3.178,4345.0
2025-03-03,10:10,3.0,2.275,0.2417,72.5,0.5104,0.25,0.5083,0.675,4417.5
2025-03-04,10:10,3.05,2.725,0.1066,32.5,0.585,0.2623,0.5082,1.0,4450.0
2025-03-05,10:10,3.6,3.2,0.1111,40.0,0.6738,0.25,0.5069,1.0,4490.0
2025-03-06,10:10,3.5,3.125,0.1071,37.5,0.4435,0.2643,0.6714,1.0,4527.5
2025-03-07,10:10,3.7,7.475,-1.0203,-377.5,0.6153,-1.0203,-1.0203,1.0,4150.0
2025-03-10,10:10,3.55,3.15,0.1127,40.0,0.3564,0.2606,0.5,1.0,4190.0
2025-03-11,10:10,3.55,3.125,0.1197,42.5,0.574,0.2606,0.5,1.0,4232.5
2025-03-12,10:10,3.5,3.15,0.1,35.0,0.666,0.2929,0.5,1.0,4267.5
2025-03-13,10:10,3.5,3.075,0.1214,42.5,0.7015,0.2643,0.5357,1.0,4310.0
2025-03-14,10:10,3.1,2.65,0.1452,45.0,0.7031,0.25,0.5403,1.0,4355.0
2025-03-17,10:10,3.1,2.75,0.1129,35.0,0.6555,0.2581,0.5081,1.0,4390.0
2025-03-18,10:10,3.15,2.8,0.1111,35.0,0.723,0.254,0.5079,1.0,4425.0
2025-03-19,10:10,3.35,2.975,0.1119,37.5,0.7256,0.2612,0.5224,1.0,4462.5
2025-03-20,10:10,2.75,2.45,0.1091,30.0,0.7026,0.2636,0.5364,1.0,4492.5
2025-03-21,10:10,3.2,2.825,0.1172,37.5,0.7349,0.2578,0.5625,1.0,4530.0
2025-03-24,10:10,2.2,1.9,0.1364,30.0,0.7381,0.25,0.5,1.0,4560.0
2025-03-25,10:10,2.4,2.125,0.1146,27.5,0.7374,0.2708,0.5104,1.0,4587.5
2025-03-26,10:10,2.3,2.05,0.1087,25.0,0.5768,0.2609,0.5,0.9674,4612.5
2025-03-27,10:10,2.7,2.375,0.1204,32.5,0.7279,0.25,0.5,1.0,4645.0
2025-03-28,10:10,2.7,5.8,-1.1481,-310.0,0.4838,-1.1481,-1.1481,-0.963,4335.0
2025-03-31,10:10,3.05,2.675,0.123,37.5,0.6591,0.2541,0.5082,-3.0328,4372.5
2025-04-01,10:10,2.9,2.55,0.1207,35.0,0.6617,-1.0259,-1.0259,1.0,4407.5
2025-04-02,10:10,3.15,2.625,0.1667,52.5,0.6442,-1.0476,-1.0476,1.0,4460.0
2025-04-03,10:10,3.2,2.825,0.1172,37.5,0.5349,0.25,0.5078,1.0,4497.5
2025-04-04,10:10,3.4,3.05,0.1029,35.0,0.5116,-1.1029,-1.1029,-0.1103,4532.5
2025-04-08,10:10,3.2,2.825,0.1172,37.5,0.3604,0.2656,-1.0391,-6.8125,4570.0
2025-04-10,10:10,3.25,2.85,0.1231,40.0,0.5805,0.2615,-1.1,1.0,4610.0
2025-04-11,10:10,3.3,2.9,0.1212,40.0,0.7027,0.2727,0.5152,1.0,4650.0
2025-04-14,10:10,2.85,2.55,0.1053,30.0,0.7259,0.2632,0.5,1.0,4680.0
2025-04-15,10:10,2.5,2.25,0.1,25.0,0.7436,0.28,0.56,1.0,4705.0
2025-04-16,10:10,2.8,2.475,0.1161,32.5,0.4741,0.2589,0.5,0.9911,4737.5
2025-04-17,10:10,2.9,2.55,0.1207,35.0,0.7336,0.2759,0.5,1.0,4772.5
2025-04-21,10:10,3.0,2.575,0.1417,42.5,0.5609,0.2583,0.5167,1.0,4815.0
2025-04-22,10:10,2.7,2.375,0.1204,32.5,0.7318,0.2685,0.5,1.0,4847.5
2025-04-23,10:10,2.9,2.575,0.1121,32.5,0.7365,0.2672,-1.0259,1.0,4880.0
2025-04-24,10:10,2.95,2.65,0.1017,30.0,0.745,0.2627,0.5085,1.0,4910.0
2025-04-25,10:10,2.55,2.25,0.1176,30.0,0.7327,0.2647,0.5196,1.0,4940.0
2025-04-28,10:10,2.6,2.325,0.1058,27.5,0.7425,0.2692,0.5096,1.0,4967.5
2025-04-29,10:10,2.65,2.375,0.1038,27.5,0.7356,0.2736,0.5094,1.0,4995.0
2025-04-30,10:10,2.9,2.6,0.1034,30.0,0.7281,0.25,-1.0259,-7.3793,5025.0
2025-05-01,10:10,2.8,2.475,0.1161,32.5,0.7349,0.2857,0.5179,1.0,5057.5
2025-05-05,10:10,2.5,2.25,0.1,25.0,0.7224,0.25,0.5,1.0,5082.5
2025-05-06,10:10,2.45,2.15,0.1224,30.0,0.6976,0.2551,-1.5306,1.0,5112.5
2025-05-07,10:10,2.75,2.475,0.1,27.5,0.7351,0.2545,0.5273,1.0,5140.0
2025-05-08,10:10,2.95,2.625,0.1102,32.5,0.7193,0.2542,0.5,1.0,5172.5
2025-05-09,10:10,1.9,3.925,-1.0658,-202.5,0.7244,-1.0658,-1.0658,1.0,4970.0
2025-05-13,10:10,2.05,1.825,0.1098,22.5,0.7254,0.2561,0.5122,1.0,4992.5
2025-05-14,10:10,2.45,2.15,0.1224,30.0,0.7422,0.2551,0.5,1.0,5022.5
2025-05-15,10:10,2.05,1.775,0.1341,27.5,0.6189,0.2561,-1.1098,1.0,5050.0
2025-05-16,10:10,1.95,1.725,0.1154,22.5,0.6674,0.2692,0.5128,1.0,5072.5
2025-05-19,10:10,2.2,1.875,0.1477,32.5,0.7355,0.25,0.5114,1.0,5105.0
2025-05-20,10:10,2.05,1.75,0.1463,30.0,0.7056,0.2561,0.5,1.0,5135.0
2025-05-21,10:10,2.35,2.025,0.1383,32.5,0.3271,0.266,0.5106,-8.2128,5167.5
2025-05-22,10:10,2.55,2.125,0.1667,42.5,0.6979,0.2549,0.5294,1.0,5210.0
2025-05-23,10:10,2.75,2.275,0.1727,47.5,0.6344,0.2636,0.5091,1.0,5257.5
2025-05-27,10:10,1.8,1.575,0.125,22.5,0.6462,0.2639,-1.0833,0.9306,5280.0
2025-05-28,10:10,2.0,1.775,0.1125,22.5,0.7113,0.2625,0.5,1.0,5302.5
2025-05-29,10:10,2.85,2.45,0.1404,40.0,0.703,0.2544,0.5,1.0,5342.5
2025-05-30,10:10,2.85,2.55,0.1053,30.0,0.6613,0.2982,-1.0175,1.0,5372.5
2025-06-02,10:10,2.5,2.225,0.11,27.5,0.6559,0.26,0.58,-2.68,5400.0
2025-06-03,10:10,2.2,1.95,0.1136,25.0,0.5293,-1.0114,-1.0114,1.0,5425.0
2025-06-04,10:10,2.4,2.125,0.1146,27.5,0.7092,0.2604,0.5,1.0,5452.5
2025-06-05,10:10,2.65,2.375,0.1038,27.5,0.6973,-1.0094,-1.0094,1.0,5480.0
2025-06-06,10:10,1.7,1.475,0.1324,22.5,0.6999,0.2647,0.5147,1.0,5502.5
2025-06-09,10:10,2.15,1.925,0.1047,22.5,0.713,0.2674,0.5,1.0,5525.0
2025-06-10,10:10,1.85,1.65,0.1081,20.0,0.6484,0.2568,0.527,1.0,5545.0
2025-06-11,10:10,2.05,1.825,0.1098,22.5,0.4702,0.2561,0.5122,1.0,5567.5
2025-06-12,10:10,2.05,1.825,0.1098,22.5,0.6053,0.3049,0.5122,1.0,5590.0
2025-06-13,10:10,2.4,2.15,0.1042,25.0,0.5538,0.2812,0.5104,1.0,5615.0
2025-06-16,10:10,1.9,1.675,0.1184,22.5,0.7,0.25,0.5132,1.0,5637.5
2025-06-17,10:10,1.8,1.6,0.1111,20.0,0.2958,0.2639,0.5,1.0,5657.5
2025-06-18,10:10,2.55,2.25,0.1176,30.0,0.7208,0.3039,0.5,1.0,5687.5
2025-06-20,10:10,2.4,2.05,0.1458,35.0,0.663,-1.0937,-1.0937,1.0,5722.5
2025-06-23,10:10,1.8,1.525,0.1528,27.5,0.6598,0.2917,-1.0972,1.0,5750.0
2025-06-24,10:10,1.85,1.65,0.1081,20.0,0.5646,0.2568,-1.2432,1.0,5770.0
2025-06-25,10:10,1.45,1.275,0.1207,17.5,0.658,0.2586,0.5345,1.0,5787.5
2025-06-26,10:10,1.7,3.55,-1.0882,-185.0,0.6414,-1.0882,-1.0882,-0.8824,5602.5
2025-06-27,10:10,1.4,1.2,0.1429,20.0,0.6603,0.25,0.5179,1.0,5622.5
2025-06-30,10:10,1.9,1.7,0.1053,20.0,0.6978,0.2632,0.5,1.0,5642.5
2025-07-01,10:10,1.5,1.3,0.1333,20.0,0.6679,0.2833,0.5,1.0,5662.5
2025-07-02,10:10,1.5,1.35,0.1,15.0,0.681,0.3167,0.5,1.0,5677.5
2025-07-03,10:10,1.4,1.175,0.1607,22.5,0.6963,0.2679,0.5357,1.0,5700.0
2025-07-07,10:10,1.35,1.2,0.1111,15.0,0.5514,0.2778,-1.7222,1.0,5715.0
2025-07-08,10:10,2.0,1.75,0.125,25.0,0.6409,0.25,0.5,1.0,5740.0
2025-07-09,10:10,1.7,1.475,0.1324,22.5,0.7279,-1.1176,-1.1176,1.0,5762.5
2025-07-10,10:10,1.6,1.425,0.1094,17.5,0.6163,-1.0781,-1.0781,1.0,5780.0
2025-07-11,10:10,1.95,1.75,0.1026,20.0,0.6302,0.2821,0.5,1.0,5800.0
2025-07-14,10:10,1.5,1.35,0.1,15.0,0.6459,0.25,0.5167,1.0,5815.0
2025-07-15,10:10,1.95,1.75,0.1026,20.0,0.6597,0.2692,0.5,1.0,5835.0
2025-07-16,10:10,1.75,1.55,0.1143,20.0,0.6919,0.2857,-1.1,1.0,5855.0
2025-07-17,10:10,1.55,1.375,0.1129,17.5,0.6679,0.2581,0.5161,1.0,5872.5
2025-07-18,10:10,1.8,1.6,0.1111,20.0,0.6639,0.2639,0.5,1.0,5892.5
2025-07-21,10:10,1.45,1.3,0.1034,15.0,0.6882,0.2586,0.5,1.0,5907.5
2025-07-22,10:10,1.85,1.6,0.1351,25.0,0.5878,0.2568,0.5,1.0,5932.5
2025-07-23,10:10,1.45,1.3,0.1034,15.0,0.6068,0.2586,0.5172,-3.069,5947.5
2025-07-24,10:10,1.5,1.325,0.1167,17.5,0.6917,0.2833,0.5,1.0,5965.0
2025-07-25,10:10,1.5,1.325,0.1167,17.5,0.6225,0.2667,-1.0,1.0,5982.5
2025-07-28,10:10,1.15,1.0,0.1304,15.0,0.7082,0.2609,0.5,1.0,5997.5
2025-07-29,10:10,1.35,1.2,0.1111,15.0,0.5944,0.2593,-1.5926,1.0,6012.5
2025-07-30,10:10,2.05,1.825,0.1098,22.5,0.4439,0.2805,0.5122,1.0,6035.0
2025-07-31,10:10,2.05,1.8,0.122,25.0,0.4258,-1.0854,-1.0854,-11.0244,6060.0
2025-08-01,10:10,2.45,2.2,0.102,25.0,0.5177,0.2755,0.5102,1.0,6085.0
2025-08-04,10:10,1.85,1.55,0.1622,30.0,0.6817,0.2568,0.5405,1.0,6115.0
2025-08-05,10:10,1.75,1.525,0.1286,22.5,0.5998,-1.2,-1.2,1.0,6137.5
2025-08-06,10:10,1.95,1.75,0.1026,20.0,0.642,0.2821,-1.1795,1.0,6157.5
2025-08-07,10:10,2.05,1.825,0.1098,22.5,0.6483,0.2805,-1.4024,1.0,6180.0
2025-08-08,10:10,2.05,1.75,0.1463,30.0,0.7131,0.2683,0.5,1.0,6210.0
2025-08-11,10:10,1.6,1.4,0.125,20.0,0.6715,0.25,0.5,1.0,6230.0
2025-08-12,10:10,2.15,1.825,0.1512,32.5,0.4946,0.2674,-1.0116,-4.1395,6262.5
2025-08-13,10:10,1.4,1.25,0.1071,15.0,0.71,0.3036,0.5536,1.0,6277.5
2025-08-14,10:10,1.65,1.35,0.1818,30.0,0.719,0.2879,0.5152,1.0,6307.5
2025-08-15,10:10,1.55,1.35,0.129,20.0,0.7261,0.2903,0.5161,1.0,6327.5
2025-08-18,10:10,1.7,1.525,0.1029,17.5,0.6981,0.2647,0.5147,1.0,6345.0
2025-08-19,10:10,1.35,1.2,0.1111,15.0,0.5552,-1.0926,-1.0926,-8.963,6360.0
2025-08-20,10:10,2.05,1.8,0.122,25.0,0.6967,0.2683,0.5122,1.0,6385.0
2025-08-21,10:10,2.3,2.05,0.1087,25.0,0.6539,0.25,0.5109,1.0,6410.0
2025-08-22,10:10,2.45,2.175,0.1122,27.5,0.7414,0.2857,0.5102,1.0,6437.5
2025-08-25,10:10,1.25,1.125,0.1,12.5,0.6577,0.28,0.5,1.0,6450.0
2025-08-26,10:10,1.4,1.25,0.1071,15.0,0.6614,0.2679,0.5,0.2679,6465.0
2025-08-27,10:10,1.5,1.35,0.1,15.0,0.6823,0.25,0.5,1.0,6480.0
2025-08-28,10:10,1.7,1.525,0.1029,17.5,0.6733,0.2794,0.5294,1.0,6497.5
2025-08-29,10:10,2.2,1.975,0.1023,22.5,0.6798,0.25,0.5,1.0,6520.0
2025-09-02,10:10,2.2,1.85,0.1591,35.0,0.6079,0.2614,-1.125,1.0,6555.0
2025-09-03,10:10,1.65,1.475,0.1061,17.5,0.5774,0.303,0.5152,1.0,6572.5
2025-09-04,10:10,1.55,1.35,0.129,20.0,0.4411,-1.0161,-1.0161,-13.0323,6592.5
2025-09-05,10:10,1.7,3.6,-1.1176,-190.0,0.6576,-1.1176,-1.1176,1.0,6402.5
2025-09-08,10:10,1.5,1.35,0.1,15.0,0.6519,0.2833,0.5,1.0,6417.5
2025-09-09,10:10,1.5,1.35,0.1,15.0,0.6629,0.25,0.5,1.0,6432.5
2025-09-10,10:10,1.5,1.35,0.1,15.0,0.6497,0.3,0.5333,1.0,6447.5
2025-09-11,10:10,1.75,1.575,0.1,17.5,0.7131,0.3,0.5143,1.0,6465.0
2025-09-12,10:10,1.35,1.175,0.1296,17.5,0.7133,0.2593,0.5185,1.0,6482.5
2025-09-15,10:10,1.05,0.925,0.119,12.5,0.6697,0.3333,0.5238,1.0,6495.0
2025-09-16,10:10,1.3,1.15,0.1154,15.0,0.7003,0.25,0.5,1.0,6510.0
2025-09-17,10:10,2.55,2.275,0.1078,27.5,0.6917,0.2549,0.5784,1.0,6537.5
2025-09-18,10:10,1.85,1.525,0.1757,32.5,0.6726,0.2838,0.5,1.0,6570.0
2025-09-19,10:10,1.45,1.275,0.1207,17.5,0.6122,0.2586,0.5172,1.0,6587.5
2025-09-22,10:10,1.0,0.875,0.125,12.5,0.4531,-1.3,-1.3,-8.6,6600.0
2025-09-23,10:10,1.8,1.6,0.1111,20.0,0.4078,0.2639,-1.1528,-3.4444,6620.0
2025-09-24,10:10,1.8,1.6,0.1111,20.0,0.7019,0.25,0.5,1.0,6640.0
2025-09-25,10:10,2.25,1.9,0.1556,35.0,0.6278,0.2778,0.5111,1.0,6675.0
2025-09-26,10:10,2.15,1.8,0.1628,35.0,0.6364,0.2558,0.5116,1.0,6710.0
2025-09-29,10:10,1.3,1.125,0.1346,17.5,0.6398,0.25,0.5385,1.0,6727.5
2025-09-30,10:10,2.05,1.8,0.122,25.0,0.5823,0.2927,0.5366,-0.5366,6752.5
2025-10-01,10:10,1.8,1.6,0.1111,20.0,0.4415,-1.0,-1.0,-5.4722,6772.5
2025-10-02,10:10,1.55,1.325,0.1452,22.5,0.6658,0.2581,0.5161,1.0,6795.0
2025-10-03,10:10,2.05,1.825,0.1098,22.5,0.559,-1.0122,-1.0122,1.0,6817.5
2025-10-06,10:10,1.45,1.3,0.1034,15.0,0.6803,-1.2586,-1.2586,1.0,6832.5
2025-10-07,10:10,1.35,1.2,0.1111,15.0,0.4161,-1.537,-1.537,1.0,6847.5
2025-10-08,10:10,1.65,1.45,0.1212,20.0,0.6752,0.2576,0.5152,1.0,6867.5
2025-10-09,10:10,1.55,1.375,0.1129,17.5,0.6871,0.2903,0.5161,1.0,6885.0
2025-10-10,10:10,1.7,1.4,0.1765,30.0,0.2888,0.2794,0.5147,-13.7059,6915.0
2025-10-13,10:10,2.25,2.0,0.1111,25.0,0.6971,0.2556,0.5,1.0,6940.0
2025-10-14,10:10,2.8,5.75,-1.0536,-295.0,0.5059,-1.0536,-1.0536,0.9821,6645.0
2025-10-15,10:10,1.95,1.75,0.1026,20.0,0.6935,0.3077,0.5256,1.0,6665.0
2025-10-16,10:10,2.85,2.45,0.1404,40.0,0.3384,0.2982,-1.2719,1.0,6705.0
2025-10-17,10:10,3.35,3.0,0.1045,35.0,0.6707,0.2612,0.5299,1.0,6740.0
2025-10-20,10:10,1.85,1.65,0.1081,20.0,0.7249,0.2568,0.5,1.0,6760.0
2025-10-21,10:10,1.95,1.75,0.1026,20.0,0.6718,0.2949,0.5128,1.0,6780.0
2025-10-22,10:10,1.6,1.4,0.125,20.0,0.5872,0.2969,-1.0312,1.0,6800.0
2025-10-23,10:10,1.95,1.75,0.1026,20.0,0.6675,0.2564,0.5128,1.0,6820.0
2025-10-24,10:10,1.45,1.3,0.1034,15.0,0.7167,0.2586,0.5172,1.0,6835.0
2025-10-27,10:10,1.4,1.2,0.1429,20.0,0.7131,0.2857,0.5,1.0,6855.0
2025-10-28,10:10,1.5,1.35,0.1,15.0,0.6359,0.2667,0.5,1.0,6870.0
2025-10-29,10:10,2.25,1.975,0.1222,27.5,0.7171,0.2556,-1.1667,1.0,6897.5
2025-10-30,10:10,2.7,2.425,0.1019,27.5,0.7052,0.25,0.5093,1.0,6925.0
2025-10-31,10:10,2.5,2.225,0.11,27.5,0.708,0.25,0.51,1.0,6952.5
2025-11-03,10:10,2.2,1.975,0.1023,22.5,0.6971,0.2614,0.5114,1.0,6975.0
2025-11-04,10:10,2.25,2.0,0.1111,25.0,0.6528,0.2778,0.5,1.0,7000.0
2025-11-05,10:10,2.5,2.25,0.1,25.0,0.6953,0.25,0.52,1.0,7025.0
2025-11-06,10:10,2.65,2.325,0.1226,32.5,0.6916,0.2642,0.5094,1.0,7057.5
2025-11-07,10:10,2.65,2.35,0.1132,30.0,0.6307,0.283,0.5566,1.0,7087.5
2025-11-10,10:10,2.1,1.875,0.1071,22.5,0.6093,0.2738,0.5357,1.0,7110.0
2025-11-11,10:10,2.15,1.925,0.1047,22.5,0.4651,0.2558,0.5,1.0,7132.5
2025-11-12,10:10,2.25,2.025,0.1,22.5,0.5942,0.2556,0.5111,1.0,7155.0
2025-11-13,10:10,2.65,2.375,0.1038,27.5,0.3523,-1.0566,-1.0566,-7.4906,7182.5
2025-11-14,10:10,3.1,2.775,0.1048,32.5,0.6506,-1.1855,-1.1855,1.0,7215.0
2025-11-17,10:10,2.95,2.65,0.1017,30.0,0.3115,0.2712,0.5085,1.0,7245.0
2025-11-18,10:10,3.4,3.05,0.1029,35.0,0.6441,0.2574,0.5294,1.0,7280.0
2025-11-19,10:10,2.75,2.325,0.1545,42.5,0.6686,-1.0,-1.0,1.0,7322.5
2025-11-20,10:10,2.8,2.475,0.1161,32.5,0.2905,0.2589,-1.1786,-7.9464,7355.0
2025-11-21,10:10,3.3,2.85,0.1364,45.0,0.6624,0.2576,0.5152,1.0,7400.0
2025-11-24,10:10,2.75,2.4,0.1273,35.0,0.7386,0.3091,0.5091,1.0,7435.0
2025-11-25,10:10,2.75,2.45,0.1091,30.0,0.5464,0.2727,-1.1455,-6.6545,7465.0
2025-11-26,10:10,2.0,1.8,0.1,20.0,0.7416,0.25,0.5,1.0,7485.0
2025-11-28,10:10,2.15,1.9,0.1163,25.0,0.7076,0.2674,0.5233,1.0,7510.0
2025-12-01,10:10,2.25,2.0,0.1111,25.0,0.7066,0.3222,0.5,1.0,7535.0
2025-12-02,10:10,1.95,1.575,0.1923,37.5,0.7314,0.2564,-1.3333,1.0,7572.5
2025-12-03,10:10,2.25,2.025,0.1,22.5,0.7329,0.2667,0.5111,1.0,7595.0
2025-12-04,10:10,2.35,2.1,0.1064,25.0,0.7343,0.266,0.5213,1.0,7620.0
2025-12-05,10:10,2.05,1.8,0.122,25.0,0.7408,0.2805,0.5366,1.0,7645.0
2025-12-08,10:10,1.7,1.5,0.1176,20.0,0.6593,0.2647,0.5,1.0,7665.0
2025-12-09,10:10,1.65,1.45,0.1212,20.0,0.7,0.2727,0.5152,1.0,7685.0
2025-12-10,10:10,3.0,2.675,0.1083,32.5,0.6069,0.2833,-1.1083,1.0,7717.5
2025-12-11,10:10,2.15,1.9,0.1163,25.0,0.6597,0.2674,0.5233,0.3605,7742.5
2025-12-12,10:10,2.1,7.0,-2.3333,-490.0,0.6794,-2.3333,-2.3333,1.0,7252.5
2025-12-15,10:10,2.45,2.025,0.1735,42.5,0.7143,0.2857,0.5408,1.0,7295.0
2025-12-16,10:10,2.4,1.9,0.2083,50.0,0.6777,0.2708,0.5,1.0,7345.0
2025-12-17,10:10,2.5,2.225,0.11,27.5,0.6034,0.25,-1.08,-2.72,7372.5
2025-12-18,10:10,2.5,2.15,0.14,35.0,0.6837,0.25,0.5,1.0,7407.5
2025-12-19,10:10,2.4,2.15,0.1042,25.0,0.7399,0.2604,0.5,1.0,7432.5
2025-12-22,10:10,1.7,1.525,0.1029,17.5,0.7396,0.2794,0.5147,1.0,7450.0
2025-12-23,10:10,1.3,1.15,0.1154,15.0,0.7208,0.25,-1.8654,-2.5769,7465.0
2025-12-24,10:10,0.85,0.75,0.1176,10.0,0.6829,-1.0,-1.0,-1.1471,7475.0
2025-12-26,10:10,1.5,1.325,0.1167,17.5,0.7141,0.25,0.5167,1.0,7492.5
2025-12-29,10:10,1.65,1.45,0.1212,20.0,0.6845,0.2727,0.5,1.0,7512.5
2025-12-30,10:10,1.3,1.1,0.1538,20.0,0.6765,0.2885,0.5192,1.0,7532.5
2025-12-31,10:10,1.75,1.575,0.1,17.5,0.6351,0.2571,0.5143,1.0,7550.0
2026-01-02,10:10,2.0,4.375,-1.1875,-237.5,0.5633,-1.1875,-1.1875,1.0,7312.5
2026-01-05,10:10,1.75,1.525,0.1286,22.5,0.6409,0.2714,0.5,1.0,7335.0
2026-01-06,10:10,1.55,1.325,0.1452,22.5,0.6858,0.2742,0.5323,1.0,7357.5
2026-01-07,10:10,1.5,1.35,0.1,15.0,0.5255,0.25,0.5,1.0,7372.5
2026-01-08,10:10,1.85,1.65,0.1081,20.0,0.6444,0.2568,0.5,1.0,7392.5
2026-01-09,10:10,2.25,4.55,-1.0222,-230.0,0.6576,-1.0222,-1.0222,0.3222,7162.5
2026-01-12,10:10,1.6,1.425,0.1094,17.5,0.6359,0.2813,0.5,1.0,7180.0
2026-01-13,10:10,2.05,1.8,0.122,25.0,0.646,0.2683,0.5122,1.0,7205.0
2026-01-14,10:10,2.65,1.825,0.3113,82.5,0.6669,0.3113,0.5566,1.0,7287.5
2026-01-15,10:10,1.55,1.375,0.1129,17.5,0.6331,0.2581,0.5161,1.0,7305.0
2026-01-16,10:10,1.9,1.7,0.1053,20.0,0.6996,-1.0,-1.0,1.0,7325.0
2026-01-20,10:10,2.8,2.425,0.1339,37.5,0.3483,0.3036,0.5179,1.0,7362.5
2026-01-21,10:10,2.25,1.975,0.1222,27.5,0.6793,-1.1111,-1.1111,1.0,7390.0
2026-01-22,10:10,2.2,1.975,0.1023,22.5,0.6549,0.2841,0.5,1.0,7412.5
2026-01-23,10:10,1.85,1.575,0.1486,27.5,0.5963,0.2568,0.5,1.0,7440.0
2026-01-26,10:10,1.6,1.35,0.1563,25.0,0.6184,0.2813,0.5312,1.0,7465.0
2026-01-27,10:10,1.25,1.1,0.12,15.0,0.584,0.3,0.52,1.0,7480.0
2026-01-28,10:10,2.3,2.025,0.1196,27.5,0.65,0.2609,0.5978,1.0,7507.5
2026-01-29,10:10,3.0,2.625,0.125,37.5,0.6997,-1.0,-1.0,1.0,7545.0
2026-01-30,10:10,2.45,2.2,0.102,25.0,0.6467,0.2653,0.5102,1.0,7570.0
2026-02-02,10:10,2.0,1.8,0.1,20.0,0.69,0.2875,0.5125,1.0,7590.0
2026-02-03,10:10,2.05,1.7,0.1707,35.0,0.6296,0.2561,-1.3659,1.0,7625.0
2026-02-04,10:10,3.3,2.8,0.1515,50.0,0.645,0.2576,0.5227,1.0,7675.0
2026-02-05,10:10,3.85,3.4,0.1169,45.0,0.4619,0.2662,0.539,1.0,7720.0
2026-02-06,10:10,3.05,2.725,0.1066,32.5,0.6105,0.2869,-1.2705,-4.1393,7752.5
2026-02-09,10:10,2.35,1.925,0.1809,42.5,0.6683,0.2553,-1.0319,1.0,7795.0
2026-02-10,10:10,1.95,1.75,0.1026,20.0,0.6229,0.2692,0.5256,1.0,7815.0
2026-02-11,10:10,2.55,2.275,0.1078,27.5,0.6921,0.2941,0.5196,1.0,7842.5
2026-02-12,10:10,2.2,1.975,0.1023,22.5,0.433,0.2614,-1.1364,-10.3182,7865.0
2026-02-13,10:10,3.15,2.775,0.119,37.5,0.6631,0.2778,0.5317,1.0,7902.5
2026-02-17,10:10,3.15,2.775,0.119,37.5,0.6511,0.2698,-1.1032,1.0,7940.0
2026-02-18,10:10,2.65,2.225,0.1604,42.5,0.712,0.283,0.5,1.0,7982.5
2026-02-19,10:10,2.8,2.475,0.1161,32.5,0.6658,0.2679,0.5268,1.0,8015.0
2026-02-20,10:10,2.8,2.5,0.1071,30.0,0.7111,0.2679,0.5268,1.0,8045.0
2026-02-23,10:10,2.5,2.225,0.11,27.5,0.639,0.25,0.5,1.0,8072.5
2026-02-24,10:10,2.7,2.425,0.1019,27.5,0.6823,0.287,0.5093,1.0,8100.0
2026-02-25,10:10,2.1,1.8,0.1429,30.0,0.6053,0.3095,0.5238,1.0,8130.0
2026-02-26,10:10,2.4,5.125,-1.1354,-272.5,0.7016,-1.1354,-1.1354,1.0,7857.5
2026-02-27,10:10,2.65,2.375,0.1038,27.5,0.6502,0.2736,0.5094,1.0,7885.0
