trade_type,day,strategy,tp_level,entry_time,exit_time,exit_reason,credit,exit_debit,exit_slip,fees,pnl_per_share,qty,pnl_total,portfolio_after
REAL,2025-09-26,IC_40d_25w,tp45,2025-09-26 10:00:00,2025-09-26 13:06:00,tp,12.9,6.925,0.0,0.052,5.923000000000001,4,2369.2000000000003,12369.2
REAL,2025-09-26,IC_45d_25w,tp45,2025-09-26 13:06:00,2025-09-26 15:00:00,close_win,10.7,7.85,0.0,0.052,2.7979999999999996,4,1119.1999999999998,13488.4
REAL,2025-09-29,IC_40d_25w,tp30,2025-09-29 10:00:00,2025-09-29 14:23:00,tp,10.35,6.925,0.0,0.052,3.373,5,1686.4999999999998,15174.9
REAL,2025-09-29,IC_40d_25w,tp50,2025-09-29 14:23:00,2025-09-29 15:00:00,close_win,5.175,4.275,0.0,0.052,0.8479999999999994,6,508.7999999999996,15683.7
SHADOW,2025-09-30,IC_05d_25w,tp35,2025-09-30 10:00:00,2025-09-30 10:17:00,tp,0.85,0.55,0.0,0.052,0.0,0,0.0,15683.7
SHADOW,2025-09-30,IC_05d_25w,tp15,2025-09-30 10:17:00,2025-09-30 10:46:00,tp,0.8,0.6,0.0,0.052,0.0,0,0.0,15683.7
SHADOW,2025-09-30,IC_05d_25w,tp15,2025-09-30 10:46:00,2025-09-30 11:23:00,tp,0.725,0.6,0.0,0.052,0.0,0,0.0,15683.7
SHADOW,2025-09-30,IC_05d_25w,tp15,2025-09-30 11:23:00,2025-09-30 12:03:00,tp,0.8,0.675,0.0,0.052,0.0,0,0.0,15683.7
SHADOW,2025-09-30,IC_05d_25w,tp15,2025-09-30 12:03:00,2025-09-30 12:16:00,tp,0.65,0.55,0.0,0.052,0.0,0,0.0,15683.7
SHADOW,2025-09-30,IC_05d_25w,tp15,2025-09-30 12:16:00,2025-09-30 12:22:00,sl,0.75,1.625,0.0,0.052,0.0,0,0.0,15683.7
SHADOW,2025-10-01,IC_05d_25w,tp35,2025-10-01 10:00:00,2025-10-01 10:17:00,tp,0.725,0.45,0.0,0.052,0.0,0,0.0,15683.7
SHADOW,2025-10-01,IC_05d_25w,tp35,2025-10-01 10:17:00,2025-10-01 11:38:00,sl,0.7,1.5,0.0,0.052,0.0,0,0.0,15683.7
REAL,2025-10-02,IC_40d_25w,tp30,2025-10-02 10:00:00,2025-10-02 13:28:00,tp,11.45,7.725,0.0,0.052,3.673,6,2203.7999999999997,17887.5
SHADOW,2025-10-02,IC_05d_25w,tp10,2025-10-02 13:28:00,2025-10-02 13:31:00,tp,0.5,0.45,0.0,0.052,0.0,0,0.0,17887.5
SHADOW,2025-10-02,IC_05d_25w,tp10,2025-10-02 13:31:00,2025-10-02 13:32:00,tp,0.45,0.4,0.0,0.052,0.0,0,0.0,17887.5
SHADOW,2025-10-02,IC_05d_25w,tp10,2025-10-02 13:32:00,2025-10-02 13:55:00,tp,0.4,0.35,0.0,0.052,0.0,0,0.0,17887.5
SHADOW,2025-10-02,IC_05d_25w,tp10,2025-10-02 13:55:00,2025-10-02 14:02:00,tp,0.3,0.25,0.0,0.052,0.0,0,0.0,17887.5
SHADOW,2025-10-02,IC_05d_25w,tp10,2025-10-02 14:02:00,2025-10-02 14:06:00,tp,0.35,0.3,0.0,0.052,0.0,0,0.0,17887.5
SHADOW,2025-10-02,IC_05d_25w,tp10,2025-10-02 14:06:00,2025-10-02 14:45:00,tp,0.3,0.25,0.0,0.052,0.0,0,0.0,17887.5
REAL,2025-10-02,IC_40d_25w,tp50,2025-10-02 14:45:00,2025-10-02 15:00:00,close_win,5.6,5.35,0.0,0.052,0.198,7,138.6,18026.1
REAL,2025-10-06,IC_40d_25w,tp30,2025-10-06 10:00:00,2025-10-06 15:00:00,close_loss,10.675,15.375,0.0,0.052,-4.751999999999999,7,-3326.399999999999,14699.7
SHADOW,2025-10-07,IC_05d_25w,tp35,2025-10-07 10:00:00,2025-10-07 11:06:00,sl,0.6,1.425,0.0,0.052,0.0,0,0.0,14699.7
REAL,2025-10-08,IC_35d_25w,tp35,2025-10-08 10:00:00,2025-10-08 15:00:00,close_loss,9.9,12.625,0.0,0.052,-2.7769999999999997,5,-1388.5,13311.2
SHADOW,2025-10-10,IC_05d_25w,tp30,2025-10-10 10:58:00,2025-10-10 10:59:00,sl,0.525,1.6,0.0,0.052,0.0,0,0.0,13311.2
REAL,2025-10-13,IC_45d_25w,tp35,2025-10-13 10:00:00,2025-10-13 13:38:00,tp,16.4,10.525,0.0,0.052,5.822999999999999,5,2911.499999999999,16222.699999999995
REAL,2025-10-13,IC_35d_25w,tp35,2025-10-13 13:38:00,2025-10-13 14:41:00,tp,8.575,5.55,0.0,0.052,2.9729999999999994,6,1783.7999999999995,18006.499999999996
SHADOW,2025-10-13,IC_05d_25w,tp35,2025-10-13 14:41:00,2025-10-13 14:55:00,sl,0.55,1.125,0.0,0.052,0.0,0,0.0,18006.499999999996
SHADOW,2025-10-15,IC_05d_25w,tp15,2025-10-15 10:00:00,2025-10-15 10:34:00,tp,0.95,0.775,0.0,0.052,0.0,0,0.0,18006.499999999996
SHADOW,2025-10-15,IC_05d_25w,tp35,2025-10-15 10:34:00,2025-10-15 11:14:00,tp,0.725,0.45,0.0,0.052,0.0,0,0.0,18006.499999999996
SHADOW,2025-10-15,IC_05d_25w,tp10,2025-10-15 11:14:00,2025-10-15 11:44:00,sl,0.75,1.575,0.0,0.052,0.0,0,0.0,18006.499999999996
SHADOW,2025-10-16,IC_05d_25w,tp15,2025-10-16 10:41:00,2025-10-16 11:01:00,tp,1.05,0.85,0.0,0.052,0.0,0,0.0,18006.499999999996
SHADOW,2025-10-16,IC_05d_25w,tp45,2025-10-16 11:45:00,2025-10-16 12:33:00,sl,1.2,2.825,0.0,0.052,0.0,0,0.0,18006.499999999996
SHADOW,2025-10-17,IC_05d_25w,tp35,2025-10-17 10:00:00,2025-10-17 10:46:00,tp,1.6,1.0,0.0,0.052,0.0,0,0.0,18006.499999999996
SHADOW,2025-10-17,IC_05d_25w,tp35,2025-10-17 10:46:00,2025-10-17 11:40:00,tp,1.55,0.975,0.0,0.052,0.0,0,0.0,18006.499999999996
SHADOW,2025-10-17,IC_05d_25w,tp35,2025-10-17 11:40:00,2025-10-17 12:45:00,tp,1.275,0.8,0.0,0.052,0.0,0,0.0,18006.499999999996
SHADOW,2025-10-17,IC_05d_25w,tp35,2025-10-17 12:45:00,2025-10-17 13:21:00,tp,1.025,0.625,0.0,0.052,0.0,0,0.0,18006.499999999996
SHADOW,2025-10-17,IC_05d_25w,tp35,2025-10-17 13:21:00,2025-10-17 13:41:00,tp,1.15,0.725,0.0,0.052,0.0,0,0.0,18006.499999999996
SHADOW,2025-10-17,IC_05d_25w,tp35,2025-10-17 13:41:00,2025-10-17 14:20:00,sl,0.95,2.45,0.0,0.052,0.0,0,0.0,18006.499999999996
REAL,2025-10-20,IC_15d_25w,tp35,2025-10-20 10:00:00,2025-10-20 10:56:00,sl,3.275,6.925,0.0,0.052,-3.702,7,-2591.4,15415.099999999997
REAL,2025-10-21,IC_45d_25w,tp30,2025-10-21 10:00:00,2025-10-21 15:00:00,close_win,15.5,12.525,0.0,0.052,2.9229999999999996,6,1753.7999999999995,17168.899999999998
SHADOW,2025-10-23,IC_05d_25w,tp35,2025-10-23 10:00:00,2025-10-23 10:46:00,tp,0.975,0.625,0.0,0.052,0.0,0,0.0,17168.899999999998
SHADOW,2025-10-23,IC_05d_25w,tp35,2025-10-23 10:46:00,2025-10-23 11:30:00,tp,0.825,0.525,0.0,0.052,0.0,0,0.0,17168.899999999998
SHADOW,2025-10-23,IC_05d_25w,tp35,2025-10-23 11:30:00,2025-10-23 12:29:00,tp,0.725,0.45,0.0,0.052,0.0,0,0.0,17168.899999999998
SHADOW,2025-10-23,IC_05d_25w,tp30,2025-10-23 12:29:00,2025-10-23 13:00:00,tp,0.6,0.4,0.0,0.052,0.0,0,0.0,17168.899999999998
SHADOW,2025-10-23,IC_05d_25w,tp35,2025-10-23 13:00:00,2025-10-23 15:00:00,close_win,0.6,0.55,0.0,0.052,0.0,0,0.0,17168.899999999998
REAL,2025-10-24,IC_45d_25w,tp35,2025-10-24 10:00:00,2025-10-24 13:07:00,tp,13.2,8.5,0.0,0.052,4.648,6,2788.7999999999997,19957.699999999997
REAL,2025-10-24,IC_40d_25w,tp50,2025-10-24 13:07:00,2025-10-24 14:46:00,tp,6.9,3.225,0.0,0.052,3.623,7,2536.1,22493.799999999996
SHADOW,2025-10-24,IC_05d_25w,tp50,2025-10-24 14:46:00,2025-10-24 15:00:00,close_win,0.25,0.2,0.0,0.052,0.0,0,0.0,22493.799999999996
REAL,2025-10-27,IC_35d_25w,tp35,2025-10-27 10:00:00,2025-10-27 11:54:00,tp,8.65,5.6,0.0,0.052,2.9980000000000007,8,2398.4000000000005,24892.199999999997
REAL,2025-10-27,IC_25d_25w,tp30,2025-10-27 11:54:00,2025-10-27 13:18:00,tp,3.35,2.3,0.0,0.052,0.9980000000000002,9,898.2000000000003,25790.4
SHADOW,2025-10-27,IC_05d_25w,tp35,2025-10-27 13:18:00,2025-10-27 14:08:00,tp,0.375,0.225,0.0,0.052,0.0,0,0.0,25790.4
SHADOW,2025-10-27,IC_05d_25w,tp45,2025-10-27 14:08:00,2025-10-27 14:29:00,tp,0.375,0.2,0.0,0.052,0.0,0,0.0,25790.4
SHADOW,2025-10-27,IC_05d_25w,tp45,2025-10-27 14:29:00,2025-10-27 15:00:00,close_loss,0.25,0.25,0.0,0.052,0.0,0,0.0,25790.4
SHADOW,2025-10-31,IC_05d_25w,tp30,2025-10-31 10:00:00,2025-10-31 10:25:00,tp,1.175,0.8,0.0,0.052,0.0,0,0.0,25790.4
SHADOW,2025-10-31,IC_05d_25w,tp30,2025-10-31 10:25:00,2025-10-31 11:27:00,tp,1.075,0.725,0.0,0.052,0.0,0,0.0,25790.4
REAL,2025-10-31,IC_40d_25w,tp50,2025-10-31 11:37:00,2025-10-31 15:00:00,close_win,12.575,8.75,0.0,0.052,3.7729999999999992,10,3772.999999999999,29563.4
REAL,2025-11-03,IC_35d_25w,tp30,2025-11-03 10:00:00,2025-11-03 11:29:00,tp,12.025,8.4,0.0,0.052,3.573,11,3930.3,33493.7
REAL,2025-11-03,IC_40d_25w,tp30,2025-11-03 11:29:00,2025-11-03 14:18:00,tp,12.525,8.55,0.0,0.052,3.923,13,5099.9,38593.6
SHADOW,2025-11-03,IC_05d_25w,tp45,2025-11-03 14:18:00,2025-11-03 14:41:00,tp,0.55,0.3,0.0,0.052,0.0,0,0.0,38593.6
SHADOW,2025-11-03,IC_05d_25w,tp40,2025-11-03 14:41:00,2025-11-03 15:00:00,close_win,0.375,0.25,0.0,0.052,0.0,0,0.0,38593.6
REAL,2025-11-04,IC_40d_25w,tp35,2025-11-04 10:00:00,2025-11-04 15:00:00,close_loss,13.95,19.85,0.0,0.052,-5.952000000000002,15,-8928.000000000002,29665.6
REAL,2025-11-05,IC_15d_25w,tp35,2025-11-05 10:00:00,2025-11-05 10:51:00,tp,3.9,2.525,0.0,0.052,1.323,11,1455.2999999999995,31120.9
SHADOW,2025-11-05,IC_05d_25w,tp35,2025-11-05 10:51:00,2025-11-05 11:25:00,tp,1.0,0.65,0.0,0.052,0.0,0,0.0,31120.9
SHADOW,2025-11-05,IC_05d_25w,tp35,2025-11-05 11:25:00,2025-11-05 11:55:00,sl,0.9,1.8,0.0,0.052,0.0,0,0.0,31120.9
SHADOW,2025-11-06,IC_05d_25w,tp45,2025-11-06 10:00:00,2025-11-06 11:57:00,sl,1.15,2.625,0.0,0.052,0.0,0,0.0,31120.9
SHADOW,2025-11-10,IC_05d_25w,tp15,2025-11-10 10:00:00,2025-11-10 10:04:00,tp,0.85,0.7,0.0,0.052,0.0,0,0.0,31120.9
SHADOW,2025-11-10,IC_05d_25w,tp15,2025-11-10 10:04:00,2025-11-10 10:12:00,tp,0.75,0.625,0.0,0.052,0.0,0,0.0,31120.9
SHADOW,2025-11-10,IC_05d_25w,tp15,2025-11-10 10:12:00,2025-11-10 10:34:00,tp,0.725,0.6,0.0,0.052,0.0,0,0.0,31120.9
SHADOW,2025-11-10,IC_05d_25w,tp15,2025-11-10 10:44:00,2025-11-10 11:57:00,tp,0.9,0.75,0.0,0.052,0.0,0,0.0,31120.9
SHADOW,2025-11-10,IC_05d_25w,tp40,2025-11-10 11:57:00,2025-11-10 12:52:00,sl,0.8,1.6,0.0,0.052,0.0,0,0.0,31120.9
REAL,2025-11-11,IC_10d_25w,tp35,2025-11-11 10:00:00,2025-11-11 11:19:00,tp,1.8,1.05,0.0,0.052,0.698,12,837.5999999999999,31958.499999999996
REAL,2025-11-11,IC_35d_25w,tp35,2025-11-11 11:19:00,2025-11-11 13:20:00,sl,8.45,17.0,0.0,0.052,-8.602,12,-10322.4,21636.099999999995
SHADOW,2025-11-14,IC_05d_25w,tp25,2025-11-14 10:00:00,2025-11-14 11:25:00,sl,1.35,2.725,0.0,0.052,0.0,0,0.0,21636.099999999995
SHADOW,2025-11-17,IC_05d_25w,tp15,2025-11-17 10:07:00,2025-11-17 10:29:00,tp,1.225,1.025,0.0,0.052,0.0,0,0.0,21636.099999999995
SHADOW,2025-11-17,IC_05d_25w,tp15,2025-11-17 10:34:00,2025-11-17 10:51:00,tp,1.4,1.1,0.0,0.052,0.0,0,0.0,21636.099999999995
SHADOW,2025-11-17,IC_05d_25w,tp30,2025-11-17 11:02:00,2025-11-17 11:39:00,tp,1.2,0.8,0.0,0.052,0.0,0,0.0,21636.099999999995
SHADOW,2025-11-17,IC_05d_25w,tp30,2025-11-17 12:59:00,2025-11-17 13:43:00,tp,0.95,0.65,0.0,0.052,0.0,0,0.0,21636.099999999995
SHADOW,2025-11-17,IC_05d_25w,tp40,2025-11-17 13:43:00,2025-11-17 14:03:00,sl,0.85,1.9,0.0,0.052,0.0,0,0.0,21636.099999999995
REAL,2025-11-18,IC_30d_25w,tp35,2025-11-18 10:00:00,2025-11-18 15:00:00,close_loss,12.05,17.75,0.0,0.052,-5.751999999999999,8,-4601.599999999999,17034.499999999996
SHADOW,2025-11-20,IC_05d_25w,tp15,2025-11-20 10:00:00,2025-11-20 10:18:00,tp,1.075,0.85,0.0,0.052,0.0,0,0.0,17034.499999999996
SHADOW,2025-11-20,IC_05d_25w,tp15,2025-11-20 10:18:00,2025-11-20 10:52:00,tp,1.1,0.925,0.0,0.052,0.0,0,0.0,17034.499999999996
SHADOW,2025-11-20,IC_05d_25w,tp30,2025-11-20 10:52:00,2025-11-20 11:16:00,sl,1.0,2.125,0.0,0.052,0.0,0,0.0,17034.499999999996
SHADOW,2025-11-21,IC_05d_25w,tp30,2025-11-21 10:00:00,2025-11-21 10:47:00,tp,1.45,0.95,0.0,0.052,0.0,0,0.0,17034.499999999996
SHADOW,2025-11-21,IC_05d_25w,tp30,2025-11-21 10:47:00,2025-11-21 11:58:00,sl,1.5,3.6,0.0,0.052,0.0,0,0.0,17034.499999999996
SHADOW,2025-11-24,IC_05d_25w,tp15,2025-11-24 10:00:00,2025-11-24 10:25:00,tp,1.325,1.075,0.0,0.052,0.0,0,0.0,17034.499999999996
SHADOW,2025-11-24,IC_05d_25w,tp15,2025-11-24 10:27:00,2025-11-24 10:53:00,tp,1.275,1.0,0.0,0.052,0.0,0,0.0,17034.499999999996
SHADOW,2025-11-24,IC_05d_25w,tp35,2025-11-24 10:53:00,2025-11-24 12:10:00,tp,0.95,0.6,0.0,0.052,0.0,0,0.0,17034.499999999996
SHADOW,2025-11-24,IC_05d_25w,tp30,2025-11-24 12:10:00,2025-11-24 12:41:00,sl,0.75,1.65,0.0,0.052,0.0,0,0.0,17034.499999999996
SHADOW,2025-11-25,IC_05d_25w,tp25,2025-11-25 10:00:00,2025-11-25 10:52:00,tp,1.225,0.9,0.0,0.052,0.0,0,0.0,17034.499999999996
SHADOW,2025-11-25,IC_05d_25w,tp30,2025-11-25 10:52:00,2025-11-25 11:46:00,tp,1.05,0.7,0.0,0.052,0.0,0,0.0,17034.499999999996
SHADOW,2025-11-25,IC_05d_25w,tp25,2025-11-25 11:46:00,2025-11-25 12:10:00,sl,0.9,1.85,0.0,0.052,0.0,0,0.0,17034.499999999996
REAL,2025-11-26,IC_20d_25w,tp35,2025-11-26 10:00:00,2025-11-26 11:39:00,sl,5.0,10.075,0.0,0.052,-5.126999999999999,6,-3076.2,13958.299999999996
SHADOW,2025-11-28,IC_05d_25w,tp30,2025-11-28 10:00:00,2025-11-28 10:12:00,tp,0.925,0.6,0.0,0.052,0.0,0,0.0,13958.299999999996
REAL,2025-11-28,IC_35d_25w,tp30,2025-11-28 10:12:00,2025-11-28 11:28:00,tp,9.125,6.125,0.0,0.052,2.948,5,1474.0,15432.299999999996
SHADOW,2025-11-28,IC_05d_25w,tp30,2025-11-28 11:28:00,2025-11-28 12:21:00,tp,0.675,0.45,0.0,0.052,0.0,0,0.0,15432.299999999996
REAL,2025-11-28,IC_15d_25w,tp30,2025-11-28 12:21:00,2025-11-28 12:39:00,tp,1.7,1.175,0.0,0.052,0.4729999999999999,6,283.79999999999995,15716.099999999997
REAL,2025-11-28,IC_15d_25w,tp30,2025-11-28 12:39:00,2025-11-28 12:44:00,tp,1.775,1.225,0.0,0.052,0.4979999999999998,6,298.7999999999999,16014.899999999994
REAL,2025-11-28,IC_15d_25w,tp15,2025-11-28 12:44:00,2025-11-28 12:46:00,tp,1.95,1.5,0.0,0.052,0.3979999999999999,6,238.8,16253.699999999992
REAL,2025-11-28,IC_25d_25w,tp15,2025-11-28 12:46:00,2025-11-28 12:48:00,tp,3.475,2.9,0.0,0.052,0.5230000000000001,6,313.80000000000007,16567.499999999993
REAL,2025-11-28,IC_25d_25w,tp15,2025-11-28 12:48:00,2025-11-28 12:50:00,tp,2.85,2.35,0.0,0.052,0.448,6,268.8,16836.299999999992
REAL,2025-11-28,IC_25d_25w,tp15,2025-11-28 12:50:00,2025-11-28 12:55:00,tp,3.5,2.725,0.0,0.052,0.7229999999999999,6,433.7999999999999,17270.09999999999
REAL,2025-12-01,IC_45d_25w,tp25,2025-12-01 10:00:00,2025-12-01 12:00:00,tp,14.925,11.1,0.0,0.052,3.773000000000001,6,2263.8000000000006,19533.89999999999
REAL,2025-12-01,IC_35d_25w,tp25,2025-12-01 12:00:00,2025-12-01 13:21:00,tp,9.125,6.6,0.0,0.052,2.4730000000000003,7,1731.1000000000004,21264.999999999993
REAL,2025-12-01,IC_35d_25w,tp25,2025-12-01 13:21:00,2025-12-01 14:32:00,sl,5.75,11.8,0.0,0.052,-6.102,8,-4881.6,16383.399999999992
SHADOW,2025-12-02,IC_05d_25w,tp30,2025-12-02 10:00:00,2025-12-02 10:28:00,tp,1.05,0.725,0.0,0.052,0.0,0,0.0,16383.399999999992
SHADOW,2025-12-02,IC_05d_25w,tp35,2025-12-02 10:28:00,2025-12-02 11:08:00,tp,1.025,0.65,0.0,0.052,0.0,0,0.0,16383.399999999992
SHADOW,2025-12-02,IC_05d_25w,tp30,2025-12-02 11:08:00,2025-12-02 11:22:00,sl,0.8,1.675,0.0,0.052,0.0,0,0.0,16383.399999999992
REAL,2025-12-03,IC_35d_25w,tp35,2025-12-03 10:00:00,2025-12-03 15:00:00,close_loss,12.025,21.6,0.0,0.052,-9.627,6,-5776.200000000001,10607.199999999992
REAL,2025-12-04,IC_40d_25w,tp30,2025-12-04 10:00:00,2025-12-04 12:08:00,tp,13.575,9.325,0.0,0.052,4.198,4,1679.2000000000005,12286.399999999992
REAL,2025-12-04,IC_45d_25w,tp35,2025-12-04 12:08:00,2025-12-04 13:58:00,tp,12.85,8.3,0.0,0.052,4.497999999999999,4,1799.1999999999998,14085.599999999991
SHADOW,2025-12-04,IC_05d_25w,tp10,2025-12-04 13:58:00,2025-12-04 14:00:00,tp,0.4,0.35,0.0,0.052,0.0,0,0.0,14085.599999999991
SHADOW,2025-12-04,IC_05d_25w,tp40,2025-12-04 14:00:00,2025-12-04 14:20:00,sl,0.55,1.65,0.0,0.052,0.0,0,0.0,14085.599999999991
SHADOW,2025-12-08,IC_05d_25w,tp35,2025-12-08 10:00:00,2025-12-08 12:09:00,tp,0.875,0.55,0.0,0.052,0.0,0,0.0,14085.599999999991
SHADOW,2025-12-08,IC_05d_25w,tp35,2025-12-08 12:09:00,2025-12-08 13:04:00,tp,0.7,0.4,0.0,0.052,0.0,0,0.0,14085.599999999991
SHADOW,2025-12-08,IC_05d_25w,tp35,2025-12-08 13:04:00,2025-12-08 13:26:00,tp,0.625,0.4,0.0,0.052,0.0,0,0.0,14085.599999999991
SHADOW,2025-12-08,IC_05d_25w,tp35,2025-12-08 13:26:00,2025-12-08 13:57:00,sl,0.65,1.3,0.0,0.052,0.0,0,0.0,14085.599999999991
SHADOW,2025-12-12,IC_05d_25w,tp25,2025-12-12 10:15:00,2025-12-12 10:30:00,sl,1.0,2.1,0.0,0.052,0.0,0,0.0,14085.599999999991
REAL,2025-12-15,IC_20d_25w,tp25,2025-12-15 10:00:00,2025-12-15 11:16:00,tp,5.4,4.025,0.0,0.052,1.323,5,661.4999999999999,14747.099999999991
SHADOW,2025-12-15,IC_05d_25w,tp30,2025-12-15 11:16:00,2025-12-15 11:31:00,tp,1.0,0.65,0.0,0.052,0.0,0,0.0,14747.099999999991
SHADOW,2025-12-15,IC_05d_25w,tp30,2025-12-15 11:31:00,2025-12-15 11:37:00,sl,0.95,2.15,0.0,0.052,0.0,0,0.0,14747.099999999991
REAL,2025-12-16,IC_45d_25w,tp35,2025-12-16 10:00:00,2025-12-16 15:00:00,close_loss,15.4,17.6,0.0,0.052,-2.252000000000001,5,-1126.0000000000005,13621.099999999991
SHADOW,2025-12-17,IC_05d_25w,tp10,2025-12-17 10:35:00,2025-12-17 10:53:00,sl,1.075,2.825,0.0,0.052,0.0,0,0.0,13621.099999999991
REAL,2025-12-19,IC_45d_25w,tp30,2025-12-19 10:00:00,2025-12-19 13:01:00,tp,15.375,10.625,0.0,0.052,4.698,5,2349.0000000000005,15970.099999999991
REAL,2025-12-19,IC_40d_25w,tp30,2025-12-19 13:01:00,2025-12-19 14:06:00,tp,7.725,5.325,0.0,0.052,2.3479999999999994,6,1408.7999999999995,17378.89999999999
SHADOW,2025-12-19,IC_05d_25w,tp30,2025-12-19 14:06:00,2025-12-19 14:32:00,tp,0.375,0.25,0.0,0.052,0.0,0,0.0,17378.89999999999
SHADOW,2025-12-19,IC_05d_25w,tp50,2025-12-19 14:32:00,2025-12-19 15:00:00,close_win,0.3,0.3,0.0,0.052,0.0,0,0.0,17378.89999999999
REAL,2025-12-22,IC_45d_25w,tp35,2025-12-22 10:00:00,2025-12-22 13:47:00,tp,12.75,8.225,0.0,0.052,4.473000000000001,6,2683.8,20062.69999999999
SHADOW,2025-12-22,IC_05d_25w,tp15,2025-12-22 13:47:00,2025-12-22 13:57:00,tp,0.25,0.2,0.0,0.052,0.0,0,0.0,20062.69999999999
SHADOW,2025-12-22,IC_05d_25w,tp15,2025-12-22 13:57:00,2025-12-22 14:30:00,tp,0.3,0.25,0.0,0.052,0.0,0,0.0,20062.69999999999
REAL,2025-12-22,IC_10d_25w,tp50,2025-12-22 14:30:00,2025-12-22 15:00:00,close_win,0.75,0.45,0.0,0.052,0.248,8,198.4,20261.09999999999
REAL,2025-12-23,IC_40d_25w,tp15,2025-12-23 10:00:00,2025-12-23 10:27:00,tp,8.175,6.875,0.0,0.052,1.2480000000000009,8,998.4000000000004,21259.499999999993
REAL,2025-12-23,IC_40d_25w,tp15,2025-12-23 10:27:00,2025-12-23 14:12:00,sl,10.225,20.475,0.0,0.052,-10.302,8,-8241.6,13017.899999999992
SHADOW,2025-12-24,IC_05d_25w,tp35,2025-12-24 10:00:00,2025-12-24 10:24:00,tp,0.375,0.2,0.0,0.052,0.0,0,0.0,13017.899999999992
SHADOW,2025-12-24,IC_05d_25w,tp35,2025-12-24 10:24:00,2025-12-24 10:53:00,tp,0.35,0.225,0.0,0.052,0.0,0,0.0,13017.899999999992
SHADOW,2025-12-24,IC_05d_25w,tp35,2025-12-24 10:53:00,2025-12-24 11:36:00,sl,0.3,0.6,0.0,0.052,0.0,0,0.0,13017.899999999992
REAL,2025-12-26,IC_45d_25w,tp30,2025-12-26 10:00:00,2025-12-26 13:41:00,tp,10.9,7.425,0.0,0.052,3.4230000000000005,5,1711.5000000000005,14729.399999999992
SHADOW,2025-12-26,IC_05d_25w,tp15,2025-12-26 13:41:00,2025-12-26 13:48:00,tp,0.35,0.275,0.0,0.052,0.0,0,0.0,14729.399999999992
SHADOW,2025-12-26,IC_05d_25w,tp15,2025-12-26 13:48:00,2025-12-26 14:16:00,tp,0.275,0.2,0.0,0.052,0.0,0,0.0,14729.399999999992
REAL,2025-12-26,IC_35d_25w,tp40,2025-12-26 14:16:00,2025-12-26 14:44:00,tp,2.275,1.35,0.0,0.052,0.8729999999999998,5,436.4999999999999,15165.899999999992
REAL,2025-12-26,IC_35d_25w,tp40,2025-12-26 14:44:00,2025-12-26 15:00:00,close_win,1.35,1.15,0.0,0.052,0.1480000000000002,6,88.80000000000011,15254.699999999992
REAL,2025-12-29,IC_45d_25w,tp30,2025-12-29 10:00:00,2025-12-29 11:29:00,tp,13.775,9.6,0.0,0.052,4.123000000000001,6,2473.8000000000006,17728.499999999993
REAL,2025-12-29,IC_45d_25w,tp25,2025-12-29 11:29:00,2025-12-29 12:47:00,tp,10.075,7.225,0.0,0.052,2.7979999999999996,7,1958.5999999999997,19687.09999999999
REAL,2025-12-29,IC_45d_25w,tp25,2025-12-29 12:47:00,2025-12-29 14:53:00,sl,7.425,15.075,0.0,0.052,-7.701999999999999,7,-5391.4,14295.699999999992
REAL,2025-12-30,IC_45d_25w,tp30,2025-12-30 10:00:00,2025-12-30 11:36:00,tp,12.05,8.4,0.0,0.052,3.5980000000000003,5,1799.0,16094.699999999992
REAL,2025-12-30,IC_45d_25w,tp25,2025-12-30 11:36:00,2025-12-30 13:25:00,tp,8.4,6.275,0.0,0.052,2.073,6,1243.8,17338.499999999993
SHADOW,2025-12-30,IC_05d_25w,tp25,2025-12-30 13:25:00,2025-12-30 14:07:00,tp,0.425,0.3,0.0,0.052,0.0,0,0.0,17338.499999999993
SHADOW,2025-12-30,IC_05d_25w,tp50,2025-12-30 14:07:00,2025-12-30 14:16:00,tp,0.4,0.2,0.0,0.052,0.0,0,0.0,17338.499999999993
SHADOW,2025-12-30,IC_05d_25w,tp50,2025-12-30 14:16:00,2025-12-30 14:41:00,tp,0.25,0.1,0.0,0.052,0.0,0,0.0,17338.499999999993
SHADOW,2025-12-30,IC_05d_25w,tp50,2025-12-30 14:41:00,2025-12-30 14:53:00,sl,0.2,0.4,0.0,0.052,0.0,0,0.0,17338.499999999993
REAL,2025-12-31,IC_20d_25w,tp35,2025-12-31 10:00:00,2025-12-31 11:50:00,tp,4.35,2.825,0.0,0.052,1.4729999999999994,6,883.7999999999997,18222.299999999992
SHADOW,2025-12-31,IC_05d_25w,tp15,2025-12-31 11:50:00,2025-12-31 11:55:00,tp,0.65,0.55,0.0,0.052,0.0,0,0.0,18222.299999999992
SHADOW,2025-12-31,IC_05d_25w,tp15,2025-12-31 11:55:00,2025-12-31 12:18:00,tp,0.625,0.5,0.0,0.052,0.0,0,0.0,18222.299999999992
SHADOW,2025-12-31,IC_05d_25w,tp25,2025-12-31 12:18:00,2025-12-31 13:05:00,tp,0.5,0.35,0.0,0.052,0.0,0,0.0,18222.299999999992
REAL,2025-12-31,IC_45d_25w,tp35,2025-12-31 13:05:00,2025-12-31 15:00:00,close_loss,9.5,10.1,0.0,0.052,-0.6519999999999997,7,-456.3999999999998,17765.89999999999
SHADOW,2026-01-02,IC_05d_25w,tp35,2026-01-02 10:00:00,2026-01-02 10:16:00,sl,0.725,1.6,0.0,0.052,0.0,0,0.0,17765.89999999999
REAL,2026-01-05,IC_45d_25w,tp30,2026-01-05 10:00:00,2026-01-05 14:36:00,tp,13.45,8.875,0.0,0.052,4.523,7,3166.0999999999995,20931.99999999999
SHADOW,2026-01-05,IC_05d_25w,tp50,2026-01-05 14:36:00,2026-01-05 14:43:00,sl,0.3,0.6,0.0,0.052,0.0,0,0.0,20931.99999999999
SHADOW,2026-01-06,IC_05d_25w,tp35,2026-01-06 10:00:00,2026-01-06 10:42:00,tp,0.6,0.375,0.0,0.052,0.0,0,0.0,20931.99999999999
SHADOW,2026-01-06,IC_05d_25w,tp25,2026-01-06 10:42:00,2026-01-06 11:18:00,tp,0.675,0.475,0.0,0.052,0.0,0,0.0,20931.99999999999
SHADOW,2026-01-06,IC_05d_25w,tp35,2026-01-06 11:18:00,2026-01-06 12:24:00,sl,0.675,1.4,0.0,0.052,0.0,0,0.0,20931.99999999999
SHADOW,2026-01-07,IC_05d_25w,tp35,2026-01-07 10:00:00,2026-01-07 10:07:00,tp,0.7,0.45,0.0,0.052,0.0,0,0.0,20931.99999999999
SHADOW,2026-01-07,IC_05d_25w,tp35,2026-01-07 10:07:00,2026-01-07 10:33:00,tp,0.8,0.5,0.0,0.052,0.0,0,0.0,20931.99999999999
SHADOW,2026-01-07,IC_05d_25w,tp45,2026-01-07 10:33:00,2026-01-07 11:23:00,tp,0.6,0.325,0.0,0.052,0.0,0,0.0,20931.99999999999
REAL,2026-01-07,IC_30d_25w,tp10,2026-01-07 11:23:00,2026-01-07 11:41:00,tp,5.1,4.525,0.0,0.052,0.5229999999999992,8,418.3999999999994,21350.399999999987
REAL,2026-01-07,IC_45d_25w,tp40,2026-01-07 11:41:00,2026-01-07 15:00:00,close_win,8.8,7.825,0.0,0.052,0.9230000000000004,8,738.4000000000004,22088.79999999999
REAL,2026-01-08,IC_45d_25w,tp30,2026-01-08 10:00:00,2026-01-08 14:11:00,tp,15.425,10.325,0.0,0.052,5.048000000000002,8,4038.4000000000015,26127.19999999999
SHADOW,2026-01-08,IC_05d_25w,tp30,2026-01-08 14:11:00,2026-01-08 14:25:00,tp,0.45,0.3,0.0,0.052,0.0,0,0.0,26127.19999999999
SHADOW,2026-01-08,IC_05d_25w,tp35,2026-01-08 14:25:00,2026-01-08 14:41:00,tp,0.65,0.4,0.0,0.052,0.0,0,0.0,26127.19999999999
REAL,2026-01-08,IC_10d_25w,tp35,2026-01-08 14:41:00,2026-01-08 15:00:00,close_win,1.0,0.775,0.0,0.052,0.173,10,172.99999999999997,26300.19999999999
REAL,2026-01-12,IC_45d_25w,tp25,2026-01-12 10:00:00,2026-01-12 12:18:00,tp,12.375,9.175,0.0,0.052,3.1479999999999992,10,3147.999999999999,29448.19999999999
SHADOW,2026-01-12,IC_05d_25w,tp25,2026-01-12 12:18:00,2026-01-12 12:45:00,tp,0.4,0.3,0.0,0.052,0.0,0,0.0,29448.19999999999
SHADOW,2026-01-12,IC_05d_25w,tp25,2026-01-12 12:45:00,2026-01-12 13:08:00,tp,0.35,0.25,0.0,0.052,0.0,0,0.0,29448.19999999999
SHADOW,2026-01-12,IC_05d_25w,tp25,2026-01-12 13:08:00,2026-01-12 13:34:00,tp,0.425,0.3,0.0,0.052,0.0,0,0.0,29448.19999999999
SHADOW,2026-01-12,IC_05d_25w,tp25,2026-01-12 13:34:00,2026-01-12 14:32:00,sl,0.3,0.725,0.0,0.052,0.0,0,0.0,29448.19999999999
REAL,2026-01-13,IC_40d_25w,tp30,2026-01-13 10:00:00,2026-01-13 11:35:00,tp,11.875,8.2,0.0,0.052,3.6230000000000007,11,3985.3000000000006,33433.49999999999
REAL,2026-01-13,IC_40d_25w,tp45,2026-01-13 11:35:00,2026-01-13 15:00:00,close_win,10.0,7.325,0.0,0.052,2.623,13,3409.8999999999996,36843.399999999994
REAL,2026-01-15,IC_45d_25w,tp35,2026-01-15 10:00:00,2026-01-15 14:01:00,tp,13.375,8.25,0.0,0.052,5.073,14,7102.200000000001,43945.59999999999
SHADOW,2026-01-15,IC_05d_25w,tp30,2026-01-15 14:01:00,2026-01-15 14:31:00,sl,0.425,1.475,0.0,0.052,0.0,0,0.0,43945.59999999999
REAL,2026-01-16,IC_45d_25w,tp35,2026-01-16 10:00:00,2026-01-16 12:32:00,tp,14.275,9.25,0.0,0.052,4.973000000000001,17,8454.1,52399.69999999999
REAL,2026-01-16,IC_45d_25w,tp50,2026-01-16 12:32:00,2026-01-16 15:00:00,close_win,10.55,5.95,0.0,0.052,4.548000000000001,20,9096.000000000002,61495.69999999999
REAL,2026-01-20,IC_10d_25w,tp35,2026-01-20 10:00:00,2026-01-20 10:13:00,tp,2.675,1.625,0.0,0.052,0.9979999999999998,24,2395.2,63890.89999999999
REAL,2026-01-20,IC_15d_25w,tp30,2026-01-20 10:13:00,2026-01-20 11:44:00,tp,4.35,2.975,0.0,0.052,1.3229999999999995,25,3307.499999999999,67198.39999999998
SHADOW,2026-01-20,IC_05d_25w,tp35,2026-01-20 11:44:00,2026-01-20 13:37:00,sl,1.0,2.0,0.0,0.052,0.0,0,0.0,67198.39999999998
SHADOW,2026-01-21,IC_05d_25w,tp35,2026-01-21 10:00:00,2026-01-21 10:14:00,tp,1.125,0.725,0.0,0.052,0.0,0,0.0,67198.39999999998
SHADOW,2026-01-21,IC_05d_25w,tp35,2026-01-21 10:14:00,2026-01-21 10:46:00,sl,0.975,2.275,0.0,0.052,0.0,0,0.0,67198.39999999998
REAL,2026-01-22,IC_45d_25w,tp35,2026-01-22 10:00:00,2026-01-22 14:57:00,tp,15.9,9.175,0.0,0.052,6.673,26,17349.8,84548.19999999998
REAL,2026-01-22,IC_40d_25w,tp45,2026-01-22 14:57:00,2026-01-22 15:00:00,close_loss,8.25,8.575,0.0,0.052,-0.3769999999999993,33,-1244.0999999999974,83304.09999999999
REAL,2026-01-23,IC_45d_25w,tp35,2026-01-23 10:00:00,2026-01-23 13:30:00,tp,13.475,8.75,0.0,0.052,4.673,33,15420.9,98725.0
REAL,2026-01-23,IC_40d_25w,tp35,2026-01-23 13:30:00,2026-01-23 15:00:00,close_win,10.15,8.075,0.0,0.052,2.023000000000001,39,7889.7000000000035,106614.69999999998
REAL,2026-01-26,IC_30d_25w,tp35,2026-01-26 10:00:00,2026-01-26 12:48:00,tp,6.5,4.05,0.0,0.052,2.398,42,10071.6,116686.3
REAL,2026-01-26,IC_30d_25w,tp30,2026-01-26 12:48:00,2026-01-26 13:47:00,tp,3.6,2.475,0.0,0.052,1.073,46,4935.8,121622.1
SHADOW,2026-01-26,IC_05d_25w,tp35,2026-01-26 13:47:00,2026-01-26 14:24:00,tp,0.35,0.2,0.0,0.052,0.0,0,0.0,121622.1
SHADOW,2026-01-26,IC_05d_25w,tp50,2026-01-26 14:24:00,2026-01-26 14:59:00,tp,0.35,0.15,0.0,0.052,0.0,0,0.0,121622.1
REAL,2026-01-26,IC_25d_25w,tp50,2026-01-26 14:59:00,2026-01-26 15:00:00,close_loss,1.75,1.75,0.0,0.052,-0.052,48,-249.6,121372.5
SHADOW,2026-01-30,IC_05d_25w,tp30,2026-01-30 10:00:00,2026-01-30 10:54:00,tp,1.225,0.825,0.0,0.052,0.0,0,0.0,121372.5
SHADOW,2026-01-30,IC_05d_25w,tp45,2026-01-30 10:54:00,2026-01-30 11:44:00,tp,1.075,0.575,0.0,0.052,0.0,0,0.0,121372.5
SHADOW,2026-01-30,IC_05d_25w,tp45,2026-01-30 11:44:00,2026-01-30 12:07:00,sl,0.925,2.2,0.0,0.052,0.0,0,0.0,121372.5
SHADOW,2026-02-02,IC_05d_25w,tp35,2026-02-02 10:00:00,2026-02-02 11:03:00,tp,0.95,0.6,0.0,0.052,0.0,0,0.0,121372.5
SHADOW,2026-02-02,IC_05d_25w,tp25,2026-02-02 11:03:00,2026-02-02 11:43:00,tp,0.8,0.575,0.0,0.052,0.0,0,0.0,121372.5
SHADOW,2026-02-02,IC_05d_25w,tp20,2026-02-02 11:43:00,2026-02-02 12:02:00,sl,0.6,1.35,0.0,0.052,0.0,0,0.0,121372.5
SHADOW,2026-02-04,IC_05d_25w,tp10,2026-02-04 10:00:00,2026-02-04 10:05:00,tp,1.525,1.35,0.0,0.052,0.0,0,0.0,121372.5
SHADOW,2026-02-04,IC_05d_25w,tp45,2026-02-04 10:05:00,2026-02-04 11:09:00,tp,1.425,0.775,0.0,0.052,0.0,0,0.0,121372.5
SHADOW,2026-02-04,IC_05d_25w,tp30,2026-02-04 11:09:00,2026-02-04 11:34:00,tp,1.4,0.975,0.0,0.052,0.0,0,0.0,121372.5
REAL,2026-02-04,IC_35d_25w,tp25,2026-02-04 11:34:00,2026-02-04 14:30:00,tp,13.15,9.825,0.0,0.052,3.273000000000001,48,15710.400000000003,137082.9
REAL,2026-02-04,IC_20d_25w,tp35,2026-02-04 14:43:00,2026-02-04 15:00:00,close_loss,3.75,6.0,0.0,0.052,-2.302,54,-12430.8,124652.1
SHADOW,2026-02-09,IC_05d_25w,tp35,2026-02-09 10:00:00,2026-02-09 10:28:00,tp,1.025,0.65,0.0,0.052,0.0,0,0.0,124652.1
SHADOW,2026-02-09,IC_05d_25w,tp35,2026-02-09 10:28:00,2026-02-09 11:47:00,sl,0.825,1.8,0.0,0.052,0.0,0,0.0,124652.1
REAL,2026-02-10,IC_45d_25w,tp35,2026-02-10 10:00:00,2026-02-10 12:19:00,tp,14.075,9.075,0.0,0.052,4.948,49,24245.200000000004,148897.3
SHADOW,2026-02-10,IC_05d_25w,tp50,2026-02-10 12:19:00,2026-02-10 13:01:00,tp,0.55,0.25,0.0,0.052,0.0,0,0.0,148897.3
SHADOW,2026-02-10,IC_05d_25w,tp50,2026-02-10 13:01:00,2026-02-10 13:21:00,sl,0.55,1.2,0.0,0.052,0.0,0,0.0,148897.3
SHADOW,2026-02-11,IC_05d_25w,tp35,2026-02-11 10:00:00,2026-02-11 10:20:00,sl,1.075,2.3,0.0,0.052,0.0,0,0.0,148897.3
SHADOW,2026-02-12,IC_05d_25w,tp30,2026-02-12 10:00:00,2026-02-12 10:20:00,tp,1.125,0.75,0.0,0.052,0.0,0,0.0,148897.3
SHADOW,2026-02-12,IC_05d_25w,tp35,2026-02-12 10:34:00,2026-02-12 10:56:00,sl,0.95,2.1,0.0,0.052,0.0,0,0.0,148897.3
REAL,2026-02-17,IC_10d_25w,tp30,2026-02-17 10:00:00,2026-02-17 10:36:00,tp,3.475,2.375,0.0,0.052,1.048,59,6183.200000000001,155080.5
SHADOW,2026-02-17,IC_05d_25w,tp35,2026-02-17 10:36:00,2026-02-17 11:12:00,sl,1.275,3.175,0.0,0.052,0.0,0,0.0,155080.5
REAL,2026-02-18,IC_45d_25w,tp35,2026-02-18 10:00:00,2026-02-18 14:07:00,tp,17.5,11.3,0.0,0.052,6.148,62,38117.6,193198.1
SHADOW,2026-02-18,IC_05d_25w,tp35,2026-02-18 14:07:00,2026-02-18 14:37:00,sl,0.675,1.375,0.0,0.052,0.0,0,0.0,193198.1
REAL,2026-02-19,IC_45d_25w,tp25,2026-02-19 10:00:00,2026-02-19 12:18:00,tp,17.1,12.425,0.0,0.052,4.623000000000001,77,35597.10000000001,228795.2
REAL,2026-02-19,IC_40d_25w,tp25,2026-02-19 12:18:00,2026-02-19 13:53:00,tp,13.125,9.75,0.0,0.052,3.323,91,30239.3,259034.5
SHADOW,2026-02-19,IC_05d_25w,tp50,2026-02-19 13:53:00,2026-02-19 14:33:00,tp,0.825,0.4,0.0,0.052,0.0,0,0.0,259034.5
SHADOW,2026-02-19,IC_05d_25w,tp40,2026-02-19 14:33:00,2026-02-19 14:40:00,sl,0.55,1.625,0.0,0.052,0.0,0,0.0,259034.5
SHADOW,2026-02-20,IC_05d_25w,tp35,2026-02-20 10:00:00,2026-02-20 10:02:00,sl,1.2,6.1,0.0,0.052,0.0,0,0.0,259034.5
SHADOW,2026-02-23,IC_05d_25w,tp35,2026-02-23 10:00:00,2026-02-23 11:04:00,sl,1.025,2.35,0.0,0.052,0.0,0,0.0,259034.5
SHADOW,2026-02-24,IC_05d_25w,tp35,2026-02-24 10:00:00,2026-02-24 10:16:00,tp,1.2,0.775,0.0,0.052,0.0,0,0.0,259034.5
SHADOW,2026-02-24,IC_05d_25w,tp35,2026-02-24 10:16:00,2026-02-24 11:31:00,tp,1.025,0.55,0.0,0.052,0.0,0,0.0,259034.5
SHADOW,2026-02-24,IC_05d_25w,tp35,2026-02-24 11:31:00,2026-02-24 12:12:00,sl,0.825,1.775,0.0,0.052,0.0,0,0.0,259034.5
SHADOW,2026-02-26,IC_05d_25w,tp35,2026-02-26 10:00:00,2026-02-26 10:17:00,sl,1.075,2.175,0.0,0.052,0.0,0,0.0,259034.5
