strategy,exit_slip,skip_rate,optimization,total_return_pct,max_drawdown_pct,sharpe,win_rate,n_trades,n_shadow,trades_per_day,final_portfolio,avg_pnl
1,0.0,0.1,joint,1445.46,72.66,4.13,78.5,79,164,0.75,154545.8,1829.69
1,0.0,0.11,joint,1341.11,69.37,4.02,78.8,80,163,0.75,144111.0,1676.39
1,0.0,0.12,joint,1997.53,72.01,4.46,79.5,78,163,0.74,209752.7,2560.93
1,0.0,0.13,joint,1721.75,73.84,4.28,79.2,77,165,0.73,182174.9,2236.04
1,0.0,0.14,joint,1445.78,73.84,4.1,79.5,78,162,0.74,154578.2,1853.57
1,0.0,0.15,joint,1387.71,73.84,4.04,77.5,80,158,0.75,148770.6,1734.63
1,0.0,0.16,joint,1446.74,73.8,4.07,78.8,80,158,0.75,154674.1,1808.43
1,0.0,0.17,joint,1913.51,72.06,4.39,81.2,80,157,0.75,201351.5,2391.89
1,0.0,0.18,joint,1695.15,72.14,4.27,80.2,81,159,0.76,179515.4,2092.78
1,0.0,0.19,joint,2118.62,72.62,4.5,82.5,80,151,0.75,221862.5,2648.28
1,0.0,0.2,joint,1914.3,73.65,4.38,81.9,83,147,0.78,201429.8,2306.38
1,0.0,0.21,joint,2376.0,72.62,4.62,81.5,81,147,0.76,247600.4,2933.34
1,0.0,0.22,joint,1632.68,73.59,4.21,80.5,82,149,0.77,173267.6,1991.07
1,0.0,0.23,joint,1724.92,72.51,4.29,79.5,83,148,0.78,182492.0,2078.22
1,0.0,0.24,joint,1724.67,72.4,4.28,79.5,83,146,0.78,182467.0,2077.92
1,0.0,0.25,joint,1460.71,74.7,4.08,79.8,84,145,0.79,156070.7,1738.94
1,0.0,0.26,joint,1066.29,76.45,3.75,78.8,85,142,0.8,116628.7,1254.46
1,0.0,0.27,joint,2225.93,72.52,4.54,81.0,84,144,0.79,232592.7,2649.91
1,0.0,0.28,joint,1892.72,72.52,4.37,78.6,84,143,0.79,199271.7,2253.23
1,0.0,0.29,joint,2490.34,72.52,4.68,80.7,83,144,0.78,259034.5,3000.42
1,0.0,0.3,joint,3144.91,72.52,4.91,84.7,85,143,0.8,324490.5,3699.89
1,0.0,0.31,joint,2792.52,72.52,4.79,81.6,87,140,0.82,289251.6,3209.79
1,0.0,0.32,joint,2092.39,74.88,4.43,81.4,86,135,0.81,219239.0,2433.01
1,0.0,0.33,joint,2013.76,75.72,4.41,79.8,89,133,0.84,211375.9,2262.65
1,0.0,0.34,joint,1491.4,73.34,4.07,78.0,91,137,0.86,159139.7,1638.9
1,0.0,0.35,joint,1591.94,72.58,4.14,78.3,92,139,0.87,169193.6,1730.37
1,0.0,0.36,joint,1092.95,77.34,3.79,80.2,96,137,0.91,119294.9,1138.49
1,0.0,0.37,joint,2161.01,74.56,4.45,78.8,99,130,0.93,226100.5,2182.83
1,0.0,0.38,joint,1451.99,81.03,4.01,78.1,96,127,0.91,155199.3,1512.49
1,0.0,0.39,joint,913.77,82.98,3.6,78.9,95,125,0.9,101376.5,961.86
1,0.0,0.4,joint,961.55,84.37,3.61,78.4,97,125,0.92,106154.8,991.29
1,0.05,0.1,joint,1315.89,74.0,4.04,77.2,79,164,0.75,141589.4,1665.69
1,0.05,0.11,joint,838.49,69.6,3.6,77.5,80,163,0.75,93849.2,1048.12
1,0.05,0.12,joint,1654.32,73.89,4.29,78.2,78,163,0.74,175432.1,2120.92
1,0.05,0.13,joint,1616.94,73.92,4.25,77.9,77,165,0.73,171693.6,2099.92
1,0.05,0.14,joint,1345.34,73.92,4.05,78.2,78,162,0.74,144534.0,1724.79
1,0.05,0.15,joint,1289.45,73.85,3.99,76.2,80,158,0.75,138944.5,1611.81
1,0.05,0.16,joint,1337.78,74.14,4.03,77.5,80,158,0.75,143778.4,1672.23
1,0.05,0.17,joint,1671.08,74.28,4.27,80.0,80,157,0.75,177108.1,2088.85
1,0.05,0.18,joint,1483.4,75.0,4.14,79.0,81,159,0.76,158340.0,1831.36
1,0.05,0.19,joint,1787.54,74.82,4.36,82.5,80,151,0.75,188753.7,2234.42
1,0.05,0.2,joint,1575.91,74.38,4.21,81.9,83,147,0.78,167591.4,1898.69
1,0.05,0.21,joint,1912.75,74.82,4.43,80.2,81,147,0.76,201275.4,2361.42
1,0.05,0.22,joint,1670.69,74.97,4.26,79.3,82,149,0.77,177068.6,2037.42
1,0.05,0.23,joint,1459.07,74.94,4.12,78.3,83,148,0.78,155907.2,1757.92
1,0.05,0.24,joint,1464.12,74.85,4.12,79.5,83,146,0.78,156411.6,1764.0
1,0.05,0.25,joint,1420.24,71.58,4.07,79.8,84,145,0.79,152024.3,1690.77
1,0.05,0.26,joint,1162.38,72.5,3.85,78.8,85,142,0.8,126238.0,1367.51
1,0.05,0.27,joint,1825.7,74.22,4.36,81.0,84,144,0.79,192570.4,2173.46
1,0.05,0.28,joint,1505.9,74.22,4.12,78.6,84,143,0.79,160590.3,1792.74
1,0.05,0.29,joint,2088.38,74.22,4.5,80.7,83,144,0.78,218837.7,2516.12
1,0.05,0.3,joint,2562.67,74.22,4.71,83.5,85,143,0.8,266266.7,3014.9
1,0.05,0.31,joint,2218.95,74.22,4.57,81.6,87,140,0.82,231895.2,2550.52
1,0.05,0.32,joint,1672.85,77.03,4.23,81.4,86,135,0.81,177284.8,1945.17
1,0.05,0.33,joint,1630.59,77.54,4.19,79.8,89,133,0.84,173058.5,1832.12
1,0.05,0.34,joint,1257.83,75.41,3.9,78.0,91,137,0.86,135783.1,1382.23
1,0.05,0.35,joint,1336.78,73.92,3.99,78.3,92,139,0.87,143677.8,1453.02
1,0.05,0.36,joint,625.71,78.43,3.29,80.2,96,137,0.91,72571.1,651.78
1,0.05,0.37,joint,1577.73,77.32,4.16,77.8,99,130,0.93,167772.9,1593.67
1,0.05,0.38,joint,1050.83,83.83,3.73,77.1,96,127,0.91,115083.3,1094.62
1,0.05,0.39,joint,1172.89,79.68,3.86,77.9,95,125,0.9,127289.3,1234.62
1,0.05,0.4,joint,622.17,85.24,3.26,78.4,97,125,0.92,72216.8,641.41
1,0.1,0.1,joint,1109.12,74.01,3.86,74.7,79,164,0.75,120912.0,1403.95
1,0.1,0.11,joint,776.83,70.71,3.54,75.0,80,163,0.75,87682.8,971.04
1,0.1,0.12,joint,1268.24,73.99,4.01,75.6,78,163,0.74,136824.1,1625.95
1,0.1,0.13,joint,1437.45,72.03,4.17,75.3,77,165,0.73,153744.7,1866.81
1,0.1,0.14,joint,1207.6,72.03,3.98,75.6,78,162,0.74,130760.0,1548.21
1,0.1,0.15,joint,982.75,74.16,3.75,75.0,80,158,0.75,108275.3,1228.44
1,0.1,0.16,joint,1066.04,74.83,3.81,75.0,80,158,0.75,116603.8,1332.55
1,0.1,0.17,joint,1434.94,74.06,4.13,80.0,80,157,0.75,153493.7,1793.67
1,0.1,0.18,joint,1210.46,74.92,3.97,76.5,81,159,0.76,131046.3,1494.4
1,0.1,0.19,joint,1550.88,74.79,4.22,81.2,80,151,0.75,165088.0,1938.6
1,0.1,0.2,joint,1158.06,78.25,3.9,80.7,83,147,0.78,125806.1,1395.25
1,0.1,0.21,joint,1615.73,74.79,4.27,80.2,81,147,0.76,171572.5,1994.72
1,0.1,0.22,joint,1473.53,75.46,4.16,79.3,82,149,0.77,157353.3,1796.99
1,0.1,0.23,joint,1286.86,74.69,4.02,78.3,83,148,0.78,138685.6,1550.43
1,0.1,0.24,joint,1207.8,75.93,3.95,79.5,83,146,0.78,130780.2,1455.18
1,0.1,0.25,joint,1181.02,75.46,3.91,79.8,84,145,0.79,128101.8,1405.97
1,0.1,0.26,joint,951.41,76.15,3.68,78.8,85,142,0.8,105140.6,1119.3
1,0.1,0.27,joint,1486.46,76.78,4.17,79.8,84,144,0.79,158645.7,1769.59
1,0.1,0.28,joint,1145.84,77.01,3.89,78.6,84,143,0.79,124583.9,1364.09
1,0.1,0.29,joint,1606.04,76.78,4.23,80.7,83,144,0.78,170603.9,1934.99
1,0.1,0.3,joint,1936.5,76.78,4.43,82.4,85,143,0.8,203650.4,2278.24
1,0.1,0.31,joint,1785.77,76.78,4.35,80.5,87,140,0.82,188577.2,2052.61
1,0.1,0.32,joint,1151.22,81.28,3.87,81.4,86,135,0.81,125122.0,1338.63
1,0.1,0.33,joint,1446.95,77.87,4.1,79.8,89,133,0.84,154695.2,1625.79
1,0.1,0.34,joint,1172.35,74.93,3.86,78.0,91,137,0.86,127235.0,1288.3
1,0.1,0.35,joint,1107.79,75.13,3.82,78.3,92,139,0.87,120778.6,1204.12
1,0.1,0.36,joint,976.06,76.88,3.68,80.2,96,137,0.91,107605.6,1016.72
1,0.1,0.37,joint,1438.05,75.76,4.09,77.8,99,130,0.93,153805.4,1452.58
1,0.1,0.38,joint,983.44,83.13,3.7,77.1,96,127,0.91,108344.4,1024.42
1,0.1,0.39,joint,710.55,83.46,3.41,77.9,95,125,0.9,81055.0,747.95
1,0.1,0.4,joint,441.63,88.61,2.98,77.3,97,125,0.92,54162.6,455.28
1,0.15,0.1,joint,999.51,73.77,3.78,74.7,79,164,0.75,109951.3,1265.21
1,0.15,0.11,joint,366.96,75.97,2.88,75.0,80,163,0.75,46695.9,458.7
1,0.15,0.12,joint,1064.27,74.62,3.9,75.6,78,163,0.74,116427.1,1364.45
1,0.15,0.13,joint,1001.34,74.92,3.83,75.3,77,165,0.73,110134.2,1300.44
1,0.15,0.14,joint,830.14,74.92,3.62,75.6,78,162,0.74,93014.4,1064.29
1,0.15,0.15,joint,782.17,74.69,3.55,75.0,80,158,0.75,88217.4,977.72
1,0.15,0.16,joint,949.02,74.23,3.72,75.0,80,158,0.75,104902.0,1186.28
1,0.15,0.17,joint,1094.55,73.95,3.9,78.8,80,157,0.75,119455.3,1368.19
1,0.15,0.18,joint,947.68,74.67,3.73,76.5,81,159,0.76,104768.0,1169.98
1,0.15,0.19,joint,1273.95,74.39,4.05,80.0,80,151,0.75,137395.4,1592.44
1,0.15,0.2,joint,1219.1,76.23,3.97,79.5,83,147,0.78,131910.4,1468.8
1,0.15,0.21,joint,1438.53,74.39,4.19,80.2,81,147,0.76,153852.9,1775.96
1,0.15,0.22,joint,1185.1,74.56,3.96,78.0,82,149,0.77,128510.2,1445.25
1,0.15,0.23,joint,978.85,76.41,3.73,77.1,83,148,0.78,107885.3,1179.34
1,0.15,0.24,joint,954.42,76.31,3.71,79.5,83,146,0.78,105442.3,1149.91
1,0.15,0.25,joint,867.48,76.33,3.62,79.8,84,145,0.79,96748.2,1032.72
1,0.15,0.26,joint,835.48,76.82,3.58,78.8,85,142,0.8,93548.3,982.92
1,0.15,0.27,joint,1219.25,76.5,3.99,79.8,84,144,0.79,131924.6,1451.48
1,0.15,0.28,joint,1030.94,77.27,3.8,78.6,84,143,0.79,113093.7,1227.31
1,0.15,0.29,joint,1381.06,76.5,4.11,79.5,83,144,0.78,148106.3,1663.93
1,0.15,0.3,joint,1613.74,76.5,4.28,82.4,85,143,0.8,171374.3,1898.52
1,0.15,0.31,joint,1479.07,76.5,4.19,80.5,87,140,0.82,157906.9,1700.08
1,0.15,0.32,joint,1075.55,80.3,3.83,81.4,86,135,0.81,117555.3,1250.64
1,0.15,0.33,joint,1353.31,77.49,4.07,79.8,89,133,0.84,145330.8,1520.57
1,0.15,0.34,joint,671.23,81.4,3.34,78.0,91,137,0.86,77123.2,737.62
1,0.15,0.35,joint,874.22,77.23,3.59,77.2,92,139,0.87,97422.1,950.24
1,0.15,0.36,joint,810.95,73.44,3.55,79.2,96,137,0.91,91094.5,844.73
1,0.15,0.37,joint,972.55,77.32,3.75,77.8,99,130,0.93,107254.6,982.37
1,0.15,0.38,joint,945.3,82.47,3.68,77.1,96,127,0.91,104529.8,984.69
1,0.15,0.39,joint,763.29,79.48,3.49,77.9,95,125,0.9,86328.7,803.46
1,0.15,0.4,joint,455.76,86.72,3.01,76.3,97,125,0.92,55576.4,469.86
1,0.2,0.1,joint,842.4,74.76,3.64,73.4,79,164,0.75,94240.5,1066.34
1,0.2,0.11,joint,603.44,72.31,3.32,73.8,80,163,0.75,70343.8,754.3
1,0.2,0.12,joint,679.34,77.58,3.45,74.4,78,163,0.74,77934.1,870.95
1,0.2,0.13,joint,928.72,75.8,3.78,74.0,77,165,0.73,102872.3,1206.13
1,0.2,0.14,joint,763.78,75.8,3.57,74.4,78,162,0.74,86377.7,979.2
1,0.2,0.15,joint,510.58,77.5,3.15,73.8,80,158,0.75,61058.3,638.23
1,0.2,0.16,joint,666.83,77.18,3.42,73.8,80,158,0.75,76682.8,833.53
1,0.2,0.17,joint,984.7,74.25,3.8,77.5,80,157,0.75,108470.4,1230.88
1,0.2,0.18,joint,879.54,74.41,3.69,74.1,81,159,0.76,97953.9,1085.85
1,0.2,0.19,joint,1131.45,74.41,3.97,76.2,80,151,0.75,123145.4,1414.32
1,0.2,0.2,joint,983.63,76.19,3.8,75.9,83,147,0.78,108363.3,1185.1
1,0.2,0.21,joint,1183.6,74.41,4.02,76.5,81,147,0.76,128360.3,1461.24
1,0.2,0.22,joint,1049.55,74.6,3.87,74.4,82,149,0.77,114955.2,1279.94
1,0.2,0.23,joint,902.15,76.02,3.68,74.7,83,148,0.78,100215.0,1086.93
1,0.2,0.24,joint,905.21,75.35,3.67,75.9,83,146,0.78,100521.1,1090.62
1,0.2,0.25,joint,780.65,76.44,3.51,77.4,84,145,0.79,88064.8,929.34
1,0.2,0.26,joint,617.24,79.96,3.28,76.5,85,142,0.8,71723.6,726.16
1,0.2,0.27,joint,1355.81,75.39,4.1,77.4,84,144,0.79,145581.4,1614.06
1,0.2,0.28,joint,982.91,76.16,3.77,76.2,84,143,0.79,108290.7,1170.13
1,0.2,0.29,joint,1487.91,75.39,4.21,77.1,83,144,0.78,158790.9,1792.66
1,0.2,0.3,joint,1767.67,75.39,4.4,80.0,85,143,0.8,186767.1,2079.61
1,0.2,0.31,joint,1660.7,75.39,4.33,78.2,87,140,0.82,176069.6,1908.85
1,0.2,0.32,joint,982.33,80.86,3.76,79.1,86,135,0.81,108233.4,1142.25
1,0.2,0.33,joint,777.83,83.62,3.53,79.8,89,133,0.84,87783.1,873.97
1,0.2,0.34,joint,675.11,78.65,3.39,78.0,91,137,0.86,77510.8,741.88
1,0.2,0.35,joint,731.81,78.72,3.44,77.2,92,139,0.87,83180.7,795.44
1,0.2,0.36,joint,612.53,76.69,3.32,79.2,96,137,0.91,71252.6,638.05
1,0.2,0.37,joint,863.22,78.08,3.65,77.8,99,130,0.93,96321.7,871.94
1,0.2,0.38,joint,703.25,83.2,3.43,77.1,96,127,0.91,80324.9,732.55
1,0.2,0.39,joint,577.44,83.22,3.23,76.8,95,125,0.9,67743.6,607.83
1,0.2,0.4,joint,439.07,86.73,2.98,76.3,97,125,0.92,53906.7,452.65
1,0.25,0.1,joint,680.04,75.14,3.47,73.4,79,164,0.75,78004.1,860.81
1,0.25,0.11,joint,526.86,72.28,3.18,72.5,80,163,0.75,62685.5,658.57
1,0.25,0.12,joint,805.09,75.51,3.65,74.4,78,163,0.74,90509.3,1032.17
1,0.25,0.13,joint,804.4,75.7,3.65,74.0,77,165,0.73,90440.1,1044.68
1,0.25,0.14,joint,678.25,75.7,3.46,74.4,78,162,0.74,77824.8,869.55
1,0.25,0.15,joint,640.43,74.68,3.38,73.8,80,158,0.75,74043.4,800.54
1,0.25,0.16,joint,642.04,74.3,3.39,73.8,80,158,0.75,74203.8,802.55
1,0.25,0.17,joint,774.88,74.61,3.6,76.2,80,157,0.75,87487.6,968.6
1,0.25,0.18,joint,743.22,76.86,3.54,72.8,81,159,0.76,84321.8,917.55
1,0.25,0.19,joint,967.12,76.93,3.81,75.0,80,151,0.75,106712.4,1208.91
1,0.25,0.2,joint,602.38,81.98,3.31,74.7,83,147,0.78,70238.2,725.76
1,0.25,0.21,joint,1027.83,76.93,3.88,75.3,81,147,0.76,112783.4,1268.93
1,0.25,0.22,joint,548.7,78.98,3.25,74.4,82,149,0.77,64870.3,669.15
1,0.25,0.23,joint,674.9,76.87,3.45,74.7,83,148,0.78,77490.1,813.13
1,0.25,0.24,joint,675.85,76.75,3.45,75.9,83,146,0.78,77584.9,814.28
1,0.25,0.25,joint,574.95,77.83,3.27,76.2,84,145,0.79,67495.2,684.47
1,0.25,0.26,joint,370.54,81.59,2.84,74.1,85,142,0.8,47053.9,435.93
1,0.25,0.27,joint,1000.82,77.32,3.8,77.4,84,144,0.79,110082.0,1191.45
1,0.25,0.28,joint,822.11,77.32,3.59,76.2,84,143,0.79,92210.8,978.7
1,0.25,0.29,joint,1100.14,77.32,3.92,75.9,83,144,0.78,120014.2,1325.47
1,0.25,0.3,joint,1392.63,77.32,4.15,78.8,85,143,0.8,149263.5,1638.39
1,0.25,0.31,joint,1221.15,77.32,4.02,77.0,87,140,0.82,132115.5,1403.63
1,0.25,0.32,joint,675.27,84.0,3.4,76.7,86,135,0.81,77527.4,785.2
1,0.25,0.33,joint,770.51,81.39,3.55,76.4,89,133,0.84,87051.0,865.74
1,0.25,0.34,joint,728.38,75.55,3.46,73.6,91,137,0.86,82838.5,800.42
1,0.25,0.35,joint,551.59,79.0,3.21,75.0,92,139,0.87,65159.4,599.56
1,0.25,0.36,joint,268.18,84.05,2.59,77.1,96,137,0.91,36818.0,279.35
1,0.25,0.37,joint,611.43,80.1,3.31,74.7,99,130,0.93,71142.5,617.6
1,0.25,0.38,joint,412.71,85.73,2.95,75.0,96,127,0.91,51271.0,429.91
1,0.25,0.39,joint,477.66,83.72,3.08,75.8,95,125,0.9,57765.8,502.8
1,0.25,0.4,joint,366.5,86.63,2.84,75.3,97,125,0.92,46649.5,377.83
1,0.3,0.1,joint,608.2,75.0,3.37,73.4,79,164,0.75,70819.5,769.87
1,0.3,0.11,joint,245.05,78.59,2.53,72.5,80,163,0.75,34505.4,306.32
1,0.3,0.12,joint,721.9,73.69,3.54,74.4,78,163,0.74,82189.7,925.51
1,0.3,0.13,joint,856.05,74.86,3.71,74.0,77,165,0.73,95604.9,1111.75
1,0.3,0.14,joint,674.26,74.86,3.47,74.4,78,162,0.74,77426.3,864.44
1,0.3,0.15,joint,472.07,75.63,3.08,73.8,80,158,0.75,57207.2,590.09
1,0.3,0.16,joint,565.77,75.03,3.27,73.8,80,158,0.75,66576.9,707.21
1,0.3,0.17,joint,772.72,74.45,3.62,76.2,80,157,0.75,87271.6,965.9
1,0.3,0.18,joint,519.18,76.42,3.21,72.8,81,159,0.76,61918.4,640.97
1,0.3,0.19,joint,722.18,76.21,3.56,73.8,80,151,0.75,82217.5,902.72
1,0.3,0.2,joint,574.06,80.81,3.29,73.5,83,147,0.78,67405.8,691.64
1,0.3,0.21,joint,762.45,76.21,3.63,75.3,81,147,0.76,86244.9,941.3
1,0.3,0.22,joint,506.88,78.79,3.18,74.4,82,149,0.77,60687.7,618.14
1,0.3,0.23,joint,637.07,76.15,3.4,74.7,83,148,0.78,73707.4,767.56
1,0.3,0.24,joint,614.5,76.02,3.37,74.7,83,146,0.78,71449.6,740.36
1,0.3,0.25,joint,509.32,76.16,3.15,75.0,84,145,0.79,60932.1,606.33
1,0.3,0.26,joint,401.37,78.56,2.93,74.1,85,142,0.8,50137.2,472.2
1,0.3,0.27,joint,708.31,76.81,3.5,76.2,84,144,0.79,80830.8,843.22
1,0.3,0.28,joint,511.29,80.21,3.17,76.2,84,143,0.79,61129.1,608.68
1,0.3,0.29,joint,791.51,76.81,3.62,75.9,83,144,0.78,89150.7,953.62
1,0.3,0.3,joint,994.75,76.81,3.85,77.6,85,143,0.8,109474.7,1170.29
1,0.3,0.31,joint,809.26,76.81,3.65,75.9,87,140,0.82,90925.5,930.18
1,0.3,0.32,joint,757.11,79.35,3.57,76.7,86,135,0.81,85711.4,880.37
1,0.3,0.33,joint,590.78,82.57,3.29,76.4,89,133,0.84,69077.7,663.79
1,0.3,0.34,joint,547.21,78.75,3.23,73.6,91,137,0.86,64721.4,601.33
1,0.3,0.35,joint,436.38,82.47,2.99,75.0,92,139,0.87,53638.2,474.33
1,0.3,0.36,joint,248.44,83.32,2.54,77.1,96,137,0.91,34843.8,258.79
1,0.3,0.37,joint,576.88,79.27,3.27,72.7,99,130,0.93,67687.7,582.7
1,0.3,0.38,joint,277.84,88.19,2.62,72.9,96,127,0.91,37783.5,289.41
1,0.3,0.39,joint,468.37,82.55,3.07,74.7,95,125,0.9,56836.9,493.02
1,0.3,0.4,joint,314.24,87.07,2.71,74.2,97,125,0.92,41423.7,323.96
2,0.0,0.1,joint,852.69,50.5,3.98,82.6,901,292,8.5,95268.9,94.64
2,0.0,0.11,joint,837.56,50.79,3.95,82.6,884,290,8.34,93755.8,94.75
2,0.0,0.12,joint,851.27,50.63,3.98,82.5,902,288,8.51,95127.5,94.38
2,0.0,0.13,joint,835.95,50.96,3.94,82.5,884,289,8.34,93595.2,94.56
2,0.0,0.14,joint,706.69,50.96,3.71,82.7,884,285,8.34,80668.6,79.94
2,0.0,0.15,joint,673.04,50.96,3.63,82.7,885,282,8.35,77304.5,76.05
2,0.0,0.16,joint,674.97,50.96,3.63,82.7,886,282,8.36,77496.6,76.18
2,0.0,0.17,joint,828.43,52.13,3.92,82.9,917,287,8.65,92843.3,90.34
2,0.0,0.18,joint,738.21,52.22,3.78,82.6,904,282,8.53,83821.5,81.66
2,0.0,0.19,joint,859.81,52.21,3.99,82.6,901,274,8.5,95981.4,95.43
2,0.0,0.2,joint,710.87,63.43,3.66,82.6,814,264,7.68,81087.4,87.33
2,0.0,0.21,joint,958.99,52.21,4.12,82.5,901,270,8.5,105899.4,106.44
2,0.0,0.22,joint,798.86,52.18,3.87,82.4,901,270,8.5,89886.4,88.66
2,0.0,0.23,joint,714.63,52.1,3.74,82.2,900,267,8.49,81462.9,79.4
2,0.0,0.24,joint,703.22,52.1,3.7,82.4,896,264,8.45,80322.1,78.48
2,0.0,0.25,joint,650.21,54.17,3.61,82.6,919,278,8.67,75021.0,70.75
2,0.0,0.26,joint,643.37,63.7,3.53,82.6,857,263,8.08,74337.2,75.07
2,0.0,0.27,joint,967.95,50.59,4.13,82.5,892,263,8.42,106794.9,108.51
2,0.0,0.28,joint,778.48,58.09,3.8,82.6,832,253,7.85,87848.4,93.57
2,0.0,0.29,joint,995.5,50.59,4.16,82.6,889,260,8.39,109549.7,111.98
2,0.0,0.3,joint,956.4,50.57,4.11,82.7,886,259,8.36,105639.7,107.95
2,0.0,0.31,joint,905.64,50.55,4.06,82.4,885,255,8.35,100563.8,102.33
2,0.0,0.32,joint,614.1,62.73,3.52,82.1,778,245,7.34,71410.2,78.93
2,0.0,0.33,joint,600.87,66.77,3.44,82.0,789,247,7.44,70086.9,76.16
2,0.0,0.34,joint,566.23,58.8,3.38,81.9,734,236,6.92,66622.8,77.14
2,0.0,0.35,joint,661.83,58.26,3.58,82.2,824,247,7.77,76183.2,80.32
2,0.0,0.36,joint,860.18,62.28,3.85,82.4,805,239,7.59,96018.3,106.86
2,0.0,0.37,joint,708.14,66.24,3.63,82.2,786,230,7.42,80814.5,90.09
2,0.0,0.38,joint,491.78,72.35,3.2,81.9,758,230,7.15,59177.9,64.88
2,0.0,0.39,joint,410.32,70.12,3.01,80.7,642,218,6.06,51032.0,63.91
2,0.0,0.4,joint,501.1,66.42,3.22,81.7,694,217,6.55,60109.6,72.2
2,0.05,0.1,joint,996.05,54.29,4.21,82.0,857,279,8.08,109604.8,116.22
2,0.05,0.11,joint,965.18,54.59,4.17,82.0,845,278,7.97,106518.3,114.22
2,0.05,0.12,joint,964.8,54.43,4.18,81.9,846,275,7.98,106480.2,114.04
2,0.05,0.13,joint,963.27,54.73,4.16,81.9,845,277,7.97,106327.2,114.0
2,0.05,0.14,joint,780.34,54.73,3.89,81.9,843,274,7.95,88034.5,92.57
2,0.05,0.15,joint,747.39,54.73,3.8,81.9,844,271,7.96,84739.1,88.55
2,0.05,0.16,joint,756.04,54.73,3.82,81.8,845,271,7.97,85604.2,89.47
2,0.05,0.17,joint,924.09,53.95,4.07,81.8,861,268,8.12,102408.6,107.33
2,0.05,0.18,joint,889.14,54.89,4.04,81.8,870,271,8.21,98913.7,102.2
2,0.05,0.19,joint,1026.46,54.87,4.25,82.1,877,267,8.27,112646.5,117.04
2,0.05,0.2,joint,885.79,62.67,3.98,81.9,819,258,7.73,98579.5,108.16
2,0.05,0.21,joint,1125.63,54.87,4.36,82.1,877,263,8.27,122562.7,128.35
2,0.05,0.22,joint,961.36,54.84,4.12,81.9,874,263,8.25,106135.9,110.0
2,0.05,0.23,joint,855.7,54.76,3.99,81.9,873,260,8.24,95570.4,98.02
2,0.05,0.24,joint,779.2,54.76,3.88,82.1,870,258,8.21,87920.3,89.56
2,0.05,0.25,joint,772.23,54.16,3.87,81.9,886,261,8.36,87223.1,87.16
2,0.05,0.26,joint,783.63,62.75,3.82,81.8,820,246,7.74,88362.6,95.56
2,0.05,0.27,joint,1140.49,54.35,4.38,82.3,849,250,8.01,124049.2,134.33
2,0.05,0.28,joint,892.3,58.97,4.03,82.1,803,242,7.58,99230.5,111.12
2,0.05,0.29,joint,1146.89,54.35,4.39,82.4,846,247,7.98,124689.3,135.57
2,0.05,0.3,joint,1053.0,54.32,4.27,82.2,845,246,7.97,115300.4,124.62
2,0.05,0.31,joint,1022.84,54.29,4.24,82.5,844,242,7.96,112284.5,121.19
2,0.05,0.32,joint,780.74,62.47,3.83,82.4,777,236,7.33,88073.8,100.48
2,0.05,0.33,joint,712.14,65.75,3.7,81.8,749,232,7.07,81214.4,95.08
2,0.05,0.34,joint,712.61,57.26,3.69,81.5,704,221,6.64,81261.1,101.22
2,0.05,0.35,joint,668.14,62.45,3.61,81.6,719,221,6.78,76814.3,92.93
2,0.05,0.36,joint,1019.71,62.21,4.11,82.3,792,234,7.47,111970.8,128.75
2,0.05,0.37,joint,833.53,66.15,3.86,81.7,742,216,7.0,93353.1,112.34
2,0.05,0.38,joint,576.28,72.13,3.38,81.1,705,215,6.65,67628.2,81.74
2,0.05,0.39,joint,499.92,70.21,3.25,80.5,605,204,5.71,59992.2,82.63
2,0.05,0.4,joint,591.67,67.07,3.43,81.2,659,202,6.22,69166.9,89.78
2,0.1,0.1,joint,702.79,52.76,3.77,78.5,731,257,6.9,80278.6,96.14
2,0.1,0.11,joint,700.65,53.09,3.75,78.5,731,256,6.9,80065.0,95.85
2,0.1,0.12,joint,700.24,52.92,3.75,78.4,732,253,6.91,80023.8,95.66
2,0.1,0.13,joint,697.72,53.2,3.73,78.4,731,255,6.9,79772.3,95.45
2,0.1,0.14,joint,617.39,53.2,3.56,78.4,727,249,6.86,71738.8,84.92
2,0.1,0.15,joint,585.06,53.2,3.48,78.3,729,246,6.88,68505.6,80.25
2,0.1,0.16,joint,587.35,53.2,3.49,78.4,730,246,6.89,68734.6,80.46
2,0.1,0.17,joint,699.89,52.48,3.74,78.8,731,243,6.9,79989.2,95.74
2,0.1,0.18,joint,618.6,55.27,3.57,79.1,737,240,6.95,71860.3,83.94
2,0.1,0.19,joint,701.89,55.24,3.75,79.4,739,239,6.97,80189.0,94.98
2,0.1,0.2,joint,651.67,63.67,3.59,78.5,679,233,6.41,75166.8,95.97
2,0.1,0.21,joint,786.02,55.24,3.88,79.5,738,235,6.96,88602.0,106.51
2,0.1,0.22,joint,691.01,55.21,3.69,79.5,738,232,6.96,79101.5,93.63
2,0.1,0.23,joint,613.41,55.12,3.56,79.4,738,229,6.96,71341.2,83.12
2,0.1,0.24,joint,578.45,55.12,3.49,79.3,720,227,6.79,67844.7,80.34
2,0.1,0.25,joint,582.64,50.55,3.51,79.9,797,235,7.52,68264.3,73.1
2,0.1,0.26,joint,650.95,58.96,3.58,79.3,743,225,7.01,75095.1,87.61
2,0.1,0.27,joint,813.56,52.78,3.94,79.7,719,228,6.78,91356.0,113.15
2,0.1,0.28,joint,654.79,59.71,3.63,78.7,667,220,6.29,75479.0,98.17
2,0.1,0.29,joint,822.95,52.76,3.96,79.9,717,224,6.76,92294.9,114.78
2,0.1,0.3,joint,770.72,52.73,3.88,80.0,714,223,6.74,87071.9,107.94
2,0.1,0.31,joint,717.73,52.75,3.81,80.0,714,225,6.74,81772.9,100.52
2,0.1,0.32,joint,579.28,61.6,3.48,79.1,650,213,6.13,67928.5,89.12
2,0.1,0.33,joint,542.72,65.05,3.38,78.5,656,215,6.19,64272.0,82.73
2,0.1,0.34,joint,515.58,58.23,3.29,78.2,602,204,5.68,61557.6,85.64
2,0.1,0.35,joint,557.31,60.95,3.39,79.0,666,207,6.28,65731.4,83.68
2,0.1,0.36,joint,695.2,64.2,3.65,78.8,643,206,6.07,79520.4,108.12
2,0.1,0.37,joint,743.25,59.29,3.74,79.1,685,203,6.46,84325.3,108.5
2,0.1,0.38,joint,344.84,69.93,2.9,76.1,578,199,5.45,44484.2,59.66
2,0.1,0.39,joint,318.04,71.31,2.79,75.8,447,186,4.22,41804.5,71.15
2,0.1,0.4,joint,268.67,71.45,2.63,74.9,442,172,4.17,36867.4,60.79
2,0.15,0.1,joint,605.79,58.34,3.57,76.8,655,243,6.18,70579.0,92.49
2,0.15,0.11,joint,605.8,58.72,3.56,76.8,655,242,6.18,70579.6,92.49
2,0.15,0.12,joint,599.19,58.51,3.55,76.7,656,239,6.19,69918.8,91.34
2,0.15,0.13,joint,599.6,58.79,3.54,76.6,655,241,6.18,69960.2,91.54
2,0.15,0.14,joint,503.34,58.79,3.34,75.7,643,237,6.07,60334.0,78.28
2,0.15,0.15,joint,484.56,58.79,3.27,75.7,645,234,6.08,58456.4,75.13
2,0.15,0.16,joint,485.66,58.79,3.27,75.5,649,234,6.12,58565.6,74.83
2,0.15,0.17,joint,587.07,58.12,3.53,76.0,651,231,6.14,68707.4,90.18
2,0.15,0.18,joint,507.68,60.03,3.37,76.2,650,227,6.13,60768.3,78.11
2,0.15,0.19,joint,599.66,57.57,3.57,77.6,664,226,6.26,69966.4,90.31
2,0.15,0.2,joint,522.15,63.65,3.39,75.5,603,220,5.69,62215.5,86.59
2,0.15,0.21,joint,661.68,57.57,3.69,77.5,663,222,6.25,76168.1,99.8
2,0.15,0.22,joint,502.73,61.64,3.37,76.3,615,218,5.8,60273.5,81.75
2,0.15,0.23,joint,449.7,61.53,3.24,76.3,615,215,5.8,54970.0,73.12
2,0.15,0.24,joint,429.54,61.53,3.19,76.3,613,213,5.78,52954.3,70.07
2,0.15,0.25,joint,426.95,61.02,3.15,77.5,652,214,6.15,52694.9,65.48
2,0.15,0.26,joint,425.96,63.7,3.16,75.1,590,210,5.57,52595.6,72.2
2,0.15,0.27,joint,619.89,60.54,3.59,77.2,619,213,5.84,71989.4,100.14
2,0.15,0.28,joint,521.08,60.86,3.4,76.2,593,209,5.59,62107.9,87.87
2,0.15,0.29,joint,593.14,60.52,3.55,77.1,616,209,5.81,69313.8,96.29
2,0.15,0.3,joint,566.32,60.01,3.48,78.2,629,208,5.93,66632.1,90.04
2,0.15,0.31,joint,562.48,60.07,3.47,78.3,628,203,5.92,66247.8,89.57
2,0.15,0.32,joint,495.32,64.93,3.28,77.0,599,201,5.65,59532.1,82.69
2,0.15,0.33,joint,352.92,68.33,2.96,75.0,531,200,5.01,45291.9,66.46
2,0.15,0.34,joint,341.04,62.51,2.92,74.8,464,178,4.38,44104.4,73.5
2,0.15,0.35,joint,456.79,61.55,3.2,76.5,567,191,5.35,55679.5,80.56
2,0.15,0.36,joint,648.5,65.32,3.57,77.0,583,193,5.5,74850.5,111.24
2,0.15,0.37,joint,577.67,63.69,3.43,77.1,598,190,5.64,67767.2,96.6
2,0.15,0.38,joint,247.59,75.61,2.57,75.5,469,189,4.42,34759.0,52.79
2,0.15,0.39,joint,227.71,73.2,2.49,74.4,328,157,3.09,32770.6,69.42
2,0.15,0.4,joint,183.19,73.01,2.32,74.5,325,152,3.07,28318.6,56.36
2,0.2,0.1,joint,410.83,63.21,3.13,69.9,564,233,5.32,51083.0,72.84
2,0.2,0.11,joint,399.92,63.63,3.09,69.9,564,232,5.32,49991.7,70.91
2,0.2,0.12,joint,400.72,63.41,3.1,69.9,564,230,5.32,50071.7,71.05
2,0.2,0.13,joint,399.82,63.66,3.09,69.8,563,232,5.31,49982.5,71.02
2,0.2,0.14,joint,335.51,63.66,2.89,69.3,550,230,5.19,43551.2,61.0
2,0.2,0.15,joint,311.67,63.66,2.8,69.2,552,227,5.21,41167.4,56.46
2,0.2,0.16,joint,312.44,63.66,2.81,69.0,554,227,5.23,41244.5,56.4
2,0.2,0.17,joint,404.08,63.07,3.11,69.2,561,224,5.29,50408.0,72.03
2,0.2,0.18,joint,420.62,59.96,3.15,70.5,601,220,5.67,52061.8,69.99
2,0.2,0.19,joint,502.52,59.9,3.36,71.9,609,217,5.75,60252.0,82.52
2,0.2,0.2,joint,490.75,62.33,3.33,70.8,575,213,5.42,59074.9,85.35
2,0.2,0.21,joint,566.49,59.9,3.49,72.0,608,213,5.74,66649.4,93.17
2,0.2,0.22,joint,490.11,59.86,3.31,71.5,601,213,5.67,59010.8,81.55
2,0.2,0.23,joint,410.64,59.75,3.13,72.0,604,209,5.7,51064.1,67.99
2,0.2,0.24,joint,397.12,59.75,3.08,72.1,602,207,5.68,49711.8,65.97
2,0.2,0.25,joint,349.35,60.72,2.93,72.3,611,207,5.76,44935.3,57.18
2,0.2,0.26,joint,366.13,65.71,2.98,71.3,554,213,5.23,46613.5,66.09
2,0.2,0.27,joint,490.64,63.13,3.33,71.9,563,205,5.31,59063.8,87.15
2,0.2,0.28,joint,469.42,63.92,3.27,72.1,563,202,5.31,56942.4,83.38
2,0.2,0.29,joint,494.18,63.12,3.34,72.6,558,201,5.26,59418.1,88.56
2,0.2,0.3,joint,438.06,63.09,3.22,72.7,554,199,5.23,53805.6,79.07
2,0.2,0.31,joint,425.34,63.17,3.18,72.7,557,194,5.25,52534.0,76.36
2,0.2,0.32,joint,328.95,68.9,2.88,71.9,506,194,4.77,42894.6,65.01
2,0.2,0.33,joint,308.13,70.57,2.81,71.7,508,196,4.79,40813.3,60.66
2,0.2,0.34,joint,240.15,67.43,2.56,71.0,414,183,3.91,34014.7,58.01
2,0.2,0.35,joint,394.8,62.93,3.06,72.0,547,187,5.16,49480.3,72.18
2,0.2,0.36,joint,399.9,69.14,3.08,71.7,501,189,4.73,49990.1,79.82
2,0.2,0.37,joint,368.57,68.21,2.98,71.6,500,185,4.72,46857.1,73.71
2,0.2,0.38,joint,235.68,74.6,2.54,71.4,447,189,4.22,33567.6,52.72
2,0.2,0.39,joint,162.93,77.26,2.22,71.9,267,149,2.52,26293.5,61.02
2,0.2,0.4,joint,134.58,75.91,2.07,71.2,274,143,2.58,23457.9,49.12
2,0.25,0.1,joint,336.19,64.47,2.96,67.3,508,228,4.79,43619.4,66.18
2,0.25,0.11,joint,354.31,67.41,3.01,67.3,504,226,4.75,45430.7,70.3
2,0.25,0.12,joint,375.2,64.63,3.11,67.7,527,224,4.97,47520.0,71.2
2,0.25,0.13,joint,361.54,65.54,3.05,67.5,507,226,4.78,46154.5,71.31
2,0.25,0.14,joint,302.06,65.54,2.84,67.8,482,229,4.55,40205.9,62.67
2,0.25,0.15,joint,284.21,65.54,2.76,67.8,484,226,4.57,38421.5,58.72
2,0.25,0.16,joint,294.18,65.54,2.79,67.2,494,226,4.66,39418.1,59.55
2,0.25,0.17,joint,357.27,64.0,3.01,67.2,515,229,4.86,45726.8,69.37
2,0.25,0.18,joint,308.81,64.01,2.87,66.4,530,219,5.0,40881.2,58.27
2,0.25,0.19,joint,371.69,63.92,3.1,67.7,545,215,5.14,47168.7,68.2
2,0.25,0.2,joint,401.34,64.61,3.14,67.8,528,213,4.98,50133.9,76.01
2,0.25,0.21,joint,431.46,63.92,3.26,68.0,541,211,5.1,53145.8,79.75
2,0.25,0.22,joint,366.73,63.88,3.06,67.4,522,218,4.92,46673.5,70.26
2,0.25,0.23,joint,313.87,63.76,2.89,67.7,523,215,4.93,41387.0,60.01
2,0.25,0.24,joint,301.09,63.76,2.84,68.5,511,213,4.82,40109.4,58.92
2,0.25,0.25,joint,269.2,65.99,2.7,68.9,517,212,4.88,36919.6,52.07
2,0.25,0.26,joint,313.78,67.23,2.82,69.2,503,211,4.75,41378.5,62.38
2,0.25,0.27,joint,434.09,64.26,3.25,69.8,540,204,5.09,53409.4,80.39
2,0.25,0.28,joint,402.25,64.26,3.13,69.2,523,202,4.93,50224.7,76.91
2,0.25,0.29,joint,438.37,64.26,3.26,70.1,539,200,5.08,53837.1,81.33
2,0.25,0.3,joint,429.13,64.23,3.23,70.3,535,198,5.05,52913.1,80.21
2,0.25,0.31,joint,400.94,64.34,3.15,69.9,538,193,5.08,50093.7,74.52
2,0.25,0.32,joint,310.49,67.68,2.87,69.0,480,199,4.53,41049.5,64.69
2,0.25,0.33,joint,300.63,69.86,2.81,69.3,473,201,4.46,40063.0,63.56
2,0.25,0.34,joint,208.81,70.68,2.45,69.3,365,175,3.44,30880.8,57.21
2,0.25,0.35,joint,230.76,69.23,2.54,68.9,412,182,3.89,33076.4,56.01
2,0.25,0.36,joint,385.33,69.45,3.06,69.6,471,192,4.44,48532.9,81.81
2,0.25,0.37,joint,264.14,73.15,2.65,69.2,402,173,3.79,36414.0,65.71
2,0.25,0.38,joint,133.21,79.06,2.08,70.1,321,158,3.03,23320.7,41.5
2,0.25,0.39,joint,159.99,74.92,2.2,69.6,260,150,2.45,25999.1,61.54
2,0.25,0.4,joint,132.74,73.75,2.05,70.4,257,143,2.42,23274.0,51.65
2,0.3,0.1,joint,298.37,64.62,2.85,66.9,483,227,4.56,39836.9,61.77
2,0.3,0.11,joint,275.12,65.49,2.75,66.5,451,231,4.25,37511.9,61.0
2,0.3,0.12,joint,277.4,66.25,2.75,66.8,455,229,4.29,37740.5,60.97
2,0.3,0.13,joint,275.31,66.38,2.74,66.7,454,231,4.28,37531.5,60.64
2,0.3,0.14,joint,234.97,66.38,2.58,65.4,434,229,4.09,33496.8,54.14
2,0.3,0.15,joint,215.91,66.38,2.49,65.4,436,226,4.11,31591.3,49.52
2,0.3,0.16,joint,225.7,66.38,2.52,65.1,438,226,4.13,32569.9,51.53
2,0.3,0.17,joint,273.1,66.14,2.73,65.1,441,223,4.16,37310.0,61.93
2,0.3,0.18,joint,235.09,68.0,2.58,64.9,441,219,4.16,33508.8,53.31
2,0.3,0.19,joint,275.21,67.88,2.74,66.7,459,215,4.33,37521.2,59.96
2,0.3,0.2,joint,231.35,73.08,2.56,65.7,388,203,3.66,33134.8,59.63
2,0.3,0.21,joint,305.37,67.88,2.85,66.9,459,211,4.33,40537.0,66.53
2,0.3,0.22,joint,270.37,67.83,2.72,65.4,442,212,4.17,37037.3,61.17
2,0.3,0.23,joint,228.51,67.69,2.55,65.2,443,209,4.18,32850.6,51.58
2,0.3,0.24,joint,231.31,67.69,2.56,66.3,439,207,4.14,33131.1,52.69
2,0.3,0.25,joint,205.33,67.86,2.44,67.9,461,209,4.35,30533.3,44.54
2,0.3,0.26,joint,213.27,71.68,2.48,67.3,392,198,3.7,31327.1,54.41
2,0.3,0.27,joint,307.17,67.29,2.86,68.4,455,201,4.29,40717.0,67.51
2,0.3,0.28,joint,244.06,69.2,2.61,66.9,405,195,3.82,34406.2,60.26
2,0.3,0.29,joint,332.43,67.29,2.94,68.5,460,196,4.34,43242.6,72.27
2,0.3,0.3,joint,301.64,67.25,2.85,69.0,462,194,4.36,40164.1,65.29
2,0.3,0.31,joint,271.17,69.42,2.74,69.0,439,191,4.14,37117.3,61.77
2,0.3,0.32,joint,164.66,75.22,2.26,70.1,341,174,3.22,26465.6,48.29
2,0.3,0.33,joint,213.36,74.56,2.48,67.9,393,185,3.71,31336.2,54.29
2,0.3,0.34,joint,146.58,71.16,2.15,69.8,298,168,2.81,24658.0,49.19
2,0.3,0.35,joint,100.09,80.58,1.88,68.9,257,155,2.42,20008.7,38.94
2,0.3,0.36,joint,292.5,70.33,2.79,67.8,407,182,3.84,39250.2,71.87
2,0.3,0.37,joint,232.73,73.22,2.53,68.2,368,170,3.47,33273.3,63.24
2,0.3,0.38,joint,119.21,78.9,1.98,68.7,294,157,2.77,21920.8,40.55
2,0.3,0.39,joint,129.82,75.01,2.04,69.8,242,145,2.28,22981.6,53.64
2,0.3,0.4,joint,129.46,73.68,2.03,69.3,244,141,2.3,22946.2,53.06
