day,strategy,tp_level,entry_time,exit_time,exit_reason,credit,exit_debit,exit_slip,fees,pnl_per_share,qty,pnl_total,portfolio_after
2025-09-26,IC_30d_25w,tp35,2025-09-26 10:00:00,2025-09-26 12:26:00,tp,8.025,5.2,0.2,0.052,2.573,2,514.6,10514.6
2025-09-26,IC_25d_25w,tp35,2025-09-26 10:00:00,2025-09-26 12:26:00,tp,6.175,3.9,0.2,0.052,2.0229999999999997,2,404.5999999999999,10919.2
2025-09-26,IC_20d_25w,tp45,2025-09-26 12:26:00,2025-09-26 13:46:00,tp,3.825,2.025,0.2,0.052,1.5480000000000003,2,309.6000000000001,11228.800000000001
2025-09-26,IC_30d_25w,tp45,2025-09-26 12:26:00,2025-09-26 13:48:00,tp,6.65,3.625,0.2,0.052,2.773,2,554.6,11783.400000000001
2025-09-26,IC_25d_25w,tp45,2025-09-26 13:46:00,2025-09-26 15:00:00,close_win,3.525,2.05,0.2,0.052,1.223,2,244.60000000000002,12028.000000000002
2025-09-26,IC_30d_25w,tp45,2025-09-26 13:48:00,2025-09-26 15:00:00,close_win,4.975,4.225,0.2,0.052,0.49800000000000005,2,99.60000000000001,12127.600000000002
2025-09-29,IC_15d_25w,tp30,2025-09-29 10:00:00,2025-09-29 10:31:00,tp,2.275,1.525,0.2,0.052,0.49800000000000005,1,49.800000000000004,12177.400000000001
2025-09-29,IC_20d_25w,tp30,2025-09-29 10:00:00,2025-09-29 10:38:00,tp,3.7,2.575,0.2,0.052,0.873,1,87.3,12264.7
2025-09-29,IC_25d_25w,tp30,2025-09-29 10:00:00,2025-09-29 10:54:00,tp,5.3,3.7,0.2,0.052,1.3479999999999996,1,134.79999999999995,12399.5
2025-09-29,IC_30d_25w,tp30,2025-09-29 10:00:00,2025-09-29 12:15:00,tp,7.475,5.1,0.2,0.052,2.1229999999999998,1,212.29999999999998,12611.8
2025-09-29,IC_15d_25w,tp30,2025-09-29 10:31:00,2025-09-29 12:15:00,tp,2.375,1.5,0.2,0.052,0.623,1,62.3,12674.099999999999
2025-09-29,IC_25d_25w,tp30,2025-09-29 10:54:00,2025-09-29 13:04:00,sl,4.4,9.5,0.2,0.052,-5.351999999999999,1,-535.1999999999999,12138.899999999998
2025-09-29,IC_10d_25w,tp30,2025-09-29 12:15:00,2025-09-29 13:48:00,tp,1.075,0.725,0.2,0.052,0.09799999999999998,1,9.799999999999997,12148.699999999997
2025-09-29,IC_15d_25w,tp30,2025-09-29 12:15:00,2025-09-29 13:53:00,tp,2.2,1.275,0.2,0.052,0.6730000000000003,1,67.30000000000003,12215.999999999996
2025-09-29,IC_20d_25w,tp30,2025-09-29 10:38:00,2025-09-29 14:13:00,tp,4.05,2.675,0.2,0.052,1.123,1,112.3,12328.299999999996
2025-09-29,IC_15d_25w,tp30,2025-09-29 13:53:00,2025-09-29 14:18:00,tp,1.25,0.875,0.2,0.052,0.123,1,12.3,12340.599999999995
2025-09-29,IC_10d_25w,tp30,2025-09-29 13:48:00,2025-09-29 14:20:00,tp,1.075,0.75,0.2,0.052,0.07299999999999995,2,14.59999999999999,12355.199999999995
2025-09-29,IC_10d_25w,tp10,2025-09-29 14:20:00,2025-09-29 14:31:00,tp,0.8,0.7,0.2,0.052,-0.1519999999999999,2,-30.399999999999984,12324.799999999996
2025-09-29,IC_15d_25w,tp10,2025-09-29 14:18:00,2025-09-29 14:37:00,tp,1.125,1.0,0.2,0.052,-0.127,1,-12.7,12312.099999999995
2025-09-29,IC_20d_25w,tp30,2025-09-29 14:13:00,2025-09-29 14:49:00,tp,2.775,1.9,0.2,0.052,0.623,1,62.3,12374.399999999994
2025-09-29,IC_10d_25w,tp50,2025-09-29 14:31:00,2025-09-29 15:00:00,close_win,0.7,0.5,0.2,0.052,-0.05200000000000005,2,-10.400000000000011,12363.999999999995
2025-09-29,IC_15d_25w,tp50,2025-09-29 14:37:00,2025-09-29 15:00:00,close_win,1.4,1.125,0.2,0.052,0.022999999999999902,1,2.29999999999999,12366.299999999994
2025-09-29,IC_20d_25w,tp50,2025-09-29 14:49:00,2025-09-29 15:00:00,close_win,1.9,1.75,0.2,0.052,-0.10200000000000009,1,-10.20000000000001,12356.099999999993
2025-09-30,IC_10d_25w,tp15,2025-09-30 10:00:00,2025-09-30 10:16:00,tp,2.125,1.725,0.2,0.052,0.1479999999999999,4,59.19999999999996,12415.299999999994
2025-09-30,IC_10d_25w,tp15,2025-09-30 10:16:00,2025-09-30 10:45:00,tp,2.125,1.75,0.2,0.052,0.123,4,49.2,12464.499999999995
2025-09-30,IC_10d_25w,tp15,2025-09-30 10:45:00,2025-09-30 11:23:00,tp,1.775,1.5,0.2,0.052,0.022999999999999902,4,9.19999999999996,12473.699999999995
2025-09-30,IC_10d_25w,tp15,2025-09-30 11:23:00,2025-09-30 12:03:00,tp,1.675,1.4,0.2,0.052,0.023000000000000125,4,9.200000000000049,12482.899999999996
2025-09-30,IC_10d_25w,tp15,2025-09-30 12:03:00,2025-09-30 12:49:00,tp,1.875,1.55,0.2,0.052,0.07299999999999995,4,29.19999999999998,12512.099999999997
2025-09-30,IC_10d_25w,tp15,2025-09-30 12:49:00,2025-09-30 13:06:00,tp,1.825,1.55,0.2,0.052,0.022999999999999902,4,9.19999999999996,12521.299999999997
2025-09-30,IC_10d_25w,tp15,2025-09-30 13:06:00,2025-09-30 13:36:00,tp,1.675,1.4,0.2,0.052,0.023000000000000125,4,9.200000000000049,12530.499999999998
2025-09-30,IC_10d_25w,tp15,2025-09-30 13:36:00,2025-09-30 13:57:00,tp,1.9,1.55,0.2,0.052,0.09799999999999986,4,39.199999999999946,12569.699999999999
2025-09-30,IC_10d_25w,tp15,2025-09-30 13:57:00,2025-09-30 14:04:00,tp,1.3,1.075,0.2,0.052,-0.02699999999999992,4,-10.799999999999969,12558.9
2025-09-30,IC_10d_25w,tp10,2025-09-30 14:04:00,2025-09-30 14:12:00,sl,1.5,3.125,0.2,0.052,-1.877,4,-750.8,11808.1
2025-10-01,IC_10d_25w,tp35,2025-10-01 10:00:00,2025-10-01 11:37:00,sl,1.9,3.875,0.2,0.052,-2.2270000000000003,4,-890.8000000000002,10917.3
2025-10-02,IC_15d_25w,tp35,2025-10-02 10:00:00,2025-10-02 12:27:00,tp,2.8,1.75,0.2,0.052,0.7979999999999998,1,79.79999999999998,10997.099999999999
2025-10-02,IC_20d_25w,tp35,2025-10-02 10:00:00,2025-10-02 12:35:00,tp,3.925,2.45,0.2,0.052,1.2229999999999996,1,122.29999999999997,11119.399999999998
2025-10-02,IC_25d_25w,tp35,2025-10-02 10:00:00,2025-10-02 12:36:00,tp,5.55,3.525,0.2,0.052,1.773,1,177.29999999999998,11296.699999999997
2025-10-02,IC_10d_25w,tp15,2025-10-02 12:27:00,2025-10-02 12:44:00,tp,1.3,1.05,0.2,0.052,-0.0020000000000000087,1,-0.20000000000000087,11296.499999999996
2025-10-02,IC_30d_25w,tp35,2025-10-02 10:00:00,2025-10-02 12:53:00,tp,7.6,4.525,0.2,0.052,2.822999999999999,1,282.2999999999999,11578.799999999996
2025-10-02,IC_20d_25w,tp15,2025-10-02 12:36:00,2025-10-02 12:59:00,tp,2.725,2.3,0.2,0.052,0.17300000000000026,1,17.300000000000026,11596.099999999995
2025-10-02,IC_15d_25w,tp15,2025-10-02 12:35:00,2025-10-02 13:01:00,tp,2.25,1.85,0.2,0.052,0.1479999999999999,1,14.79999999999999,11610.899999999994
2025-10-02,IC_10d_25w,tp15,2025-10-02 12:44:00,2025-10-02 13:03:00,tp,1.5,1.275,0.2,0.052,-0.02699999999999992,1,-2.699999999999992,11608.199999999993
2025-10-02,IC_25d_25w,tp15,2025-10-02 12:53:00,2025-10-02 13:11:00,tp,4.025,3.4,0.2,0.052,0.37300000000000044,1,37.30000000000005,11645.499999999993
2025-10-02,IC_20d_25w,tp15,2025-10-02 12:59:00,2025-10-02 13:16:00,tp,2.875,2.4,0.2,0.052,0.2230000000000001,1,22.300000000000008,11667.799999999992
2025-10-02,IC_15d_25w,tp15,2025-10-02 13:01:00,2025-10-02 13:16:00,tp,2.25,1.875,0.2,0.052,0.123,1,12.3,11680.099999999991
2025-10-02,IC_10d_25w,tp15,2025-10-02 13:03:00,2025-10-02 13:21:00,tp,1.475,1.25,0.2,0.052,-0.02699999999999992,1,-2.699999999999992,11677.39999999999
2025-10-02,IC_25d_25w,tp10,2025-10-02 13:11:00,2025-10-02 13:26:00,tp,3.4,2.95,0.2,0.052,0.19799999999999973,1,19.799999999999972,11697.19999999999
2025-10-02,IC_15d_25w,tp10,2025-10-02 13:16:00,2025-10-02 13:26:00,tp,1.875,1.65,0.2,0.052,-0.02699999999999992,1,-2.699999999999992,11694.499999999989
2025-10-02,IC_20d_25w,tp10,2025-10-02 13:16:00,2025-10-02 13:27:00,tp,3.25,2.925,0.2,0.052,0.07300000000000018,1,7.300000000000018,11701.799999999988
2025-10-02,IC_10d_25w,tp10,2025-10-02 13:21:00,2025-10-02 13:30:00,tp,1.05,0.925,0.2,0.052,-0.127,1,-12.7,11689.099999999988
2025-10-02,IC_15d_25w,tp10,2025-10-02 13:26:00,2025-10-02 13:35:00,tp,2.05,1.825,0.2,0.052,-0.027000000000000142,1,-2.7000000000000144,11686.399999999987
2025-10-02,IC_20d_25w,tp10,2025-10-02 13:27:00,2025-10-02 13:35:00,tp,2.05,1.825,0.2,0.052,-0.027000000000000142,1,-2.7000000000000144,11683.699999999986
2025-10-02,IC_10d_25w,tp10,2025-10-02 13:30:00,2025-10-02 13:37:00,tp,1.15,1.025,0.2,0.052,-0.127,1,-12.7,11670.999999999985
2025-10-02,IC_25d_25w,tp10,2025-10-02 13:26:00,2025-10-02 13:42:00,tp,3.65,3.275,0.2,0.052,0.123,1,12.3,11683.299999999985
2025-10-02,IC_20d_25w,tp10,2025-10-02 13:35:00,2025-10-02 13:42:00,tp,2.475,2.2,0.2,0.052,0.022999999999999902,1,2.29999999999999,11685.599999999984
2025-10-02,IC_10d_25w,tp10,2025-10-02 13:37:00,2025-10-02 13:46:00,tp,1.025,0.9,0.2,0.052,-0.1270000000000001,1,-12.700000000000012,11672.899999999983
2025-10-02,IC_15d_25w,tp10,2025-10-02 13:35:00,2025-10-02 13:58:00,tp,1.825,1.6,0.2,0.052,-0.027000000000000142,1,-2.7000000000000144,11670.199999999983
2025-10-02,IC_10d_25w,tp10,2025-10-02 13:46:00,2025-10-02 13:58:00,tp,1.15,1.025,0.2,0.052,-0.127,1,-12.7,11657.499999999982
2025-10-02,IC_25d_25w,tp10,2025-10-02 13:42:00,2025-10-02 14:01:00,tp,3.025,2.65,0.2,0.052,0.123,1,12.3,11669.799999999981
2025-10-02,IC_20d_25w,tp10,2025-10-02 13:42:00,2025-10-02 14:02:00,tp,2.2,1.9,0.2,0.052,0.04800000000000026,1,4.800000000000026,11674.59999999998
2025-10-02,IC_25d_25w,tp10,2025-10-02 14:01:00,2025-10-02 14:07:00,tp,2.65,2.35,0.2,0.052,0.047999999999999814,1,4.799999999999981,11679.39999999998
2025-10-02,IC_20d_25w,tp10,2025-10-02 14:02:00,2025-10-02 14:07:00,tp,2.625,2.35,0.2,0.052,0.022999999999999902,1,2.29999999999999,11681.699999999979
2025-10-02,IC_15d_25w,tp10,2025-10-02 13:58:00,2025-10-02 14:08:00,tp,2.075,1.85,0.2,0.052,-0.02699999999999992,1,-2.699999999999992,11678.999999999978
2025-10-02,IC_15d_25w,tp10,2025-10-02 14:08:00,2025-10-02 14:28:00,tp,1.675,1.5,0.2,0.052,-0.07699999999999996,1,-7.699999999999996,11671.299999999977
2025-10-02,IC_25d_25w,tp10,2025-10-02 14:07:00,2025-10-02 14:32:00,tp,3.3,2.95,0.2,0.052,0.09799999999999964,1,9.799999999999965,11681.099999999977
2025-10-02,IC_15d_25w,tp10,2025-10-02 14:28:00,2025-10-02 14:32:00,tp,2.0,1.8,0.2,0.052,-0.05200000000000005,1,-5.2000000000000055,11675.899999999976
2025-10-02,IC_15d_25w,tp10,2025-10-02 14:32:00,2025-10-02 14:47:00,tp,1.8,1.6,0.2,0.052,-0.05200000000000005,1,-5.2000000000000055,11670.699999999975
2025-10-02,IC_10d_25w,tp10,2025-10-02 13:58:00,2025-10-02 14:48:00,tp,1.025,0.875,0.2,0.052,-0.10200000000000009,1,-10.20000000000001,11660.499999999975
2025-10-02,IC_20d_25w,tp10,2025-10-02 14:07:00,2025-10-02 14:48:00,tp,2.35,2.075,0.2,0.052,0.022999999999999902,1,2.29999999999999,11662.799999999974
2025-10-02,IC_25d_25w,tp40,2025-10-02 14:32:00,2025-10-02 15:00:00,close_win,2.7,2.425,0.2,0.052,0.023000000000000347,1,2.3000000000000345,11665.099999999973
2025-10-02,IC_15d_25w,tp50,2025-10-02 14:47:00,2025-10-02 15:00:00,close_win,1.6,1.4,0.2,0.052,-0.05199999999999983,1,-5.199999999999983,11659.899999999972
2025-10-02,IC_10d_25w,tp50,2025-10-02 14:48:00,2025-10-02 15:00:00,close_win,0.75,0.6,0.2,0.052,-0.10199999999999998,1,-10.199999999999998,11649.699999999972
2025-10-02,IC_20d_25w,tp50,2025-10-02 14:48:00,2025-10-02 15:00:00,close_win,1.575,1.4,0.2,0.052,-0.07699999999999996,1,-7.699999999999996,11641.99999999997
2025-10-06,IC_20d_25w,tp35,2025-10-06 10:00:00,2025-10-06 13:25:00,sl,4.225,8.925,0.2,0.052,-4.952000000000001,1,-495.2000000000001,11146.79999999997
2025-10-06,IC_15d_25w,tp30,2025-10-06 10:00:00,2025-10-06 13:25:00,sl,2.85,5.725,0.2,0.052,-3.127,1,-312.7,10834.09999999997
2025-10-06,IC_30d_25w,tp35,2025-10-06 10:00:00,2025-10-06 14:33:00,sl,6.775,13.85,0.2,0.052,-7.326999999999999,1,-732.6999999999999,10101.399999999969
2025-10-06,IC_25d_25w,tp35,2025-10-06 10:00:00,2025-10-06 15:00:00,close_loss,4.775,6.475,0.2,0.052,-1.9519999999999993,1,-195.19999999999993,9906.199999999968
2025-10-07,IC_10d_25w,tp35,2025-10-07 10:00:00,2025-10-07 11:06:00,sl,1.65,3.425,0.2,0.052,-2.0269999999999997,3,-608.0999999999999,9298.099999999968
2025-10-08,IC_25d_25w,tp30,2025-10-08 10:00:00,2025-10-08 11:51:00,sl,5.5,11.225,0.2,0.052,-5.976999999999999,1,-597.6999999999999,8700.399999999967
2025-10-08,IC_30d_25w,tp35,2025-10-08 10:00:00,2025-10-08 12:18:00,sl,7.45,14.925,0.2,0.052,-7.727,2,-1545.4,7154.999999999967
2025-10-10,IC_20d_25w,tp15,2025-10-10 10:14:00,2025-10-10 10:33:00,tp,3.85,3.2,0.2,0.052,0.3979999999999999,2,79.59999999999998,7234.599999999968
2025-10-13,IC_25d_25w,tp35,2025-10-13 10:00:00,2025-10-13 11:40:00,tp,7.0,4.55,0.2,0.052,2.198,1,219.79999999999998,7454.399999999968
2025-10-13,IC_30d_25w,tp35,2025-10-13 10:00:00,2025-10-13 11:49:00,tp,9.6,6.2,0.2,0.052,3.1479999999999992,1,314.7999999999999,7769.199999999968
2025-10-13,IC_25d_25w,tp35,2025-10-13 11:40:00,2025-10-13 12:41:00,tp,6.825,4.4,0.2,0.052,2.1729999999999996,1,217.29999999999995,7986.499999999968
2025-10-13,IC_30d_25w,tp35,2025-10-13 11:49:00,2025-10-13 13:33:00,tp,7.975,5.175,0.2,0.052,2.5479999999999996,1,254.79999999999995,8241.299999999968
2025-10-13,IC_25d_25w,tp35,2025-10-13 12:41:00,2025-10-13 13:50:00,tp,5.3,3.425,0.2,0.052,1.623,1,162.3,8403.599999999968
2025-10-13,IC_30d_25w,tp35,2025-10-13 13:33:00,2025-10-13 14:05:00,tp,6.4,4.15,0.2,0.052,1.9979999999999998,1,199.79999999999998,8603.399999999967
2025-10-13,IC_10d_25w,tp35,2025-10-13 13:50:00,2025-10-13 14:40:00,tp,1.35,0.875,0.2,0.052,0.2230000000000001,1,22.300000000000008,8625.699999999966
2025-10-13,IC_10d_25w,tp25,2025-10-13 14:40:00,2025-10-13 14:57:00,sl,1.175,3.05,0.2,0.052,-2.127,1,-212.7,8412.999999999965
2025-10-13,IC_30d_25w,tp35,2025-10-13 14:05:00,2025-10-13 15:00:00,close_loss,4.85,6.825,0.2,0.052,-2.2270000000000008,1,-222.70000000000007,8190.299999999966
2025-10-15,IC_10d_25w,tp15,2025-10-15 10:00:00,2025-10-15 10:34:00,tp,2.1,1.7,0.2,0.052,0.14800000000000013,3,44.40000000000004,8234.699999999966
2025-10-15,IC_10d_25w,tp35,2025-10-15 10:34:00,2025-10-15 11:09:00,tp,2.05,1.325,0.2,0.052,0.4729999999999999,3,141.89999999999998,8376.599999999966
2025-10-15,IC_10d_25w,tp10,2025-10-15 11:09:00,2025-10-15 11:14:00,tp,1.875,1.625,0.2,0.052,-0.0020000000000000087,3,-0.6000000000000026,8375.999999999965
2025-10-15,IC_10d_25w,tp10,2025-10-15 11:14:00,2025-10-15 11:49:00,sl,2.0,4.15,0.2,0.052,-2.4020000000000006,3,-720.6000000000001,7655.399999999965
2025-10-16,IC_10d_25w,tp15,2025-10-16 10:00:00,2025-10-16 10:15:00,tp,2.925,2.475,0.2,0.052,0.19799999999999973,3,59.39999999999992,7714.799999999965
2025-10-16,IC_10d_25w,tp15,2025-10-16 10:15:00,2025-10-16 11:06:00,tp,2.575,2.125,0.2,0.052,0.19800000000000018,3,59.400000000000055,7774.199999999964
2025-10-16,IC_10d_25w,tp15,2025-10-16 11:06:00,2025-10-16 11:35:00,tp,2.525,2.1,0.2,0.052,0.17299999999999982,3,51.89999999999995,7826.099999999964
2025-10-16,IC_10d_25w,tp15,2025-10-16 11:35:00,2025-10-16 12:31:00,sl,2.55,6.25,0.2,0.052,-3.9520000000000004,3,-1185.6000000000001,6640.499999999964
2025-10-17,IC_10d_25w,tp35,2025-10-17 10:00:00,2025-10-17 11:09:00,tp,3.6,2.325,0.2,0.052,1.023,2,204.6,6845.099999999964
2025-10-17,IC_10d_25w,tp35,2025-10-17 11:09:00,2025-10-17 12:00:00,tp,3.05,1.975,0.2,0.052,0.8229999999999997,2,164.59999999999994,7009.699999999964
2025-10-17,IC_10d_25w,tp35,2025-10-17 12:00:00,2025-10-17 12:46:00,tp,2.825,1.7,0.2,0.052,0.8730000000000002,2,174.60000000000005,7184.299999999965
2025-10-17,IC_10d_25w,tp35,2025-10-17 12:46:00,2025-10-17 13:28:00,tp,2.325,1.475,0.2,0.052,0.5980000000000001,2,119.60000000000002,7303.899999999965
2025-10-17,IC_10d_25w,tp35,2025-10-17 13:28:00,2025-10-17 14:21:00,sl,2.4,5.825,0.2,0.052,-3.6770000000000005,2,-735.4000000000001,6568.499999999965
2025-10-20,IC_15d_25w,tp35,2025-10-20 10:00:00,2025-10-20 10:56:00,sl,3.275,6.925,0.2,0.052,-3.902,2,-780.4,5788.099999999966
2025-10-21,IC_30d_25w,tp30,2025-10-21 10:00:00,2025-10-21 13:01:00,tp,7.75,5.175,0.2,0.052,2.323,1,232.29999999999998,6020.399999999966
2025-10-21,IC_25d_25w,tp30,2025-10-21 10:00:00,2025-10-21 13:01:00,tp,6.75,4.675,0.2,0.052,1.8230000000000002,1,182.3,6202.699999999966
2025-10-21,IC_25d_25w,tp30,2025-10-21 13:01:00,2025-10-21 13:32:00,tp,4.4,3.0,0.2,0.052,1.1480000000000004,1,114.80000000000004,6317.499999999966
2025-10-21,IC_30d_25w,tp30,2025-10-21 13:01:00,2025-10-21 13:36:00,tp,6.6,4.55,0.2,0.052,1.7979999999999998,1,179.79999999999998,6497.2999999999665
2025-10-21,IC_25d_25w,tp45,2025-10-21 13:32:00,2025-10-21 14:38:00,tp,3.525,1.925,0.2,0.052,1.3479999999999999,1,134.79999999999998,6632.099999999967
2025-10-21,IC_30d_25w,tp45,2025-10-21 13:36:00,2025-10-21 14:54:00,tp,4.55,2.5,0.2,0.052,1.7979999999999998,1,179.79999999999998,6811.899999999967
2025-10-21,IC_10d_25w,tp50,2025-10-21 14:38:00,2025-10-21 15:00:00,close_loss,0.7,0.725,0.2,0.052,-0.277,1,-27.700000000000003,6784.199999999967
2025-10-21,IC_15d_25w,tp50,2025-10-21 14:54:00,2025-10-21 15:00:00,close_win,1.5,1.375,0.2,0.052,-0.127,1,-12.7,6771.499999999967
2025-10-23,IC_15d_25w,tp35,2025-10-23 10:00:00,2025-10-23 11:09:00,tp,3.075,1.975,0.2,0.052,0.8480000000000001,2,169.60000000000002,6941.099999999968
2025-10-23,IC_10d_25w,tp35,2025-10-23 11:09:00,2025-10-23 11:59:00,tp,1.85,1.2,0.2,0.052,0.39800000000000013,2,79.60000000000002,7020.699999999968
2025-10-23,IC_10d_25w,tp35,2025-10-23 11:59:00,2025-10-23 13:06:00,tp,1.925,1.25,0.2,0.052,0.42300000000000004,2,84.60000000000001,7105.299999999968
2025-10-23,IC_10d_25w,tp35,2025-10-23 13:06:00,2025-10-23 15:00:00,close_loss,1.05,1.15,0.2,0.052,-0.35199999999999987,2,-70.39999999999998,7034.899999999969
2025-10-24,IC_25d_25w,tp35,2025-10-24 10:00:00,2025-10-24 11:10:00,tp,5.6,3.575,0.2,0.052,1.7729999999999995,1,177.29999999999995,7212.199999999969
2025-10-24,IC_30d_25w,tp35,2025-10-24 10:00:00,2025-10-24 12:26:00,tp,7.175,4.525,0.2,0.052,2.3979999999999992,1,239.79999999999993,7451.999999999969
2025-10-24,IC_25d_25w,tp30,2025-10-24 11:10:00,2025-10-24 12:40:00,tp,5.175,3.575,0.2,0.052,1.3479999999999996,1,134.79999999999995,7586.799999999969
2025-10-24,IC_20d_25w,tp30,2025-10-24 12:26:00,2025-10-24 13:01:00,tp,3.3,2.2,0.2,0.052,0.8479999999999996,1,84.79999999999997,7671.599999999969
2025-10-24,IC_25d_25w,tp50,2025-10-24 13:01:00,2025-10-24 14:22:00,tp,4.325,2.075,0.2,0.052,1.9979999999999998,1,199.79999999999998,7871.39999999997
2025-10-24,IC_30d_25w,tp50,2025-10-24 12:40:00,2025-10-24 14:41:00,tp,6.15,3.025,0.2,0.052,2.873,1,287.3,8158.69999999997
2025-10-24,IC_10d_25w,tp50,2025-10-24 14:22:00,2025-10-24 15:00:00,close_win,0.9,0.475,0.2,0.052,0.17300000000000004,1,17.300000000000004,8175.99999999997
2025-10-24,IC_15d_25w,tp50,2025-10-24 14:41:00,2025-10-24 15:00:00,close_win,0.95,0.675,0.2,0.052,0.022999999999999902,1,2.29999999999999,8178.29999999997
2025-10-27,IC_20d_25w,tp35,2025-10-27 10:00:00,2025-10-27 11:04:00,tp,3.75,2.425,0.2,0.052,1.0730000000000002,1,107.30000000000001,8285.59999999997
2025-10-27,IC_25d_25w,tp35,2025-10-27 10:00:00,2025-10-27 11:12:00,tp,5.475,3.475,0.2,0.052,1.7479999999999996,1,174.79999999999995,8460.399999999969
2025-10-27,IC_30d_25w,tp35,2025-10-27 10:00:00,2025-10-27 11:15:00,tp,6.125,3.925,0.2,0.052,1.948,1,194.79999999999998,8655.199999999968
2025-10-27,IC_20d_25w,tp35,2025-10-27 11:04:00,2025-10-27 13:11:00,tp,3.2,2.025,0.2,0.052,0.9230000000000003,1,92.30000000000003,8747.499999999967
2025-10-27,IC_30d_25w,tp35,2025-10-27 11:15:00,2025-10-27 13:22:00,tp,5.35,3.35,0.2,0.052,1.7479999999999996,1,174.79999999999995,8922.299999999967
2025-10-27,IC_25d_25w,tp35,2025-10-27 11:12:00,2025-10-27 13:24:00,tp,4.75,3.075,0.2,0.052,1.4229999999999998,1,142.29999999999998,9064.599999999966
2025-10-27,IC_10d_25w,tp35,2025-10-27 13:11:00,2025-10-27 14:09:00,tp,0.825,0.525,0.2,0.052,0.047999999999999925,1,4.799999999999993,9069.399999999965
2025-10-27,IC_15d_25w,tp35,2025-10-27 13:22:00,2025-10-27 14:28:00,tp,1.2,0.75,0.2,0.052,0.19799999999999995,1,19.799999999999997,9089.199999999964
2025-10-27,IC_10d_25w,tp45,2025-10-27 14:09:00,2025-10-27 14:41:00,tp,0.65,0.35,0.2,0.052,0.048000000000000036,1,4.800000000000003,9093.999999999964
2025-10-27,IC_20d_25w,tp35,2025-10-27 13:24:00,2025-10-27 15:00:00,close_loss,2.05,2.3,0.2,0.052,-0.502,1,-50.2,9043.799999999963
2025-10-27,IC_15d_25w,tp45,2025-10-27 14:28:00,2025-10-27 15:00:00,close_win,1.3,1.1,0.2,0.052,-0.05200000000000005,1,-5.2000000000000055,9038.599999999962
2025-10-27,IC_10d_25w,tp35,2025-10-27 14:41:00,2025-10-27 15:00:00,close_win,0.675,0.625,0.2,0.052,-0.20199999999999996,1,-20.199999999999996,9018.399999999961
2025-10-31,IC_10d_25w,tp30,2025-10-31 10:00:00,2025-10-31 10:30:00,tp,2.825,1.975,0.2,0.052,0.5980000000000001,3,179.40000000000003,9197.799999999961
2025-10-31,IC_10d_25w,tp30,2025-10-31 10:30:00,2025-10-31 11:29:00,tp,2.575,1.775,0.2,0.052,0.5480000000000003,3,164.4000000000001,9362.19999999996
2025-10-31,IC_10d_25w,tp15,2025-10-31 11:29:00,2025-10-31 13:07:00,sl,2.05,4.15,0.2,0.052,-2.3520000000000008,3,-705.6000000000003,8656.59999999996
2025-11-03,IC_20d_25w,tp30,2025-11-03 10:00:00,2025-11-03 10:51:00,tp,6.275,4.325,0.2,0.052,1.6980000000000002,1,169.8,8826.39999999996
2025-11-03,IC_25d_25w,tp30,2025-11-03 10:00:00,2025-11-03 10:52:00,tp,7.9,5.425,0.2,0.052,2.2230000000000003,1,222.30000000000004,9048.699999999959
2025-11-03,IC_30d_25w,tp30,2025-11-03 10:00:00,2025-11-03 11:14:00,tp,9.975,6.9,0.2,0.052,2.822999999999999,1,282.2999999999999,9330.999999999958
2025-11-03,IC_20d_25w,tp30,2025-11-03 10:51:00,2025-11-03 11:51:00,tp,5.5,3.75,0.2,0.052,1.498,1,149.8,9480.799999999957
2025-11-03,IC_25d_25w,tp30,2025-11-03 10:52:00,2025-11-03 11:51:00,tp,6.4,4.4,0.2,0.052,1.748,1,174.8,9655.599999999957
2025-11-03,IC_30d_25w,tp30,2025-11-03 11:14:00,2025-11-03 13:50:00,tp,8.15,5.525,0.2,0.052,2.3729999999999998,1,237.29999999999998,9892.899999999956
2025-11-03,IC_20d_25w,tp30,2025-11-03 11:51:00,2025-11-03 13:50:00,tp,4.85,3.325,0.2,0.052,1.2729999999999995,1,127.29999999999994,10020.199999999955
2025-11-03,IC_25d_25w,tp30,2025-11-03 11:51:00,2025-11-03 14:00:00,tp,6.725,4.7,0.2,0.052,1.7729999999999995,1,177.29999999999995,10197.499999999955
2025-11-03,IC_10d_25w,tp20,2025-11-03 13:50:00,2025-11-03 14:14:00,tp,1.05,0.825,0.2,0.052,-0.02699999999999992,1,-2.699999999999992,10194.799999999954
2025-11-03,IC_15d_25w,tp20,2025-11-03 13:50:00,2025-11-03 14:16:00,tp,1.7,1.3,0.2,0.052,0.1479999999999999,1,14.79999999999999,10209.599999999953
2025-11-03,IC_20d_25w,tp20,2025-11-03 14:00:00,2025-11-03 14:25:00,tp,2.3,1.8,0.2,0.052,0.24799999999999978,1,24.799999999999976,10234.399999999952
2025-11-03,IC_10d_25w,tp20,2025-11-03 14:14:00,2025-11-03 14:31:00,tp,1.075,0.75,0.2,0.052,0.07299999999999995,1,7.299999999999995,10241.699999999952
2025-11-03,IC_15d_25w,tp40,2025-11-03 14:16:00,2025-11-03 14:54:00,tp,1.85,1.05,0.2,0.052,0.548,1,54.800000000000004,10296.49999999995
2025-11-03,IC_10d_25w,tp40,2025-11-03 14:31:00,2025-11-03 14:58:00,tp,1.15,0.675,0.2,0.052,0.22299999999999986,1,22.299999999999986,10318.79999999995
2025-11-03,IC_20d_25w,tp40,2025-11-03 14:25:00,2025-11-03 15:00:00,close_win,2.55,1.55,0.2,0.052,0.7479999999999998,1,74.79999999999998,10393.59999999995
2025-11-03,IC_15d_25w,tp40,2025-11-03 14:54:00,2025-11-03 15:00:00,close_win,1.65,1.55,0.2,0.052,-0.15200000000000014,1,-15.200000000000014,10378.399999999949
2025-11-03,IC_10d_25w,tp40,2025-11-03 14:58:00,2025-11-03 15:00:00,close_loss,0.95,0.95,0.2,0.052,-0.252,1,-25.2,10353.199999999948
2025-11-04,IC_20d_25w,tp35,2025-11-04 10:00:00,2025-11-04 10:45:00,tp,5.55,3.6,0.2,0.052,1.6979999999999997,1,169.79999999999998,10522.999999999947
2025-11-04,IC_15d_25w,tp35,2025-11-04 10:00:00,2025-11-04 10:45:00,tp,4.025,2.55,0.2,0.052,1.2230000000000005,1,122.30000000000005,10645.299999999947
2025-11-04,IC_25d_25w,tp35,2025-11-04 10:00:00,2025-11-04 10:48:00,tp,7.45,4.8,0.2,0.052,2.398,1,239.8,10885.099999999946
2025-11-04,IC_30d_25w,tp35,2025-11-04 10:00:00,2025-11-04 11:17:00,tp,9.05,5.85,0.2,0.052,2.948000000000001,1,294.80000000000007,11179.899999999945
2025-11-04,IC_10d_25w,tp15,2025-11-04 10:45:00,2025-11-04 11:18:00,tp,2.025,1.7,0.2,0.052,0.07299999999999995,1,7.299999999999995,11187.199999999944
2025-11-04,IC_20d_25w,tp20,2025-11-04 10:45:00,2025-11-04 11:40:00,tp,4.5,3.6,0.2,0.052,0.6479999999999999,1,64.8,11251.999999999944
2025-11-04,IC_15d_25w,tp25,2025-11-04 11:17:00,2025-11-04 11:53:00,tp,3.425,2.525,0.2,0.052,0.6479999999999999,1,64.8,11316.799999999943
2025-11-04,IC_10d_25w,tp25,2025-11-04 11:53:00,2025-11-04 12:51:00,tp,2.275,1.7,0.2,0.052,0.32299999999999995,1,32.3,11349.099999999942
2025-11-04,IC_20d_25w,tp30,2025-11-04 11:40:00,2025-11-04 13:20:00,sl,4.35,9.75,0.2,0.052,-5.652,1,-565.2,10783.899999999941
2025-11-04,IC_25d_25w,tp30,2025-11-04 10:48:00,2025-11-04 13:40:00,sl,6.3,12.9,0.2,0.052,-6.852,1,-685.2,10098.69999999994
2025-11-04,IC_10d_25w,tp25,2025-11-04 12:51:00,2025-11-04 13:51:00,tp,2.2,1.5,0.2,0.052,0.44800000000000023,1,44.800000000000026,10143.49999999994
2025-11-04,IC_10d_25w,tp30,2025-11-04 13:51:00,2025-11-04 14:08:00,tp,1.625,1.1,0.2,0.052,0.2729999999999999,3,81.89999999999998,10225.39999999994
2025-11-04,IC_10d_25w,tp30,2025-11-04 14:08:00,2025-11-04 14:29:00,tp,1.7,1.15,0.2,0.052,0.29800000000000004,3,89.4,10314.79999999994
2025-11-04,IC_10d_25w,tp50,2025-11-04 14:29:00,2025-11-04 14:39:00,sl,1.675,3.375,0.2,0.052,-1.952,3,-585.5999999999999,9729.199999999939
2025-11-04,IC_30d_25w,tp30,2025-11-04 11:18:00,2025-11-04 15:00:00,close_loss,7.825,11.65,0.2,0.052,-4.077,1,-407.7,9321.499999999938
2025-11-05,IC_15d_25w,tp35,2025-11-05 10:00:00,2025-11-05 10:51:00,tp,3.9,2.525,0.2,0.052,1.123,3,336.9,9658.399999999938
2025-11-05,IC_10d_25w,tp35,2025-11-05 10:51:00,2025-11-05 12:35:00,sl,2.325,4.725,0.2,0.052,-2.6519999999999997,3,-795.5999999999999,8862.799999999937
2025-11-06,IC_10d_25w,tp30,2025-11-06 10:00:00,2025-11-06 10:33:00,tp,2.75,1.9,0.2,0.052,0.5980000000000001,3,179.40000000000003,9042.199999999937
2025-11-06,IC_10d_25w,tp15,2025-11-06 10:33:00,2025-11-06 11:46:00,sl,2.825,5.7,0.2,0.052,-3.1270000000000002,3,-938.1000000000001,8104.099999999937
2025-11-10,IC_10d_25w,tp15,2025-11-10 10:00:00,2025-11-10 10:06:00,tp,2.225,1.875,0.2,0.052,0.09800000000000009,3,29.400000000000023,8133.499999999936
2025-11-10,IC_10d_25w,tp35,2025-11-10 10:06:00,2025-11-10 12:04:00,tp,2.175,1.275,0.2,0.052,0.6479999999999999,3,194.39999999999998,8327.899999999936
2025-11-10,IC_10d_25w,tp15,2025-11-10 12:04:00,2025-11-10 12:22:00,tp,1.6,1.35,0.2,0.052,-0.0020000000000000087,3,-0.6000000000000026,8327.299999999936
2025-11-10,IC_10d_25w,tp15,2025-11-10 12:22:00,2025-11-10 12:52:00,sl,1.975,4.175,0.2,0.052,-2.452,3,-735.5999999999999,7591.699999999935
2025-11-11,IC_10d_25w,tp35,2025-11-11 10:00:00,2025-11-11 11:19:00,tp,1.8,1.05,0.2,0.052,0.49800000000000005,3,149.4,7741.099999999935
2025-11-11,IC_20d_25w,tp35,2025-11-11 11:19:00,2025-11-11 13:01:00,sl,3.725,7.775,0.2,0.052,-4.3020000000000005,1,-430.20000000000005,7310.899999999935
2025-11-11,IC_25d_25w,tp35,2025-11-11 11:19:00,2025-11-11 13:02:00,sl,5.325,12.1,0.2,0.052,-7.026999999999999,1,-702.6999999999999,6608.199999999935
2025-11-11,IC_30d_25w,tp35,2025-11-11 11:19:00,2025-11-11 13:17:00,sl,7.5,15.375,0.2,0.052,-8.126999999999999,1,-812.6999999999999,5795.499999999935
2025-11-14,IC_10d_25w,tp25,2025-11-14 10:00:00,2025-11-14 11:25:00,sl,3.0,6.2,0.2,0.052,-3.4520000000000004,2,-690.4000000000001,5105.099999999935
2025-11-17,IC_10d_25w,tp15,2025-11-17 10:00:00,2025-11-17 10:29:00,tp,2.6,2.05,0.2,0.052,0.29800000000000026,2,59.60000000000005,5164.699999999935
2025-11-17,IC_10d_25w,tp15,2025-11-17 10:29:00,2025-11-17 11:30:00,tp,2.675,2.225,0.2,0.052,0.19799999999999973,2,39.599999999999945,5204.299999999936
2025-11-17,IC_10d_25w,tp25,2025-11-17 11:30:00,2025-11-17 12:19:00,tp,2.575,1.925,0.2,0.052,0.39800000000000013,2,79.60000000000002,5283.899999999936
2025-11-18,IC_30d_25w,tp35,2025-11-18 10:00:00,2025-11-18 15:00:00,close_loss,12.05,17.75,0.2,0.052,-5.951999999999999,1,-595.1999999999999,4688.699999999936
2025-11-18,IC_25d_25w,tp45,2025-11-18 10:00:00,2025-11-18 15:00:00,close_loss,9.75,14.1,0.2,0.052,-4.601999999999999,1,-460.19999999999993,4228.499999999936
2025-11-20,IC_10d_25w,tp15,2025-11-20 10:00:00,2025-11-20 10:18:00,tp,2.85,2.225,0.2,0.052,0.373,1,37.3,4265.7999999999365
2025-11-20,IC_10d_25w,tp15,2025-11-20 10:18:00,2025-11-20 10:50:00,tp,2.475,2.075,0.2,0.052,0.1479999999999999,1,14.79999999999999,4280.599999999937
2025-11-20,IC_10d_25w,tp30,2025-11-20 10:50:00,2025-11-20 11:16:00,sl,2.3,4.8,0.2,0.052,-2.7520000000000002,1,-275.20000000000005,4005.399999999937
2025-11-21,IC_10d_25w,tp30,2025-11-21 10:00:00,2025-11-21 11:10:00,tp,3.425,2.375,0.2,0.052,0.7979999999999998,1,79.79999999999998,4085.199999999937
2025-11-21,IC_10d_25w,tp35,2025-11-21 11:10:00,2025-11-21 11:57:00,sl,3.125,7.25,0.2,0.052,-4.377,1,-437.7,3647.4999999999372
2025-11-24,IC_10d_25w,tp15,2025-11-24 10:00:00,2025-11-24 10:53:00,tp,2.925,2.35,0.2,0.052,0.32299999999999973,1,32.299999999999976,3679.7999999999374
2025-11-24,IC_10d_25w,tp15,2025-11-24 10:53:00,2025-11-24 11:33:00,tp,2.05,1.6,0.2,0.052,0.19799999999999973,1,19.799999999999972,3699.5999999999376
2025-11-24,IC_10d_25w,tp25,2025-11-24 11:33:00,2025-11-24 12:14:00,tp,1.85,1.375,0.2,0.052,0.2230000000000001,1,22.300000000000008,3721.899999999938
2025-11-24,IC_10d_25w,tp25,2025-11-24 12:14:00,2025-11-24 12:41:00,sl,1.6,3.275,0.2,0.052,-1.9269999999999998,1,-192.7,3529.199999999938
2025-11-25,IC_10d_25w,tp15,2025-11-25 10:00:00,2025-11-25 10:36:00,tp,2.625,2.2,0.2,0.052,0.17299999999999982,1,17.299999999999983,3546.499999999938
2025-11-25,IC_10d_25w,tp25,2025-11-25 10:36:00,2025-11-25 11:16:00,tp,2.2,1.6,0.2,0.052,0.3480000000000001,1,34.80000000000001,3581.2999999999383
2025-11-25,IC_10d_25w,tp15,2025-11-25 11:16:00,2025-11-25 12:06:00,sl,2.45,5.525,0.2,0.052,-3.3270000000000004,1,-332.70000000000005,3248.5999999999385
2025-11-26,IC_20d_25w,tp35,2025-11-26 10:00:00,2025-11-26 11:39:00,sl,5.0,10.075,0.2,0.052,-5.326999999999999,1,-532.6999999999999,2715.8999999999387
2025-11-28,IC_10d_25w,tp30,2025-11-28 10:00:00,2025-11-28 10:13:00,tp,2.4,1.675,0.2,0.052,0.4729999999999999,1,47.29999999999999,2763.199999999939
2025-11-28,IC_10d_25w,tp30,2025-11-28 10:13:00,2025-11-28 10:46:00,tp,1.975,1.35,0.2,0.052,0.373,1,37.3,2800.499999999939
2025-11-28,IC_10d_25w,tp30,2025-11-28 10:46:00,2025-11-28 11:17:00,tp,1.775,1.175,0.2,0.052,0.34799999999999986,1,34.79999999999998,2835.2999999999392
2025-11-28,IC_20d_25w,tp25,2025-11-28 11:17:00,2025-11-28 11:39:00,tp,3.425,2.55,0.2,0.052,0.623,1,62.3,2897.5999999999394
2025-11-28,IC_10d_25w,tp25,2025-11-28 11:39:00,2025-11-28 12:12:00,tp,1.675,1.25,0.2,0.052,0.17300000000000004,1,17.300000000000004,2914.8999999999396
2025-11-28,IC_15d_25w,tp30,2025-11-28 12:12:00,2025-11-28 12:47:00,tp,1.875,1.3,0.2,0.052,0.32299999999999995,1,32.3,2947.19999999994
2025-11-28,IC_25d_25w,tp15,2025-11-28 12:47:00,2025-11-28 12:50:00,tp,3.05,2.35,0.2,0.052,0.44799999999999973,1,44.799999999999976,2991.99999999994
2025-11-28,IC_25d_25w,tp15,2025-11-28 12:50:00,2025-11-28 12:55:00,tp,3.5,2.725,0.2,0.052,0.5229999999999999,1,52.29999999999999,3044.29999999994
2025-12-01,IC_30d_25w,tp35,2025-12-01 10:00:00,2025-12-01 11:31:00,tp,9.475,6.15,0.2,0.052,3.072999999999999,1,307.2999999999999,3351.59999999994
2025-12-01,IC_30d_25w,tp25,2025-12-01 11:31:00,2025-12-01 12:40:00,tp,7.35,5.375,0.2,0.052,1.7229999999999996,1,172.29999999999995,3523.8999999999396
2025-12-01,IC_30d_25w,tp35,2025-12-01 12:40:00,2025-12-01 14:14:00,tp,6.7,4.3,0.2,0.052,2.148,1,214.8,3738.69999999994
2025-12-01,IC_10d_25w,tp40,2025-12-01 14:14:00,2025-12-01 14:26:00,sl,1.1,2.2,0.2,0.052,-1.352,1,-135.20000000000002,3603.49999999994
2025-12-02,IC_25d_25w,tp30,2025-12-02 10:00:00,2025-12-02 11:10:00,tp,6.1,4.225,0.2,0.052,1.623,1,162.3,3765.79999999994
2025-12-02,IC_10d_25w,tp35,2025-12-02 11:10:00,2025-12-02 11:24:00,sl,1.875,4.1,0.2,0.052,-2.477,1,-247.7,3518.0999999999403
2025-12-03,IC_10d_25w,tp35,2025-12-03 10:00:00,2025-12-03 10:55:00,tp,2.35,1.475,0.2,0.052,0.623,1,62.3,3580.3999999999405
2025-12-03,IC_30d_25w,tp35,2025-12-03 10:55:00,2025-12-03 15:00:00,close_loss,8.475,10.525,0.2,0.052,-2.302000000000001,1,-230.2000000000001,3350.1999999999402
2025-12-04,IC_30d_25w,tp30,2025-12-04 10:00:00,2025-12-04 11:27:00,tp,10.075,6.95,0.2,0.052,2.872999999999999,1,287.2999999999999,3637.49999999994
2025-12-04,IC_30d_25w,tp30,2025-12-04 11:27:00,2025-12-04 12:33:00,tp,8.5,5.8,0.2,0.052,2.448,1,244.79999999999998,3882.29999999994
2025-12-04,IC_30d_25w,tp30,2025-12-04 12:33:00,2025-12-04 13:41:00,tp,7.55,5.2,0.2,0.052,2.0979999999999994,1,209.79999999999995,4092.0999999999403
2025-12-04,IC_10d_25w,tp10,2025-12-04 13:41:00,2025-12-04 13:50:00,tp,1.25,1.075,0.2,0.052,-0.07699999999999996,1,-7.699999999999996,4084.3999999999405
2025-12-04,IC_10d_25w,tp10,2025-12-04 13:50:00,2025-12-04 13:52:00,tp,1.075,0.95,0.2,0.052,-0.127,1,-12.7,4071.6999999999407
2025-12-04,IC_10d_25w,tp10,2025-12-04 13:52:00,2025-12-04 13:58:00,tp,0.95,0.85,0.2,0.052,-0.15200000000000002,1,-15.200000000000003,4056.499999999941
2025-12-04,IC_10d_25w,tp10,2025-12-04 13:58:00,2025-12-04 14:17:00,sl,1.05,2.3,0.2,0.052,-1.5019999999999998,1,-150.2,3906.299999999941
2025-12-08,IC_10d_25w,tp35,2025-12-08 10:00:00,2025-12-08 12:53:00,tp,2.05,1.325,0.2,0.052,0.4729999999999999,1,47.29999999999999,3953.5999999999412
2025-12-08,IC_10d_25w,tp15,2025-12-08 12:53:00,2025-12-08 13:09:00,tp,1.575,1.325,0.2,0.052,-0.0020000000000000087,1,-0.20000000000000087,3953.3999999999414
2025-12-08,IC_10d_25w,tp10,2025-12-08 13:09:00,2025-12-08 13:16:00,tp,1.5,1.35,0.2,0.052,-0.10200000000000009,1,-10.20000000000001,3943.1999999999416
2025-12-08,IC_10d_25w,tp35,2025-12-08 13:16:00,2025-12-08 13:35:00,sl,1.35,3.0,0.2,0.052,-1.902,1,-190.2,3752.999999999942
2025-12-12,IC_10d_25w,tp25,2025-12-12 10:00:00,2025-12-12 10:26:00,sl,2.175,4.5,0.2,0.052,-2.5770000000000004,1,-257.70000000000005,3495.299999999942
2025-12-15,IC_20d_25w,tp25,2025-12-15 10:00:00,2025-12-15 11:16:00,tp,5.4,4.025,0.2,0.052,1.123,1,112.3,3607.599999999942
2025-12-15,IC_10d_25w,tp25,2025-12-15 11:16:00,2025-12-15 11:30:00,tp,2.375,1.775,0.2,0.052,0.3480000000000001,1,34.80000000000001,3642.3999999999423
2025-12-15,IC_10d_25w,tp25,2025-12-15 11:30:00,2025-12-15 11:37:00,sl,1.8,3.825,0.2,0.052,-2.2770000000000006,1,-227.70000000000005,3414.6999999999425
2025-12-16,IC_30d_25w,tp35,2025-12-16 10:00:00,2025-12-16 13:19:00,sl,9.475,19.05,0.2,0.052,-9.827,1,-982.7,2431.9999999999427
