label,delta,si_width,gap,li_width,num_trades,avg_pnl_dollar,median_pnl_dollar,total_pnl_dollar,win_rate,avg_net_credit,avg_pnl_pct,std_pnl_dollar,min_pnl_dollar,max_pnl_dollar,p5_pnl,p95_pnl,sharpe,profit_factor
d20_si25_g0_li10,0.2,25,0,10,71094,28.030718485385638,338.5999999999999,1992815.9000000064,0.7624412749317805,4.971751610543787,8.213164451266321,1550.128757356412,-35020.90000000004,3936.099999999999,-1745.8999999999774,883.6000000000003,0.28705606484948193,1.085772007719454
d20_si20_g0_li10,0.2,20,0,10,71323,26.6662058522497,328.59999999999997,1901913.8000000054,0.7592922339217363,4.82991009912651,7.954350468526755,1535.1890531707518,-35040.90000000004,3921.1,-1508.9,861.0999999999999,0.27573991209352655,1.083923378859653
d20_si10_g0_li10,0.2,10,0,10,71433,26.44972631696845,283.59999999999997,1889383.3000000075,0.7505774641972198,4.299118236669327,9.332675258884962,1500.5725450879347,-35075.90000000004,4046.1,-913.8000000000266,793.6,0.27981078945963805,1.0949532065366643
d20_si15_g0_li10,0.2,15,0,10,71259,24.56536577835795,311.09999999999997,1750503.4000000092,0.7557782174883173,4.613642824064329,8.020989301774051,1519.7297472328316,-35065.900000000045,4061.1,-1193.9,828.5999999999999,0.25660028896538145,1.0809208597516549
d20_si25_g10_li10,0.2,25,10,10,70810,24.42754554441471,283.79999999996,1729714.5000000056,0.7419291060584663,3.6227998164101116,5.349862593476841,634.5502708823924,-2357.7,1654.8000000000002,-1506.9750000000186,524.8000000000001,0.6111025110147996,1.106865546908164
d20_si25_g0_li15,0.2,25,0,15,71076,23.24976222634936,331.1,1652500.100000007,0.7592858348809725,4.807161503179695,7.719830496357742,1503.711750733671,-34650.90000000004,3756.100000000001,-1741.4,841.0999999999999,0.24544500179222983,1.072910087294614
d20_si25_g10_li15,0.2,25,10,15,70653,22.50580159370452,279.8,1590102.4000000053,0.7406196481394987,3.523332257653603,5.129110126803715,623.5346991668633,-2357.7,2589.8,-1522.2000000000253,497.30000000000007,0.5729729635190864,1.10085437371574
d15_si25_g10_li10,0.15,25,10,10,70559,22.464394336654568,212.3,1585065.2000000097,0.8035119545345031,2.5010144985047975,6.909686587565224,538.8427287120649,-2385.2,542.3,-1287.2500000000393,377.2999999999999,0.6618094401370551,1.1297436204534599
d20_si25_g5_li10,0.2,25,5,10,70981,22.20087488201073,279.8,1575840.3000000035,0.7403248756709542,3.547017694876094,4.834865121339809,620.0971120801926,-2367.7,799.7999999999997,-1458.7000000000398,509.8,0.5683431773660447,1.0985738780123722
d15_si25_g10_li15,0.15,25,10,15,70453,21.587603082906472,209.8,1520911.4000000097,0.8026911558059984,2.430030573573872,6.899516994538065,527.3651173874009,-2385.2,499.8,-1269.1999999999925,357.30000000000007,0.6498203306539705,1.1282525478060137
d20_si25_g10_li20,0.2,25,10,20,70688,21.429456201901374,277.29999999999995,1514805.4000000043,0.741540289723857,3.443656971480308,5.115449872698458,619.0520558388488,-2357.7,1454.8000000000002,-1533.5250000000242,477.30000000000007,0.5495209455181046,1.0980801691158188
d20_si20_g0_li15,0.2,20,0,15,71089,21.110852593228245,319.60000000000355,1500749.4000000027,0.7573464249039936,4.623192111297106,7.507281620723994,1486.008568584556,-34670.90000000004,3776.099999999999,-1489.1999999999846,803.6000000000001,0.22551982716799562,1.0687062240859375
d5_si25_g0_li10,0.05,25,0,10,70219,20.905971318304413,88.6,1467996.4000000176,0.9493157122716074,1.0022641165496518,17.637655066418983,611.0408191914821,-13476.39999999998,496.1,-12.999999999960252,188.6,0.5431257548162212,1.2824281127785977
d15_si25_g10_li20,0.15,25,10,20,70386,20.74035745744903,207.3,1459830.8000000075,0.8018640070468559,2.373210979456142,6.921127226600376,522.7151931495763,-2385.2,464.80000000000007,-1274.575000000014,344.8,0.6298706674779022,1.1260363286397268
d5_si20_g0_li10,0.05,20,0,10,70526,20.51777500496296,86.1,1447036.6000000178,0.949139324504438,0.9794031421036213,17.28224800758712,603.5744861243566,-13476.39999999998,511.1,-15.399999999978172,186.1,0.5396344414895416,1.2840699691200046
d15_si25_g5_li10,0.15,25,5,10,70668,20.143429840946553,209.8,1423495.900000011,0.8023008999830192,2.4487850087734193,6.20788078289012,527.9586288793204,-2392.7,557.3000000000001,-1260.2,364.8,0.6056668420116367,1.117672718401464
d5_si25_g0_li15,0.05,25,0,15,70163,20.17201088893031,86.09999999999998,1415328.8000000173,0.9491042287245415,0.9673633966620584,18.4988398719297,580.8228439021813,-12978.89999999998,378.5999999999999,-16.90000000001094,181.1,0.5513225743426666,1.2824068258014982
d20_si25_g10_li25,0.2,25,10,25,70505,19.926657683852252,277.3,1404929.000000003,0.7501737465427983,3.3786595276930718,4.953977463544166,620.345485632096,-2357.7,594.8000000000004,-1544.100000000005,464.80000000000007,0.5099188943574026,1.090846134383755
d15_si25_g10_li25,0.15,25,10,25,70227,19.911716291454947,204.8,1398340.1000000066,0.80960314408988,2.3262209833824596,6.9937373704840695,522.6072924280118,-2385.2,442.30000000000007,-1280.2000000000016,334.8,0.6048302453519997,1.1216145171790348
d20_si25_g0_li20,0.2,25,0,20,70961,19.43150603852831,326.1,1378879.1000000073,0.7576415213990784,4.679151519848931,7.424934815300262,1462.8870401638983,-34265.90000000004,3421.1,-1749.3999999999749,803.5999999999999,0.21086084365735783,1.0621769760412147
d20_si25_g5_li15,0.2,25,5,15,70799,19.37514936651653,274.79999999999995,1371741.200000004,0.7383861353973926,3.4232574188900977,4.4435600390020635,606.0500279338474,-2367.7,612.3,-1470.700000000029,474.8000000000001,0.507500943576844,1.0885155312344585
d5_si25_g0_li20,0.05,25,0,20,69943,19.535783423645213,83.6,1366391.3000000173,0.9489441402284717,0.9392329897202008,19.084315466494104,553.7246520384535,-12481.39999999998,353.6,-21.900000000010927,173.6,0.5600634656467541,1.2816355179936587
d5_si25_g0_li25,0.05,25,0,25,69827,19.263339395935915,81.10000000000001,1345101.2000000172,0.9488593237572859,0.9154470620247183,20.006016249679227,527.964169941585,-11981.39999999998,341.09999999999997,-24.400000000010923,166.10000000000002,0.5791984573640889,1.2859076376530059
d5_si15_g0_li10,0.05,15,0,10,70428,19.026066337252484,81.10000000000001,1339967.800000018,0.9491395467711705,0.9418151587436814,16.57082840432577,597.5832770115653,-13483.89999999998,523.6,-19.399999999992744,178.60000000000002,0.505418159034729,1.2712488280352083
d5_si20_g0_li15,0.05,20,0,15,70186,19.09021884706376,81.10000000000001,1339866.100000017,0.9488786937565896,0.9354553757159547,17.40837827800175,572.0750081784147,-12981.39999999998,1992.6000000000056,-23.89999999996362,173.60000000000005,0.5297344315454889,1.2753346667712815
d5_si20_g0_li20,0.05,20,0,20,70341,18.81286305284282,78.60000000000001,1323315.6000000166,0.9490766409348744,0.9003678651142292,18.67769896078644,541.3427536708786,-12483.89999999998,423.6,-23.40000000000728,166.1,0.5516744068272738,1.2831083479651366
d15_si25_g5_li15,0.15,25,5,15,70533,18.529119702834276,204.8,1306914.40000001,0.8011852607999093,2.362089149759687,5.995626254747676,514.1948951030291,-2392.7,502.30000000000007,-1229.7000000000144,342.3,0.5720411837634877,1.1117817313867986
d15_si25_g0_li10,0.15,25,0,10,70911,18.3292310078833,263.59999999999997,1299744.1000000127,0.815035749037526,3.4952126045324423,9.397975014680025,1395.737949295871,-33400.90000000004,2651.1000000000004,-1450.3999999999874,643.6000000000001,0.20846858965629383,1.0709861702965608
d20_si15_g0_li15,0.2,15,0,15,71205,18.05940594059414,298.6,1285920.0000000058,0.7514921704936451,4.345245839477564,7.266828712617252,1464.4749499302675,-34700.90000000004,3771.1,-1158.9,761.1,0.19575902044613216,1.0623055767008776
d15_si25_g5_li20,0.15,25,5,20,70571,18.20641339927178,202.29999999999995,1284844.800000009,0.8012356350342209,2.291489535361551,6.236586025449801,507.45480513723516,-2392.7,459.80000000000007,-1233.2000000000198,327.2999999999999,0.5695440259892347,1.113404901028636
d20_si25_g5_li20,0.2,25,5,20,70760,18.12227953646131,272.29999999999995,1282332.5000000023,0.7375353306953081,3.3243796636517806,4.429182877890625,600.2036237966267,-2367.7,1174.7999999999995,-1485.6999999999775,452.2999999999999,0.4793077843127243,1.0850843429342532
d20_si25_g0_li25,0.2,25,0,25,70886,18.040129221567106,323.59999999999997,1278792.600000006,0.7569195609852439,4.576246310978191,7.478370917137599,1426.1332411646383,-33880.900000000045,3721.1,-1759.3999999999749,773.6,0.20080744559642041,1.0588737271130055
d20_si10_g0_li15,0.2,10,0,15,71307,17.84790693760788,266.0999999999999,1272680.700000005,0.7442747556340892,3.9355964631803326,8.355374492719672,1440.5770920811465,-34725.90000000004,3891.100000000001,-778.9,711.1,0.1966758604152853,1.0686414604267918
d5_si20_g0_li25,0.05,20,0,25,69942,17.87032398272878,78.59999999999997,1249886.2000000165,0.9486574590374882,0.8708288581967917,19.101498132054278,515.0102885550125,-11986.39999999998,401.1,-29.37500000001026,158.6,0.5508289930181065,1.2768805060347879
d5_si15_g0_li15,0.05,15,0,15,70326,17.527281517504434,76.1,1232623.6000000169,0.9486960725762876,0.8863569092512016,16.36713843677929,562.3080514411148,-12983.89999999998,486.1000000000001,-26.900000000010927,166.10000000000002,0.4948123499440062,1.2641352397963959
d15_si25_g5_li25,0.15,25,5,25,70366,17.271058465736388,199.8,1215295.3000000068,0.8107182446067703,2.234757453883978,6.271137389159248,507.22145557911244,-2392.7,1019.7999999999998,-1240.2000000000091,314.8,0.5405322477183907,1.1084097321754556
d20_si25_g5_li25,0.2,25,5,25,70666,17.12703138708858,272.29999999999995,1210298.8000000014,0.7497382050774064,3.2448329889904626,4.460901329590351,600.3882290979332,-2367.7,559.8000000000003,-1491.2000000000216,437.3000000000001,0.45284564437697433,1.080379392703632
d20_si20_g0_li20,0.2,20,0,20,71158,16.604504061384567,313.59999999999997,1181543.300000003,0.7544197419826302,4.462695873970601,6.96723729150102,1440.7173346663433,-34300.90000000004,3606.099999999999,-1486.3999999999844,761.1,0.18295631210750848,1.0554673134157817
d15_si20_g0_li10,0.15,20,0,10,71191,16.450711466337154,256.09999999999997,1171142.6000000082,0.8130662583753564,3.4033273307019147,8.970505430188718,1389.04150652886,-33410.900000000045,2791.1000000000004,-1413.9,626.1000000000001,0.18800514408862634,1.065143147122897
d5_si15_g0_li20,0.05,15,0,20,70223,16.60603078763391,73.6,1166125.3000000159,0.9484926591002948,0.8448763652934224,16.763860539295624,530.414543382239,-12488.89999999998,1997.600000000004,-33.349999999975076,156.10000000000002,0.49699347360805296,1.262602962910556
d10_si25_g10_li10,0.1,25,10,10,70272,16.238175944900092,132.29999999999998,1141089.1000000192,0.8759534380692168,1.4842523480191256,9.17000869946135,422.48999902872686,-2430.2,359.8,-973.9249999999639,232.3000000000001,0.6101281743134811,1.1448467082963318
d5_si15_g0_li25,0.05,15,0,25,70238,16.030692787380268,71.1,1125963.8000000152,0.9485606082177739,0.8083917252769156,17.91436438941963,500.4564540016751,-11991.39999999998,371.1,-33.89999999996907,146.10000000000002,0.5084945088070707,1.2649942497223283
d5_si10_g0_li10,0.05,10,0,10,70668,15.52235523858062,76.1,1096933.8000000152,0.9488311541291674,0.8940000849040584,14.763937649145666,632.1028226692795,-24980.90000000004,1255.100000000006,-28.22500000001599,173.6,0.38982542317902796,1.2259229876590243
d5_si10_g0_li15,0.05,10,0,15,70379,15.503856263942579,71.1,1091145.9000000148,0.9485215760383069,0.8179168359880078,14.710369192712067,552.4418347721374,-12988.89999999998,493.6000000000001,-31.90000000001093,156.10000000000002,0.4455058844752631,1.2503684697042616
d10_si25_g10_li15,0.1,25,10,15,70069,15.529951904551487,129.8,1088168.200000018,0.8751088213047139,1.4381183119496497,9.170329098130319,412.03125221203857,-2430.2,334.8,-878.5999999999975,222.30000000000004,0.5983292343721391,1.1428057680990467
d20_si20_g10_li10,0.2,20,10,10,71066,15.105237384966076,262.29999999999995,1073468.799999999,0.7339093237272395,3.1989899248585822,3.5142036654685658,554.8832021102342,-1895.2,654.7999999999998,-1389.5750000000182,432.30000000000007,0.4321417710598823,1.0730184621341163
d15_si20_g10_li10,0.15,20,10,10,70804,15.138349528275317,194.8,1071855.7000000055,0.8000536692842213,2.2074609767809728,4.98513165355012,471.8065697979854,-1925.2,507.3000000000001,-1196.200000000022,312.29999999999995,0.5093482457728947,1.0965215949001792
d10_si25_g5_li10,0.1,25,5,10,70308,15.184003242874487,132.29999999999995,1067556.9000000195,0.8752346816862946,1.4534151021220914,8.656572119996623,412.67938301123996,-2435.2,347.3,-985.1750000000053,227.29999999999995,0.5840819504077333,1.1374759238401597
d10_si25_g10_li20,0.1,25,10,20,69995,15.165661832988327,127.3,1061520.500000018,0.8748910636474034,1.4015934709622115,9.365424384049339,407.1015720301223,-2430.2,307.29999999999995,-860.7000000000136,214.79999999999995,0.591369413943047,1.1432084665962579
d10_si25_g0_li25,0.1,25,0,25,70434,15.003292443990398,166.1,1056741.9000000197,0.8801857057671011,1.98934178095806,12.193404257564682,979.0777914825098,-29010.900000000045,1221.1,-924.7499999999822,361.0999999999999,0.24325940798146786,1.0951380967405633
d15_si25_g0_li15,0.15,25,0,15,70848,14.617396397922498,256.1,1035613.3000000131,0.8128952122854561,3.379626849028907,8.881056866981906,1354.5651288634126,-32990.900000000045,2366.1000000000004,-1462.3999999999855,611.1,0.17130514373984285,1.0579468375256513
d10_si25_g10_li25,0.1,25,10,25,69791,14.629727328738918,127.29999999999995,1021023.3000000179,0.879755269304065,1.3712726999183276,9.515852616068704,406.5897013789713,-2430.2,304.79999999999995,-865.450000000001,207.3,0.5711893852095048,1.1398815368791337
d5_si10_g0_li20,0.05,10,0,20,70528,14.467130784936671,66.1,1020337.8000000136,0.9482049682395645,0.7648495349364791,14.598314411954682,517.163921758511,-12493.89999999998,456.1000000000001,-37.90000000003274,143.60000000000005,0.44407309131044403,1.2497094723361784
d10_si25_g5_li15,0.1,25,5,15,70134,14.184599480993787,127.3,994822.7000000183,0.8746827501639718,1.3966650554652522,8.550895032898715,399.74087129966097,-2435.2,322.3,-862.2000000000437,214.79999999999993,0.5632987572936816,1.1332618717001204
d15_si15_g0_li10,0.15,15,0,10,71110,13.985648994515644,243.5999999999999,994519.5000000075,0.8110814231472366,3.2533242160033753,8.657417423569798,1376.9682386489494,-33425.90000000004,2551.0999999999995,-1176.4,603.6,0.1612348700198126,1.0575862019008742
d15_si10_g0_li10,0.15,10,0,10,71352,13.928701367866505,221.1,993840.7000000109,0.8087229510034757,3.0453757007512054,9.487675020424556,1366.3095640639112,-33450.90000000004,2771.1,-811.3999999999999,578.5999999999999,0.161831026619687,1.0616105583997222
d10_si25_g5_li20,0.1,25,5,20,70100,13.914636233951741,124.79999999999998,975416.0000000171,0.8743509272467903,1.3511925820256774,8.847892846952375,393.0909632143053,-2435.2,297.3,-840.6999999999928,202.3,0.5619259230677464,1.1354062410730754
d15_si25_g0_li25,0.15,25,0,25,70789,13.724920538501898,249.10000000002904,971573.4000000108,0.8114537569396375,3.2182514797496786,9.03717733502712,1269.4843668890633,-32155.90000000004,2196.1000000000004,-1482.4000000000144,563.6000000000001,0.17162587010654537,1.0571584042645061
d10_si25_g0_li20,0.1,25,0,20,70541,13.663140584908362,168.60000000000002,963811.6000000208,0.8803674458825363,2.0384184516805828,11.8399516532003,1035.7352333626288,-29470.90000000004,1266.1,-926.8999999999744,373.6,0.20941223751799104,1.0836895000273368
d15_si20_g5_li10,0.15,20,5,10,70680,13.61382993774763,189.8,962225.5000000024,0.7996887379739672,2.134726443123939,4.463590788455844,456.47267693353774,-1930.2,407.30000000000007,-1150.199999999982,297.3,0.47344093383688535,1.089142619417859
d20_si15_g0_li20,0.2,15,0,20,71102,13.459694523360852,291.1,957011.2000000033,0.7488678236899102,4.145605215043177,6.8422302980409215,1416.4601760327255,-34330.900000000045,3626.099999999999,-1143.9,708.6,0.1508450644822991,1.0482210911051577
d15_si25_g0_li20,0.15,25,0,20,70791,13.481743441963127,253.59999999999997,954386.1000000117,0.8118687403766015,3.2917291887386817,8.822602305738702,1310.5310412080557,-32575.90000000004,2166.1000000000004,-1470.4000000000146,586.1,0.16330482498513046,1.0547956346258849
d20_si20_g5_li10,0.2,20,5,10,70949,13.401298115547728,256.30000000001456,950808.6999999958,0.7328785465616147,3.093227910189009,3.1214676038059492,536.2989805529348,-1900.2,1219.8000000000002,-1300.7000000000035,412.3,0.39667987460227666,1.0666195592872003
d15_si20_g10_li15,0.15,20,10,15,70542,13.3501119900202,189.8,941743.6000000049,0.7989424739871283,2.120467466190355,4.652562865365615,463.9660944805965,-1925.2,452.3000000000001,-1208.1749999999777,292.3,0.45677143292114697,1.0880469681013323
d10_si25_g5_li25,0.1,25,5,25,69857,13.216379174599776,122.29999999999998,923256.6000000166,0.8802553788453555,1.3146082139227278,8.88505245108381,392.4086320360172,-2435.2,282.29999999999995,-843.8000000000166,194.80000000000004,0.5346557084735278,1.1306519069629246
d5_si10_g0_li25,0.05,10,0,25,70223,13.120427780072234,63.59999999999999,921355.8000000125,0.9478660837617305,0.7196741523432494,14.695881898507047,486.34251772881413,-11996.39999999998,421.1,-45.849999999969626,133.6,0.42825853470056674,1.2385188094591186
d15_si20_g10_li20,0.15,20,10,20,70649,13.03512717802097,187.3,920918.7000000034,0.8109810471485795,2.0500385992724595,4.983194184501212,462.3627038458456,-1925.2,409.80000000000007,-1210.4999999999993,279.80000000000007,0.44754091799724044,1.0874708771538035
d15_si20_g0_li15,0.15,20,0,15,70914,12.916016583467403,248.59999999999997,915926.4000000075,0.8117014975886285,3.2537658854387006,8.577265856262493,1340.0906122213378,-33005.900000000045,2691.1000000000004,-1425.075000000031,586.1,0.1530011515540565,1.0529886535523445
d20_si20_g0_li25,0.2,20,0,25,70969,12.336314447153034,308.59999999999997,875495.9000000037,0.7523707534275529,4.331199664642308,6.569307196383593,1401.8263487742404,-33915.90000000004,3271.1,-1488.9,723.6,0.13969841621595844,1.0420536462841208
d20_si20_g10_li15,0.2,20,10,15,70821,12.179343697490852,257.3,862553.2999999996,0.732169836630378,3.0754357182191723,2.9943933364920765,547.4756410743602,-1895.2,487.3,-1399.700000000007,404.80000000000007,0.35315011815657343,1.0606618366371703
d15_si20_g10_li25,0.15,20,10,25,70365,12.18747957080938,182.3,857572.000000002,0.809820223122291,1.9932369786115256,5.656479332016508,467.03312847596305,-1925.2,842.3,-1212.7000000000362,274.79999999999995,0.41425378313009414,1.081169081929537
d10_si25_g0_li15,0.1,25,0,15,70603,12.054095435038478,171.10000000000002,851055.3000000217,0.8807982663626192,2.0985982606971376,11.508674446505024,1105.050065383121,-29930.90000000004,1316.1,-926.5000000000061,391.1,0.17316213880260933,1.070825852509347
d10_si20_g10_li10,0.1,20,10,10,70492,11.858978323781653,119.8,835963.1000000163,0.8743829086988595,1.3044535691993417,7.5553175618219655,368.19994505266686,-1940.2,959.7999999999996,-856.7000000000327,194.8,0.5112859119554279,1.1176566600373996
d20_si10_g0_li20,0.2,10,0,20,71333,11.684883574222326,253.59999999999997,833517.8000000012,0.7396296244374974,3.673163024126281,7.460612946087981,1387.814713283304,-34360.90000000004,3606.099999999999,-753.9000000000001,646.1,0.13365745040847482,1.047391720858525
d10_si25_g0_li10,0.1,25,0,10,70697,11.61130175254993,176.10000000000002,820884.2000000223,0.88125380143429,2.1714512921340368,11.572916649894303,1164.2290443292,-30375.90000000004,1371.1,-917.3999999999742,411.1,0.15832254134843035,1.06560750348814
d20_si20_g10_li20,0.2,20,10,20,70831,11.056766105236376,254.80000000000004,783161.7999999977,0.7468481314678601,2.976799536925922,2.9916656138839057,547.314494106887,-1892.7,909.7999999999996,-1409.9499999999946,389.7999999999999,0.3206944497254698,1.0552925610538155
d15_si20_g5_li15,0.15,20,5,15,70655,10.723133536197054,182.30000000000004,757643.0000000028,0.7981317670370108,2.0253582902837732,3.725144432086409,446.5822160291889,-1930.2,354.80000000000007,-1168.7000000000216,274.79999999999995,0.38117162207273886,1.073092935219149
d10_si20_g10_li15,0.1,20,10,15,70162,10.702803511872741,114.80000000000004,750930.1000000152,0.8736353011601722,1.247686083635016,7.28844401406127,360.34953590816076,-1940.2,269.80000000000007,-828.1749999999602,182.3,0.47149148704585947,1.1104044292205149
d10_si20_g5_li10,0.1,20,5,10,70385,10.515528876891615,117.29999999999998,740135.5000000163,0.8740072458620445,1.2604809973715991,6.82929553030883,356.2719370641586,-1947.7,269.80000000000007,-851.1000000000158,187.2999999999999,0.4685433471157181,1.1069530203538003
d15_si20_g0_li20,0.15,20,0,20,70990,10.366199464713445,243.5999999999999,735896.5000000075,0.8104099168897028,3.144039512607409,8.18606168919727,1299.4354347702067,-32595.900000000045,2596.1,-1435.399999999978,556.1,0.12663831579768836,1.0436758981063223
d10_si20_g10_li20,0.1,20,10,20,70222,10.439315314289166,112.30000000000004,733069.6000000138,0.8811483580644243,1.2022714533906753,7.683415207380517,358.3444090825005,-1940.2,244.8000000000001,-827.650000000035,174.79999999999995,0.4624573144609335,1.1107241872087001
d20_si20_g10_li25,0.2,20,10,25,70669,10.296688788577704,252.29999999999995,727656.6999999977,0.7456734919130029,2.8974831538581274,3.412097730021603,553.0318159239487,-1910.2000000000005,977.3,-1418.1999999999746,382.30000000000007,0.2955614170207145,1.0511190156132748
d10_si20_g0_li25,0.1,20,0,25,70527,10.03536517929329,158.6,707764.2000000179,0.8794504232421626,1.8888365023324403,11.037516399836722,990.8888353237229,-29025.90000000004,1201.1,-936.8999999999744,338.59999999999997,0.16077129724518255,1.0652511557174538
d10_si20_g10_li25,0.1,20,10,25,69929,9.775496575097794,109.79999999999998,683590.7000000136,0.8803929700124412,1.1659335468832672,8.164945615233739,361.87598758515867,-1940.2,709.8000000000003,-832.1999999999891,169.79999999999998,0.42882424532994556,1.1029765183078148
d5_si25_g10_li10,0.05,25,10,10,69600,9.64267241379332,54.8,671130.0000000151,0.946551724137931,0.6015905172413792,15.431300823948353,271.1178310775196,-2482.7000000000003,164.8,-57.20000000000728,102.3,0.5645983463256343,1.204915836666393
d5_si25_g10_li20,0.05,25,10,20,69334,9.584867453197784,52.29999999999999,664557.2000000152,0.9462168632993914,0.5605371390659705,17.48110993854044,256.09647574255564,-2482.7000000000003,152.3,-61.87500000001196,94.79999999999998,0.5941317753119963,1.2218565622644084
d10_si20_g0_li10,0.1,20,0,10,70899,9.355292740377447,171.1,663280.9000000206,0.8807176405873144,2.1128096164967065,10.92033530690568,1163.048058405337,-30385.900000000045,1486.1,-922.8999999999965,398.6,0.1276909127926356,1.053748129143758
d20_si20_g5_li15,0.2,20,5,15,70963,9.342113495765341,249.8,662944.399999996,0.7296619365021209,2.9380765187492073,2.2352194290627034,526.5418625673574,-1900.2,1554.8000000000002,-1313.7000000000398,379.80000000000007,0.28165178254604745,1.0481934525005112
d5_si25_g10_li25,0.05,25,10,25,68962,9.610990110495855,49.80000000000002,662793.1000000152,0.9491749079203039,0.545297424668658,18.208432297025354,255.26694809459056,-2482.7000000000003,147.29999999999998,-10.699999999956344,92.29999999999998,0.5976870066872261,1.2290870674718275
d15_si15_g0_li15,0.15,15,0,15,71089,9.219751297669179,233.5999999999999,655422.9000000042,0.80885931719394,3.0679750594325426,7.842368054632758,1328.4816077510495,-33020.90000000004,2451.099999999999,-1166.4,556.1000000000001,0.11017014736752988,1.039655471218322
d10_si20_g5_li15,0.1,20,5,15,70330,9.285994596900544,112.29999999999998,653084.0000000153,0.8735248116024457,1.1911999146878998,6.482666463364482,345.98812004468397,-1947.7,239.80000000000007,-783.7000000000036,172.29999999999995,0.42605680870398677,1.0993419858251314
d5_si25_g10_li15,0.05,25,10,15,69280,9.362781466512919,54.79999999999998,648653.500000015,0.946290415704388,0.578589997113164,16.333722659128092,261.5915525030756,-2482.7000000000003,152.29999999999998,-62.22500000000586,97.29999999999998,0.5681741119667056,1.2074450048238397
d15_si20_g5_li20,0.15,20,5,20,70574,9.080691189389881,179.79999999999995,640860.7000000015,0.811602006404625,1.9386484682744354,3.5379978045625786,445.8873713480197,-1930.2,334.7999999999999,-1179.1999999999846,259.8,0.3232912905391393,1.0629106060857871
d10_si20_g0_li20,0.1,20,0,20,70772,9.052297518793004,161.10000000000002,640649.2000000185,0.8800796925337704,1.9519872548465493,10.91092471129456,1058.5494478443031,-29485.900000000045,1913.5999999999997,-931.6249999999884,356.09999999999997,0.13575253235793688,1.0564605241429186
d5_si25_g5_li10,0.05,25,5,10,69714,9.144435837851997,54.79999999999998,637495.2000000142,0.9465530596436871,0.5863868376509739,14.866553407229803,263.75828119904594,-2470.2,162.29999999999998,-57.699999999963616,99.79999999999998,0.5503653495986718,1.198218125344888
d15_si20_g5_li25,0.15,20,5,25,70583,8.858144312369845,172.30000000000004,625234.4000000007,0.8110876556677954,1.8685247722539422,4.854894092972397,450.3614476107323,-1930.2,812.3000000000001,-1179.1499999999842,254.79999999999995,0.3122351664742278,1.0611763352622354
d5_si25_g5_li20,0.05,25,5,20,69401,8.607654068385385,49.8,597379.8000000141,0.9461102865952941,0.5364518955058284,16.992312730207097,246.33109635766385,-2470.2,142.29999999999998,-65.19999999996364,89.8,0.55470979604348,1.2054380330104817
d5_si25_g5_li15,0.05,25,5,15,69412,8.592571889587019,52.29999999999999,596427.6000000142,0.9462052671007894,0.5586602604736932,15.781367339799196,252.94382978025521,-2470.2,144.79999999999998,-62.200000000007286,94.79999999999995,0.5392614248477596,1.1951757241432086
d20_si15_g0_li25,0.2,15,0,25,71048,8.366214390271415,286.09999999999997,594402.8000000034,0.7455100776939534,3.980805624366625,6.131627739598807,1373.7668071638145,-33960.900000000045,3451.100000000001,-1138.9,663.6,0.09667545864238616,1.0307900282052735
d5_si25_g5_li25,0.05,25,5,25,69159,8.588646452378061,49.79999999999997,593982.2000000143,0.9494787374022181,0.5178296678667996,17.85314697230309,244.89802495962888,-2470.2,137.29999999999998,-7.30000000003664,84.80000000000001,0.5567237044576924,1.212645154804769
d15_si20_g0_li25,0.15,20,0,25,70782,8.290337939024141,238.59999999999997,586806.7000000067,0.8091322652651805,3.0502525642112404,7.941293805018721,1257.406049673686,-32180.90000000004,2331.0999999999995,-1447.8749999999811,528.5999999999999,0.10466391096352934,1.0357869081056
d10_si20_g5_li20,0.1,20,5,20,70239,8.349039707285328,107.3,586428.2000000142,0.8820598243141274,1.1350513532368058,6.437286628475506,344.27134205399864,-1947.7,224.8,-789.1999999999637,162.29999999999993,0.38497801100532675,1.092107967587473
d10_si20_g5_li25,0.1,20,5,25,70154,7.938089061208381,104.79999999999998,556888.7000000128,0.8815463123984377,1.0898668215639877,7.530942100087546,347.89806932524505,-1947.7,694.8000000000001,-792.0500000000148,157.29999999999993,0.3622131548204406,1.0872185913903862
d10_si20_g0_li15,0.1,20,0,15,70679,7.745021859392743,166.1,547410.4000000197,0.8800916821120842,2.0226169583610405,10.663647494636233,1118.097948183753,-29930.90000000004,1992.6000000000056,-929.3999999999744,376.0999999999999,0.10996211077213042,1.0462134051279377
d5_si20_g10_li10,0.05,20,10,10,69980,7.658731066019054,49.79999999999998,535958.0000000134,0.9464418405258646,0.5179164046870534,14.404461927102062,229.83799546023812,-1975.2,137.29999999999998,-57.1999999999709,84.80000000000001,0.5289751431681764,1.1861120306514474
d15_si10_g0_li15,0.15,10,0,15,71145,7.518033593365766,206.1,534870.5000000075,0.8052709255745308,2.785932883547684,8.342537959120842,1309.2735722391842,-33055.900000000045,2426.1,-793.9,518.6,0.09115366409904756,1.0355207336208399
d15_si15_g10_li10,0.15,15,10,10,70715,7.088757689316249,164.80000000000007,501281.49999999854,0.7958848900516157,1.8038703952485327,2.277295159433882,389.19870866211187,-1437.6999999999998,297.3,-1096.6999999999598,237.3,0.28913389792272126,1.0533393847163752
d5_si20_g10_li20,0.05,20,10,20,69626,7.074380260247801,44.8,492560.8000000134,0.9498175968747307,0.46795590727601755,16.31883188887052,220.16940331898678,-1975.2,122.29999999999998,-3.1999999999563338,74.80000000000007,0.5100722598063009,1.1901671364727342
d5_si20_g5_li10,0.05,20,5,10,69750,6.986982078853223,47.29999999999999,487342.0000000123,0.9461075268817204,0.4988795698924731,12.897588245761762,220.8511867038053,-1972.7,127.3,-64.70000000000728,82.29999999999998,0.502215558034641,1.1745830491782083
d5_si20_g10_li15,0.05,20,10,15,69503,7.010314662676624,47.29999999999999,487237.9000000134,0.9458009006805461,0.4901316346057005,15.079899058851888,222.9037590758087,-1975.2,127.29999999999995,-67.6499999999678,79.80000000000001,0.49925266276314484,1.1791632703858081
d5_si20_g10_li25,0.05,20,10,25,69209,6.980171653975833,42.3,483090.7000000134,0.9495007874698378,0.4495175049487783,17.020640342045336,223.12997034603424,-1975.2,587.3000000000001,-8.199999999967266,74.79999999999998,0.49660200132655163,1.1864692727963717
d15_si15_g0_li20,0.15,15,0,20,70910,6.445903257650599,226.09999999999997,457079.00000000396,0.8076011846001975,2.924460724862502,7.466008660863118,1280.5288782380464,-32615.90000000004,2116.1000000000004,-1166.4,518.5999999999999,0.07990881245126089,1.028837731393522
d20_si10_g0_li25,0.2,10,0,25,71115,6.2641566476833175,246.1,445475.4999999991,0.736890951276102,3.4666830485832807,6.7739667799812535,1342.8240764591199,-33990.90000000004,3461.099999999999,-746.4000000000001,588.6000000000001,0.07405318814520076,1.0264841623816592
d20_si20_g5_li20,0.2,20,5,20,70826,6.283233558297746,247.3,445016.29999999615,0.7473667862084545,2.8152214299833394,1.5681023285577278,527.6430801460201,-1900.2,1294.8000000000002,-1327.6999999999634,359.8000000000001,0.18903543759153402,1.032430106334569
d5_si20_g5_li15,0.05,20,5,15,69719,6.382151206988223,44.79999999999999,444957.20000001194,0.9459831609747702,0.46464825944147214,13.620499037403158,211.53975390519358,-1977.7,124.79999999999998,-65.34999999998678,74.8,0.47893366456886066,1.1707773596677704
d10_si15_g10_li10,0.1,15,10,10,70447,6.1157905943477004,99.80000000000004,430839.10000001243,0.8725140886056184,1.0587360852839725,4.23831281698547,303.51396532255586,-1465.1999999999998,202.3,-764.7000000000073,147.30000000000004,0.3198705067688579,1.0718301344148644
d5_si20_g5_li20,0.05,20,5,20,69468,5.949421316289688,42.29999999999999,413294.400000012,0.9499481775781655,0.43742750618990034,14.469763623443175,209.30542672542077,-1977.7,114.8,-0.6999999999745445,69.8,0.45122640613514425,1.1678824054945995
d5_si20_g5_li25,0.05,20,5,25,69388,5.872346803482039,39.8,407470.4000000118,0.9499048826886494,0.41514993947080187,15.18532921984022,211.8045385478186,-1987.7000000000005,582.3000000000001,-3.1999999999745357,67.3,0.44012567513979495,1.1655891549633757
d20_si15_g10_li10,0.2,15,10,10,70987,5.678583402594786,227.3,403105.5999999961,0.7242171101751025,2.613946581768493,1.3945004111376529,455.63017953248897,-1410.2,469.80000000000007,-1175.1999999999998,327.3000000000001,0.19784623790049194,1.0325535715847491
d20_si20_g5_li25,0.2,20,5,25,70758,5.518674920150299,239.8,390490.39999999484,0.7463608355238983,2.7173264365866756,2.317782639027777,533.875939312556,-1940.2,2229.8,-1334.1999999999991,354.80000000000007,0.16409476805560394,1.0282914785695942
d10_si15_g0_li10,0.1,15,0,10,70843,5.233739395565084,163.6,370773.8000000172,0.8801998786048022,2.02725248789577,10.088961532605149,1180.3385500420218,-30705.90000000004,1716.0999999999997,-930.399999999978,386.1,0.07038915843472403,1.0306669664764716
d10_si15_g10_li15,0.1,15,10,15,70314,4.810254003470309,94.8,338228.2000000113,0.8824985066985238,0.9895045367921039,3.792300886006387,300.93604603958215,-1465.1999999999998,182.3,-771.7000000000326,137.29999999999998,0.25374299962513597,1.0589651512933251
d10_si15_g0_li15,0.1,15,0,15,70821,4.5222899987294305,156.1,320273.100000017,0.8790754154841078,1.9096148176388361,9.636594871241229,1113.1269040942077,-29945.90000000004,1426.1,-934.3999999999744,356.1,0.06449321087727507,1.0280774228031562
d5_si15_g10_li10,0.05,15,10,10,69845,4.5085045457801,39.79999999999999,314896.50000001106,0.9457942587157276,0.40788438685661105,10.749655878860082,184.50935638889598,-1480.2,99.79999999999998,-69.7000000000073,64.8,0.3878951847123639,1.1330208807508038
d15_si15_g5_li10,0.15,15,5,10,70908,4.377727477858569,157.3,310415.8999999954,0.7938737519038754,1.701765089975743,1.0004552861343023,370.9005690558531,-1435.1999999999998,279.7999999999999,-978.200000000011,219.8,0.18736630537145862,1.034351168057502
d10_si15_g0_li25,0.1,15,0,25,70722,4.38456491615077,146.1,310085.20000001474,0.8784536636407342,1.7498160685500976,9.559801589358912,1010.3656631921538,-29045.90000000004,1668.5999999999992,-947.8250000000291,313.59999999999997,0.06888873284966832,1.0297658582250657
d15_si15_g10_li15,0.15,15,10,15,70619,4.1690366615216625,159.79999999999995,294413.19999999827,0.8109573910703918,1.6947806114501762,1.4410582004772163,388.15353047045704,-1438.1999999999928,282.30000000000007,-1111.199999999991,219.80000000000004,0.17050316455545125,1.0320621681962123
d10_si10_g0_li10,0.1,10,0,10,71114,4.133875186320774,151.1,293976.4000000155,0.8791658463874905,1.9050159462271845,10.08775296296143,1174.8103759606108,-30725.900000000045,1501.1,-783.9,368.6,0.055858575568210354,1.0257191210472434
d10_si15_g10_li20,0.1,15,10,20,70283,3.900024187926101,89.8,274105.40000001015,0.8816356729223283,0.9336700766899534,7.222621304459015,306.3846435861586,-1482.6999999999998,662.3000000000001,-777.2000000000254,132.29999999999998,0.20206941159217914,1.0473963654188148
d10_si15_g5_li10,0.1,15,5,10,70566,3.8758934897827757,94.8,273506.30000001134,0.8713261343990023,0.9969382280418332,2.6178266892634916,290.37954232089214,-1467.7,187.30000000000007,-705.700000000029,137.3,0.21188786648352725,1.0472924036662117
d5_si15_g10_li15,0.05,15,10,15,69741,3.8716006366414413,34.80000000000001,270009.30000001076,0.9510044306792275,0.3737527853056308,10.905072481282513,181.2203118773952,-1482.7,97.29999999999995,4.799999999999992,59.79999999999998,0.33914385272361874,1.122812366360874
d5_si15_g5_li10,0.05,15,5,10,69939,3.586556856689566,37.3,250840.20000001154,0.9455382547648665,0.38202893950442524,8.083211787027187,174.89560778546644,-1485.2,92.29999999999998,-74.70000000000728,59.8,0.32553604836436545,1.1108046703486438
d10_si15_g0_li20,0.1,15,0,20,70722,3.48941913407449,151.1,246778.70000001608,0.8786233421000538,1.822496776109273,9.464252768768006,1068.5157697635232,-29490.90000000004,1997.600000000004,-935.3499999999605,333.5999999999999,0.051840892816441886,1.022610882393373
d5_si15_g10_li20,0.05,15,10,20,69546,3.48463319241956,32.300000000000004,242342.30000001073,0.9507520202455928,0.34655024012883556,11.076711985093084,184.9976318688245,-1490.2,567.3,2.3000000000000007,54.8,0.29901375745048847,1.1099383377620868
d15_si10_g0_li20,0.15,10,0,20,71197,3.4003848476762193,196.1,242097.2000000038,0.8035170021208758,2.6062101212129725,7.405546034453443,1262.7958695819334,-32650.90000000004,2561.1,-788.9,473.6,0.04274597131130293,1.01689897134332
d5_si15_g10_li25,0.05,15,10,25,69234,3.4170017621401407,32.299999999999976,236572.70000001052,0.9505011988329434,0.3252044804575786,10.809205626756928,193.5796900472427,-1482.7,1064.8000000000002,2.2999999999999785,52.30000000000001,0.28021132454192804,1.1074099438943075
d15_si15_g0_li25,0.15,15,0,25,70898,3.2966063922819204,221.0999999999999,233722.8000000036,0.8059183615898897,2.810248920985077,6.9066517299540715,1241.709871063223,-32205.90000000004,2271.099999999999,-1171.4,486.1000000000001,0.04214511402881347,1.0151636448250063
d20_si15_g5_li10,0.2,15,5,10,71106,2.7146274575984553,217.3,193026.29999999577,0.7211487075633561,2.4649285995555927,0.3537819360654998,433.9263451945254,-1415.2,1359.8000000000004,-1122.200000000007,304.79999999999995,0.09931034473290602,1.0162787577889882
d5_si15_g5_li15,0.05,15,5,15,69735,2.698795439879696,32.300000000000004,188200.5000000106,0.9513587151358716,0.33945801964580197,7.154812019343661,170.4157638441737,-1485.2,82.3,4.799999999999992,52.30000000000001,0.2513972209713848,1.091571663345708
d10_si15_g10_li25,0.1,15,10,25,69985,2.602914910338058,84.80000000000001,182165.000000009,0.8810030720868758,0.8911942559119811,3.6744232213299393,315.36410079377055,-1492.7,1154.8000000000002,-781.2000000000035,127.29999999999995,0.13102313521322378,1.0314337424025146
d15_si15_g10_li20,0.15,15,10,20,70577,2.5450869263357347,149.8,179624.59999999715,0.8096547033736203,1.608474375504768,4.285953613604953,395.5989337326674,-1462.7,757.3000000000001,-1118.7000000000398,214.8,0.10212869395664007,1.0193361633035283
d10_si15_g5_li15,0.1,15,5,15,70423,2.4005069366543683,87.3,169050.9000000106,0.8834187694361217,0.9094057197222498,1.9149301409623205,285.9184668523521,-1467.7,164.79999999999998,-711.1500000000386,124.79999999999998,0.1332787863223818,1.0311279126677522
d5_si15_g5_li20,0.05,15,5,20,69710,2.269279873762874,29.799999999999997,158191.50000000995,0.9513269258356046,0.30561906469660016,4.5463132146375465,174.64527328533904,-1497.7,559.8000000000001,2.3000000000000007,49.8,0.2062678280919027,1.0769768618087978
d5_si15_g5_li25,0.05,15,5,25,68918,1.9875417162426336,27.299999999999997,136977.40000000983,0.9507530688644477,0.2807331031080414,5.909022587473295,185.72012417312197,-1490.2,1054.8,2.2999999999999727,47.3,0.16988598704498006,1.0666553512299604
d15_si15_g5_li15,0.15,15,5,15,70694,1.713323620109128,147.3,121121.69999999469,0.8130392961213115,1.5619661781763658,0.13209485921904543,366.9669800805965,-1435.6999999999923,259.79999999999995,-986.0500000000058,199.8,0.07411612150803441,1.0140025274484754
d20_si15_g10_li15,0.2,15,10,15,70909,1.440017487201847,222.29999999999995,102110.19999999576,0.7453496735252225,2.45923129645038,0.17742945712402744,456.0658699991226,-1417.7,544.8000000000002,-1195.2,307.3,0.05012339320275232,1.0083043898817121
d15_si15_g10_li25,0.15,15,10,25,70274,1.1044084583202436,144.79999999999998,77611.1999999968,0.8087770726015312,1.546049776588781,4.195063375097453,406.17900525467957,-1477.6999999999998,1257.3,-1118.6999999999853,207.79999999999265,0.043163089506108004,1.0083389450130877
d10_si15_g5_li20,0.1,15,5,20,70341,1.0532377987234909,79.80000000000003,74085.80000000907,0.883012752164456,0.8416452424617221,3.239963966018231,292.8332998595157,-1497.6999999999996,639.8,-719.1999999999963,117.3,0.057096073872178674,1.0135033359176873
d10_si10_g0_li15,0.1,10,0,15,70860,0.20004939316981618,138.60000000000002,14175.500000013175,0.8779283093423652,1.745346951735817,8.894977397537108,1125.5576887064803,-30285.900000000045,2086.1,-791.4,333.59999999999997,0.0028214330526140164,1.0013249736907375
d5_si10_g10_li10,0.05,10,10,10,70079,0.19730161674693197,24.800000000000004,13826.700000008246,0.9526106251516147,0.258006207280355,-1.9282763663082556,135.6935837247149,-995.2,64.80000000000001,4.79999999999998,39.8,0.02308190248298148,1.0081233077543805
d10_si10_g0_li20,0.1,10,0,20,70923,-0.14957348109904078,131.10000000000002,-10608.19999998727,0.8770920575835766,1.6303466858423925,8.353950233850336,1059.1452805110227,-29510.900000000045,1351.1,-798.9,306.09999999999997,-0.0022418127578910365,0.998941339804426
d15_si10_g0_li25,0.15,10,0,25,70941,-0.19337054735620354,190.5999999999709,-13717.899999996436,0.8021736372478538,2.4571587798311274,6.764651831085898,1216.9329334104013,-32245.90000000004,2461.1,-788.9,433.6,-0.0025224580507745187,0.9989967310218897
d5_si10_g10_li25,0.05,10,10,25,63966,-0.5734640277646489,17.299999999999986,-36682.19999999353,0.9489103586280211,0.1742272144576806,-31.12356186607616,180.86029851203003,-997.7,1534.8,-18.70000000000364,32.300000000000004,-0.05033420432641098,0.9781845767904158
d5_si10_g10_li15,0.05,10,10,15,69199,-0.6068700414744853,19.80000000000002,-41994.79999999291,0.9520946834491828,0.21753640948568617,-7.134191215318561,142.50860114883804,-995.2,547.3000000000001,2.2999999999999896,37.3,-0.0676012757798388,0.9753404467337647
d10_si15_g5_li25,0.1,15,5,25,69960,-0.6760934819896015,74.80000000000001,-47299.49999999252,0.8820182961692395,0.7895348056032018,-1.5668921293239608,304.22775267439164,-1472.7,1137.3000000000002,-727.19999999999,112.30000000000004,-0.035278343950902465,0.9914162670319048
d5_si10_g5_li25,0.05,10,5,25,56250,-0.9150488888887949,12.3,-51471.49999999471,0.9494222222222222,0.13186888888888887,-45.71690927324053,181.96133278316702,-997.7,1534.8000000000002,-16.974999999982234,27.3,-0.07982987683489935,0.9629312083195335
d5_si10_g10_li20,0.05,10,10,20,67239,-0.8281473549575944,17.300000000000004,-55683.79999999369,0.9508767233302101,0.19051922247505165,-17.764377519540872,158.83717683302658,-997.6999999999998,1039.8000000000002,2.2999999999999727,34.8,-0.08276671723158498,0.9672111976482269
d10_si10_g10_li10,0.1,10,10,10,70668,-1.1053885775739112,69.79999999999998,-78115.59999999315,0.8846436859681893,0.71505085753099,-2.2228973647998935,227.03481465609897,-975.2,137.3,-647.5249999999969,94.8,-0.07728990682196503,0.9826543008165921
d5_si10_g5_li10,0.05,10,5,10,69818,-1.1558924632615022,22.299999999999994,-80702.09999999157,0.9541092554928529,0.22079963619696924,-8.150699623687853,126.1129645385297,-995.2,54.8,4.7999999999999865,34.800000000000004,-0.14549831627450788,0.947799934450848
d20_si15_g5_li15,0.2,15,5,15,70975,-1.4319478689680372,207.29999999999995,-101632.50000000643,0.7486861570975696,2.2646998943289893,-1.045439144043661,432.39572597867283,-1415.2,369.8,-1141.6999999999962,279.80000000000007,-0.05257098149788645,0.9912450437252055
d15_si15_g5_li20,0.15,15,5,20,70537,-1.4808384252237228,137.29999999999998,-104453.90000000573,0.8103973800983881,1.4563810624211406,-0.25117990796002365,376.84677051203437,-1480.2,734.8,-999.7000000000072,194.8,-0.06237968073369021,0.9881517624409187
d20_si15_g10_li20,0.2,15,10,20,70812,-1.5310455854940386,209.80000000000004,-108416.40000000386,0.742487149070779,2.3382361181720612,0.8288322807319927,466.41904191179026,-1490.1999999999998,849.8,-1207.7,304.79999999999995,-0.052108925680010194,0.9913347359506381
d10_si10_g0_li25,0.1,10,0,25,70730,-1.6776049766716836,126.1,-118656.99999998818,0.8761911494415382,1.539289975964937,7.950941048312478,1016.3477557950087,-29055.90000000004,1171.1,-805.8999999999891,281.1,-0.02620279648085028,0.9875564094511692
d15_si10_g10_li10,0.15,10,10,10,71020,-2.067565474514298,117.29999999999998,-146838.50000000547,0.813939735285835,1.2346456631934666,-2.039463706534509,288.0675603017024,-962.7,204.79999999999995,-847.7,157.29999999999998,-0.113937106819919,0.9793825435559793
d5_si10_g5_li20,0.05,10,5,20,62951,-2.3575987672951095,12.300000000000017,-148413.19999999445,0.9502946736350495,0.1446577179075789,-64.03784629243007,158.60669450530867,-997.7,1039.8000000000002,2.2999999999999505,27.30000000000002,-0.23596557695084636,0.9030799611283368
d5_si10_g5_li15,0.05,10,5,15,68055,-2.190544412607349,17.299999999999994,-149077.49999999313,0.9529057380060245,0.17254007787818673,-23.74559257420811,135.97594855998935,-997.7,539.8000000000002,2.299999999999984,29.800000000000015,-0.2557350390114415,0.9041161045581672
d10_si10_g5_li10,0.1,10,5,10,70584,-3.0238623484075164,59.80000000000001,-213436.29999999615,0.8876799274623144,0.6268702113793494,-5.691625253272588,211.07284516154564,-980.2,694.7999999999998,-552.2000000000072,84.79999999999997,-0.2274206641784234,0.9479561777763329
d10_si10_g10_li15,0.1,10,10,15,70163,-3.207375682339611,59.80000000000001,-225039.09999999413,0.8835426079272551,0.630901600558699,-3.0494631613871666,235.81943234711696,-982.6999999999998,609.8000000000001,-656.2000000000218,89.80000000000001,-0.21590888415342563,0.9504683689615927
d20_si15_g10_li25,0.2,15,10,25,70355,-3.5489517447232535,202.29999999999995,-249686.5000000045,0.7401037595053657,2.2539167791912442,0.721373757371402,479.5658326847169,-1460.1999999999998,1339.8000000000002,-1215.1999999999998,294.80000000000007,-0.1174768062054111,0.9801143672863094
d15_si15_g5_li25,0.15,15,5,25,70157,-3.962297418646847,129.79999999999993,-277982.90000000683,0.8091708596433713,1.3779011502772351,-6.437024406204324,391.34165511194266,-1497.7,1224.8000000000002,-1009.1999999999709,189.79999999999995,-0.160727897783547,0.9687236328506479
d15_si10_g5_li10,0.15,10,5,10,70921,-4.135322400981463,102.3,-293281.2000000063,0.8213364165761904,1.0860352786903738,-3.9058653766947686,267.5487169828388,-967.7,184.8,-786.7000000000145,139.79999999999995,-0.2453616998232122,0.9546675493227186
d10_si10_g10_li20,0.1,10,10,20,69107,-4.340687629328366,54.79999999999999,-299971.8999999954,0.8821103506157119,0.5740396920717149,-12.003763341439102,253.7883282188229,-997.7,1099.8000000000002,-671.2000000000219,87.29999999999998,-0.2715108310965801,0.9341623494338449
d20_si10_g10_li10,0.2,10,10,10,71235,-4.374899978943057,164.79999999999987,-311646.0000000087,0.7475398329472871,1.7876251842493156,-2.5940586155150145,336.00578262769335,-935.2,1272.3000000000004,-807.7,219.8,-0.2066910384317484,0.9670063623962428
d10_si10_g10_li25,0.1,10,10,25,67522,-4.880489321998713,49.8,-329540.3999999971,0.8796392286958324,0.5357906460116703,-22.444321243830156,276.1755002095948,-997.7,1599.8000000000002,-689.19999999996,84.79999999999998,-0.2805294679473431,0.9275965548006897
d15_si10_g10_li15,0.15,10,10,15,70372,-5.545861990564513,102.30000000000004,-390273.4000000059,0.8119706701529017,1.1025515261751833,-4.105255463301009,299.8689498160436,-990.2,682.3000000000001,-860.1999999999998,152.3,-0.2935876817160409,0.9459377318417107
d20_si15_g5_li20,0.2,15,5,20,70770,-5.9602727144271075,192.29999999999995,-421808.5000000064,0.7447364702557581,2.1162545570156843,-2.1993668068370416,445.2646162008781,-1495.2,827.3,-1158.7000000000037,279.79999999999995,-0.21249475626040454,0.96451963770721
d10_si10_g5_li15,0.1,10,5,15,69846,-6.190572115797567,49.8,-432386.6999999968,0.8853763995074879,0.5201705609483721,-16.003865605177136,223.11405740583552,-995.2000000000002,597.3000000000001,-569.3249999999672,77.30000000000003,-0.44045761568001296,0.8964530411712168
d20_si10_g5_li10,0.2,10,5,10,71151,-6.332773959607108,142.30000000000004,-450583.2000000053,0.7573892144874984,1.5691353318997625,-4.1784233658484595,311.1478838051248,-955.2,262.3,-807.6999999999864,194.80000000000013,-0.3230928933484247,0.9474217640284799
d10_si10_g5_li20,0.1,10,5,20,67156,-7.0350556912263755,42.30000000000002,-472446.1999999985,0.8815295729346596,0.45798868306629337,-24.441728300796257,246.56036644485238,-997.7,1092.3000000000002,-587.1999999999708,74.79999999999998,-0.45294403363010227,0.885919669560629
d10_si10_g5_li25,0.1,10,5,25,64366,-7.44427492775688,39.79999999999998,-479158.1999999994,0.8795171363763478,0.41952766988782897,-17.95857905040615,270.0310773942955,-997.7,1584.8000000000002,-595.0749999999654,72.29999999999998,-0.4376318534909665,0.8811398325071476
d15_si10_g10_li25,0.15,10,10,25,67565,-7.819322134241213,89.79999999999994,-528312.5000000076,0.8060386294679198,0.964824169318434,-6.2552219748031614,348.81529337131747,-995.2,1677.3,-872.6999999999998,144.79999999999998,-0.3558556436276863,0.927236252980188
d15_si10_g10_li20,0.15,10,10,20,69183,-8.062148215602189,94.79999999999998,-557763.6000000063,0.8082332364887328,1.0179218015986584,-21.8068644941896,322.79480737369505,-997.7,1179.8000000000002,-867.6999999999999,147.3,-0.3964829431732325,0.9237056564731193
d15_si10_g5_li15,0.15,10,5,15,70065,-8.977963319774625,84.80000000000004,-629041.0000000091,0.8170413187754229,0.9172835224434452,-11.124806572388932,284.0702915205986,-987.7,662.3000000000001,-804.1999999999964,134.80000000000004,-0.501709448675546,0.9052228851232487
d20_si10_g10_li15,0.2,10,10,15,70539,-9.100877528743117,144.79999999999998,-641966.8000000108,0.7429790612285403,1.6005475269000127,-9.549438715014954,352.7719452128616,-982.7,762.3000000000001,-825.1999999999999,222.29999999999995,-0.4095335637698975,0.933666930841615
d20_si15_g5_li25,0.2,15,5,25,70322,-9.566976195216379,179.8,-672768.9000000062,0.741787776229345,2.009016822615967,-11.573748761581358,463.56651638799053,-1487.7000000000005,1322.3,-1171.2000000000037,272.29999999999995,-0.32761434119929733,0.9441573346531223
d15_si10_g5_li20,0.15,10,5,20,67130,-10.473044838373449,77.29999999999994,-703055.5000000097,0.811693728586325,0.82703955012662,1.2515615886268734,312.1794482620744,-992.7,1162.3000000000002,-817.2000000000254,129.8,-0.5325604667358446,0.8932093365281104
d20_si10_g10_li20,0.2,10,10,20,69089,-11.838220266612797,132.30000000000004,-817890.8000000116,0.7376861729074092,1.4898822099031683,-26.737958905648515,379.594698099668,-997.6999999999998,1257.3,-835.2,214.79999999999995,-0.49506993034194247,0.9164093500714503
d20_si10_g10_li25,0.2,10,10,25,67378,-12.167162872154258,124.80000000000004,-819799.1000000095,0.735640713586037,1.4217180533705365,-9.598332618889447,408.0533045429389,-997.7,1752.3,-842.6999999999999,209.80000000000004,-0.473339440154703,0.9156394122808109
d15_si10_g5_li25,0.15,10,5,25,64231,-13.06021547227992,69.8,-838870.7000000115,0.8060282418147001,0.7764134607899611,-12.52921070010925,340.35292150034775,-997.7,1659.8,-829.7000000000071,127.29999999999995,-0.6091456254804384,0.8714234164054322
d20_si10_g5_li15,0.2,10,5,15,69993,-12.256469932707684,119.80000000000004,-857867.1000000089,0.7502178789307502,1.3343389910419612,-19.59948537971105,334.43816169007425,-995.2000000000002,732.3000000000002,-827.2000000000254,204.79999999999995,-0.5817680236539975,0.9034727686788698
d20_si10_g5_li20,0.2,10,5,20,66732,-13.432294851046102,107.30000000000004,-896363.9000000085,0.7448600371635797,1.2169298237727026,-18.186439449567548,366.2903215569481,-997.7,1227.3,-837.7,194.8000000000001,-0.5821367852970057,0.8975645481901521
d20_si10_g5_li25,0.2,10,5,25,63477,-16.753995935535862,99.80000000000004,-1063493.40000001,0.738519463742773,1.1603942530365328,1.1784120621868543,396.11946117737824,-997.7,1729.7999999999995,-846.3000000000239,189.79999999999995,-0.6714172524661548,0.8766281602223485
